No.,Object Name,RA-s,Dec-s,RA,Dec,Object Type,cz (Velocity),Redshift (z),z flag,Separation,Reference,Note,Photometry,Position,Redshift,Diameter,Distances,Classification,Images,Spectra
2,WISEA J233740.21+001641.0,23h37m40.2129s,+00d16m41.005s,354.4175538,0.2780572,G,81448.5803211548,0.27168322,SLS,0.127768269919326,15,0,39,12,6,4,0,0,0,1
3,WISEA J233741.62+001624.4,23h37m41.6280s,+00d16m24.485s,354.4234502,0.2734681,G,83411.0367408457,0.27822927,SLS,0.320759521610697,10,0,54,10,8,8,0,0,0,2
4,WISEA J233739.73+001617.0,23h37m39.7342s,+00d16m17.041s,354.4155595,0.2714004,G,83101.0603330474,0.2771953,SLS,0.382988183604975,37,0,71,15,14,10,1,0,1,2
5,WISEA J233739.18+001627.0,23h37m39.1827s,+00d16m27.047s,354.4132615,0.2741798,G,136132.75725322,0.45409,SLS,0.384439915108205,5,0,27,5,3,4,0,0,0,1
7,SDSS J233742.48+001637.9,23h37m42.4864s,+00d16m37.959s,354.427026878,0.2772108407,G,175126.76226528,0.58416,SLS,0.472740046709204,2,0,17,2,1,4,0,0,0,1
17,SDSS J233738.07+001602.3,23h37m38.0808s,+00d16m02.277s,354.40867,0.26729942,G,81860.5671086367,0.27305746,SLS,0.844107298587277,5,0,35,6,7,8,0,0,0,1
18,SDSS J233740.86+001544.8,23h37m40.8672s,+00d15m44.899s,354.42028,0.26247206,G,83042.0671731622,0.27699852,SLS,0.854292278628603,4,0,15,5,4,4,0,0,0,1
19,SDSS J233743.07+001713.9,23h37m43.0780s,+00d17m13.901s,354.4294918491,0.2871949823,G,241443.85189946,0.80537,SLS,0.88477854492425,2,0,19,2,1,3,0,0,0,1
20,WISEA J233739.46+001730.1,23h37m39.4611s,+00d17m30.194s,354.4144216,0.2917208,G,178862.17629196,0.59662,SLS,0.947052860058263,2,0,31,3,1,4,0,0,0,1
25,WISEA J233741.30+001743.9,23h37m41.3057s,+00d17m43.931s,354.4221072,0.2955364,QSO,228675.04955738,0.76277786,SLS,1.14584884861705,24,0,53,13,10,4,0,0,0,1
38,WISEA J233742.29+001814.1,23h37m42.2958s,+00d18m14.183s,354.4262328,0.3039398,G,35852.3599276948,0.1195906,SLS,1.69041813106458,21,0,63,9,8,10,1,0,1,1
41,SDSS J233735.27+001750.1,23h37m35.2751s,+00d17m50.111s,354.3969798801,0.2972532535,G,232111.31268192,0.77424,SLS,1.81597488394947,2,0,18,2,1,3,0,0,0,1
47,SDSS J233732.81+001634.1,23h37m32.8152s,+00d16m34.197s,354.38673,0.27616583333,G,81291.72291128,0.27116,SLS,1.94640533190871,4,0,5,3,2,0,0,0,0,1
52,SDSS J233747.75+001752.0,23h37m47.7576s,+00d17m52.093s,354.4489902823,0.2978036341,G,185370.67055514,0.61833,SLS,2.1932450609179,3,0,15,3,1,4,0,0,0,1
64,WISEA J233736.81+001907.7,23h37m36.8112s,+00d19m07.793s,354.4033802,0.3188314,G,133103.684236834,0.4439861,SLS,2.70137863196082,6,0,27,5,3,4,0,0,0,1
67,SDSS J233736.28+001908.4,23h37m36.2864s,+00d19m08.494s,354.4011935788,0.3190263346,G,172944.27317104,0.57688,SLS,2.76088829468906,2,0,15,1,1,4,0,0,0,1
69,SDSS J233748.10+001420.9,23h37m48.1044s,+00d14m20.940s,354.450435,0.23915,G,81963.2580172,0.2734,SUN,2.93030639951062,3,0,1,3,2,0,0,0,0,1
94,WISEA J233739.78+002047.2,23h37m39.7891s,+00d20m47.241s,354.4157882,0.3464559,G,81506.1164896941,0.27187514,SLS,4.19225733279402,2,0,36,7,2,4,0,0,0,1
97,WISEA J233723.61+001621.4,23h37m23.6120s,+00d16m21.403s,354.3483835,0.2726122,G,84177.8309002952,0.28078702,SLS,4.25389879449952,7,0,43,9,6,4,0,0,0,1
101,WISEA J233750.67+002014.7,23h37m50.6928s,+00d20m15.024s,354.46122,0.33750685,G,79612.88514648,0.26556,SLS,4.43755289586819,2,0,31,5,2,4,0,0,0,1
103,SDSS J233738.72+001205.7,23h37m38.7312s,+00d12m05.713s,354.41138,0.201587,G,79558.9734687579,0.26538017,SLS,4.52894146058134,4,0,15,4,3,4,0,0,0,1
109,WISEA J233754.61+001329.4,23h37m54.6129s,+00d13m29.412s,354.4775539,0.2248368,G,83281.0467310568,0.27779567,SLS,4.68436192258011,7,0,39,9,8,4,0,0,0,1
116,WISEA J233744.12+002128.2,23h37m44.1207s,+00d21m28.281s,354.4338365,0.357856,G,19993.9402831655,0.066692606,SLS,4.95023900765088,26,0,72,12,7,10,0,1,1,1
120,SDSS J233746.27+001139.0,23h37m46.2864s,+00d11m39.286s,354.44286,0.19424624,G,138523.301713727,0.462063998,SUN,5.14550087884336,10,0,38,9,9,8,0,0,0,1
124,SDSS J233740.84+001118.2,23h37m40.8443s,+00d11m18.259s,354.420184622,0.188405327,G,156176.8809951,0.52095,SLS,5.29603258382536,3,0,5,2,2,4,0,0,0,1
125,GALEXMSC J233801.45+001529.4,23h38m01.3790s,+00d15m27.680s,354.50574583333,0.25768888889,G,80551.23554002,0.26869,SLS,5.31803006459578,2,0,4,2,1,0,0,0,0,1
127,SDSS J233800.84+001837.1,23h38m00.8427s,+00d18m37.155s,354.5035115845,0.3103208285,G,210697.13740698,0.70281,SLS,5.4486119234616,2,0,19,2,1,4,0,0,0,1
132,WISEA J233803.82+001513.4,23h38m03.8234s,+00d15m13.444s,354.5159311,0.2537345,G,81770.5874002926,0.27275732,SLS,5.96662275463543,5,0,33,6,4,4,0,0,0,1
149,SDSS J233725.76+002205.5,23h37m25.7688s,+00d22m05.592s,354.3573703085,0.3682199907,G,143540.6288904,0.4788,SLS,6.6273988971013,2,0,15,1,1,4,0,0,0,1
157,WISEA J233724.51+002203.7,23h37m24.5041s,+00d22m01.758s,354.3521005861,0.3671552557,G,137829.5825655,0.45975,SLS,6.75789995606292,2,0,27,2,1,4,0,0,0,1
158,WIG S00J233714997+00141652,23h37m14.9969s,+00d14m16.519s,354.31248708333,0.23792194444,G,141696.9052737,0.47265,SLS,6.80978663907122,2,0,0,1,1,0,0,0,0,1
159,WISEA J233736.43+000950.5,23h37m36.4385s,+00d09m50.556s,354.4018272,0.1640435,QSO,340103.181466842,1.1344621,SLS,6.8370066524911,48,0,78,20,28,8,0,1,0,1
160,WISEA J233802.47+002044.0,23h38m02.4717s,+00d20m44.061s,354.5102988,0.3455726,*,13.1791591579679,4.3960943e-05,SLS,6.85494675841829,0,0,23,4,1,4,0,0,0,1
165,WISEA J233716.62+002012.4,23h37m16.6427s,+00d20m12.296s,354.3193446078,0.3367490588,G,143330.7741698,0.4781,SLS,6.9904603129727,2,0,31,3,1,4,0,0,0,1
166,WISEA J233712.63+001639.6,23h37m12.6337s,+00d16m39.687s,354.3026407,0.277691,G,63482.8937071921,0.21175614,SLS,6.99174232121383,8,0,64,10,6,8,0,0,0,1
169,SDSS J233721.77+002150.0,23h37m21.7769s,+00d21m50.056s,354.3407372491,0.3639045971,G,160592.82390144,0.53568,SLS,7.03854634783051,2,0,19,2,1,4,0,0,0,1
174,WISEA J233737.96+002354.3,23h37m37.9663s,+00d23m54.507s,354.4081932035,0.3984741865,G,139484.43693366,0.46527,SLS,7.33804740496275,2,0,31,3,1,4,0,0,0,1
177,WISEA J233715.38+001239.0,23h37m15.3878s,+00d12m39.051s,354.314116,0.2108476,*,31.3379996542803,0.000104532315,SLS,7.43796191170317,0,0,23,4,1,3,0,0,0,1
179,SDSS J233724.94+002300.1,23h37m24.9432s,+00d23m00.135s,354.35393,0.383371,G,2732.39450264745,0.009114287,SLS,7.5039557052006,1,0,16,4,2,4,0,0,0,1
180,SDSS J233754.12+002318.5,23h37m54.1278s,+00d23m18.571s,354.475532787,0.3884920189,G,101338.84457774,0.33803,SLS,7.51365521644802,2,0,15,1,1,3,0,0,0,1
181,WISEA J233726.14+002315.8,23h37m26.2224s,+00d23m15.925s,354.35926,0.387757,G,2737.9481579319,0.009132812,SLS,7.57278472707943,3,0,17,7,3,0,0,0,0,1
183,WISEA J233722.02+002239.0,23h37m22.0292s,+00d22m39.052s,354.3417884,0.3775145,QSO,413850.867006518,1.3804579,SLS,7.62672336035716,50,0,64,19,27,9,0,1,0,1
185,WISEA J233745.34+002411.0,23h37m45.3421s,+00d24m11.037s,354.4389258,0.403066,QSO,458320.07161677,1.5287912,SLS,7.67606236348818,30,0,43,14,14,4,0,0,0,1
186,GALEXMSC J233809.03+001946.7,23h38m08.9870s,+00d19m45.490s,354.53744583333,0.32930277778,G,307476.13869854,1.02563,SLS,7.76765874527333,2,0,4,2,1,0,0,0,0,1
189,SDSS J233709.65+001751.8,23h37m09.6505s,+00d17m51.809s,354.290210791,0.2977247477,G,90723.19363996,0.30262,SLS,7.83973543577081,2,0,15,1,1,4,0,0,0,1
194,WISEA J233810.16+001341.2,23h38m10.1665s,+00d13m41.288s,354.5423608,0.2281357,G,150909.047840107,0.5033784,SLS,7.9444554582221,9,0,47,6,5,8,0,0,0,1
199,UGC 12709,23h37m23.9112s,+00d23m30.671s,354.34963,0.39185317,G,2683.1424991,0.00895,S1L,8.07286638618596,93,2,77,29,21,13,2,18,10,3
207,GALEXASC J233707.85+001518.1,23h37m07.8161s,+00d15m17.240s,354.28256708333,0.25478888889,G,138770.93088362,0.46289,SLS,8.30033665754859,2,0,8,3,1,0,0,0,0,1
209,2MASX J23375274+0024211,23h37m52.7311s,+00d24m21.636s,354.469713,0.40601,G,26817.1938430187,0.08945253,SLS,8.3321282649884,19,0,80,14,9,10,0,0,1,1
210,SDSS J233721.65+002329.2,23h37m21.6600s,+00d23m29.338s,354.34025,0.391483,G,2652.90693074841,0.008849145,SLS,8.35927409475807,3,0,16,6,3,4,0,0,0,1
214,WISEA J233810.11+002051.3,23h38m10.1031s,+00d20m50.588s,354.542096634,0.3473857938,G,55209.77906528,0.18416,SLS,8.50912084319944,2,0,31,3,1,4,0,0,0,1
215,SDSS J233808.70+002130.9,23h38m08.7038s,+00d21m30.948s,354.5362661443,0.3585968607,G,109957.87774524,0.36678,SLS,8.5748452336784,2,0,15,1,1,4,0,0,0,1
216,WISEA J233809.81+001203.7,23h38m09.8132s,+00d12m03.765s,354.5408886,0.201046,G,34769.92927884,0.11598,SLS,8.59791223276429,15,0,48,8,6,6,1,0,1,1
218,WISEA J233722.04+002359.7,23h37m22.0400s,+00d23m59.752s,354.3418336,0.3999311,G,90987.011003,0.3035,SLS,8.7308355855131,1,0,12,3,2,0,0,0,0,1
219,WISEA J233811.52+002045.5,23h38m11.4900s,+00d20m45.430s,354.547875,0.34595277778,QSO,83587.8843118199,0.27881917,SLS,8.77025285969715,28,0,99,20,15,12,0,1,0,2
224,WISEA J233756.46+000830.4,23h37m56.4628s,+00d08m30.472s,354.4852617,0.1417978,G,21642.01754302,0.07219,SLS,9.0116151021686,12,0,62,9,4,8,0,0,0,1
225,WISEA J233708.14+001241.0,23h37m08.0650s,+00d12m41.288s,354.28360416667,0.21146888889,G,275203.48059484,0.91798,SLS,9.02548153147445,2,0,12,2,1,0,0,0,0,1
227,WISEA J233707.21+002007.1,23h37m07.2408s,+00d20m06.889s,354.28017,0.33524718,QSO,571028.18541321,1.904745,SLS,9.05009634333109,41,0,27,18,21,3,0,1,0,1
230,WISEA J233749.81+000742.3,23h37m49.8106s,+00d07m42.331s,354.4575443,0.1284253,G,52361.75071428,0.17466,SLS,9.18770876798976,6,0,56,9,6,8,0,0,0,2
231,SDSS J233708.78+002112.4,23h37m08.7806s,+00d21m12.495s,354.2865859779,0.353470854,G,108512.87809768,0.36196,SLS,9.19312209134863,2,0,9,2,1,3,0,0,0,1
233,WISEA J233732.27+000736.6,23h37m32.2746s,+00d07m36.656s,354.3844775,0.1268489,G,55491.4940380626,0.1850997,SLS,9.22687660136966,2,0,41,8,2,4,0,0,0,1
236,SDSS J233712.73+002244.5,23h37m12.7322s,+00d22m44.551s,354.3030508623,0.3790421605,G,90909.06496392,0.30324,SLS,9.28802352022771,2,0,15,1,1,4,0,0,0,1
241,SDSS J233748.94+002549.1,23h37m48.9498s,+00d25m49.109s,354.4539576909,0.4303082012,G,92722.80933482,0.30929,SLS,9.45187496594164,2,0,19,2,1,4,0,0,0,1
244,SDSS J233731.43+000722.2,23h37m31.4304s,+00d07m22.270s,354.38096,0.12285281,*,37.0590845296364,0.0001236158,SLS,9.50927655804656,0,0,5,2,1,4,0,0,0,1
252,SDSS J233750.08+002605.4,23h37m50.0838s,+00d26m05.438s,354.4586828611,0.4348439927,G,99024.44680198,0.33031,SLS,9.7823077731818,2,0,15,1,1,4,0,0,0,1
255,WISEA J233706.36+002132.3,23h37m06.3669s,+00d21m32.398s,354.276529,0.3589995,QSO,213664.767959099,0.71270895,SLS,9.8815374985384,27,0,44,15,15,5,0,0,0,1
256,SDSS J233744.28+002627.0,23h37m44.2863s,+00d26m27.026s,354.4345264106,0.4408407842,G,218257.90319774,0.72803,SLS,9.89346247007964,2,0,19,2,1,4,0,0,0,1
268,WISEA J233714.06+002421.5,23h37m14.0688s,+00d24m21.521s,354.3086202,0.4059781,G,19961.3660338491,0.06658395,SLS,10.2073234853786,20,0,69,9,8,10,0,0,1,1
269,WISEA J233753.55+002618.6,23h37m53.5589s,+00d26m18.646s,354.4731623,0.4385128,G,26707.3900585969,0.089086264,SLS,10.2369198662929,13,0,65,10,5,8,0,0,0,1
271,WIG S00J233750646+00063596,23h37m50.6460s,+00d06m35.960s,354.461025,0.10998888889,G,151811.90280662,0.50639,SLS,10.3112030848146,2,0,0,1,1,0,0,0,0,1
273,SDSS J233821.21+001831.9,23h38m21.2170s,+00d18m31.977s,354.5884041961,0.3088825052,G,143150.898695,0.4775,SLS,10.3364651725421,2,0,9,2,1,4,0,0,0,1
274,WISEA J233739.10+002656.3,23h37m39.1082s,+00d26m56.329s,354.412951,0.4489804,QSO,509706.087817997,1.7001965,SLS,10.3455477432629,56,0,74,22,27,10,0,2,0,2
282,WISEA J233723.45+002619.4,23h37m23.4565s,+00d26m19.472s,354.3477357,0.4387424,G,80344.378744,0.268,SLS,10.627067945177,7,0,56,11,3,4,0,0,0,1
285,WISEA J233717.62+000737.7,23h37m17.6198s,+00d07m37.812s,354.3234158633,0.1271701448,G,142104.62301658,0.47401,SLS,10.6518664893062,2,0,34,4,1,4,0,0,0,1
293,WISEA J233803.52+002555.5,23h38m03.4983s,+00d25m54.944s,354.5145762477,0.4319289824,G,180112.31084182,0.60079,SLS,10.934007629647,2,0,31,3,1,4,0,0,0,1
294,WIG S00J233809491+00245086,23h38m09.4910s,+00d24m50.860s,354.53954583333,0.41412777778,G,207810.13603644,0.69318,SLS,10.9631318802676,2,0,0,1,1,0,0,0,0,1
296,WISEA J233656.95+001814.1,23h36m56.9567s,+00d18m14.188s,354.2373196,0.3039413,G,81110.612291553,0.27055588,SLS,11.0327238280313,5,0,62,10,6,8,0,0,0,1
297,WISEA J233814.40+000929.4,23h38m14.4048s,+00d09m29.482s,354.5600203,0.1581895,G,85971.48318066,0.28677,SLS,11.0433110618702,2,0,31,5,2,4,0,0,0,1
298,WISEA J233744.62+002739.0,23h37m44.6274s,+00d27m39.082s,354.4359478,0.4608563,G,90771.7420306085,0.30278194,SLS,11.0971485047735,2,0,31,5,2,4,0,0,0,1
300,SDSS J233722.16+000627.5,23h37m22.1615s,+00d06m27.554s,354.3423398405,0.1076540779,G,215146.0574837,0.71765,SLS,11.1392606067178,2,0,19,2,1,4,0,0,0,1
301,SDSS J233814.26+002355.1,23h38m14.2677s,+00d23m55.194s,354.5594489764,0.3986651585,G,94458.60766664,0.31508,SLS,11.1545287196353,2,0,19,2,1,4,0,0,0,1
303,WIG S00J233705249+00094424,23h37m05.2490s,+00d09m44.240s,354.27187083333,0.16228888889,G,143729.49813894,0.47943,SLS,11.1893152411559,2,0,0,1,1,0,0,0,0,1
305,WISEA J233656.33+001438.0,23h36m56.3056s,+00d14m38.223s,354.2346068287,0.2439509,G,177881.8549543,0.59335,SLS,11.2461075702697,3,0,31,4,2,4,0,0,0,1
306,WISEA J233658.81+002044.1,23h36m58.7688s,+00d20m44.469s,354.24487,0.34568603,QSO,578842.725519667,1.9308115,SLS,11.2477321930041,28,0,18,10,15,4,0,1,0,1
308,WISEA J233713.50+000729.9,23h37m13.5168s,+00d07m30.272s,354.30632,0.1250757,QSO,405625.791108076,1.353022,SLS,11.3388907643126,25,0,26,12,15,4,0,0,0,1
311,SDSS J233818.50+002259.6,23h38m18.5009s,+00d22m59.647s,354.5770873473,0.3832354048,G,118747.7926138,0.3961,SLS,11.4307518311735,2,0,19,2,1,4,0,0,0,1
314,SDSS J233722.65+000557.6,23h37m22.6584s,+00d05m57.621s,354.3444103433,0.0993392803,G,140842.4967684,0.4698,SLS,11.5464438687137,2,0,15,1,1,3,0,0,0,1
317,WISEA J233817.03+002346.3,23h38m17.0390s,+00d23m46.310s,354.5709959,0.3961974,G,26937.9982118944,0.08985549,SLS,11.593970259876,19,0,72,10,7,10,0,0,1,1
321,WISEA J233655.21+001914.3,23h36m55.2184s,+00d19m14.545s,354.230077,0.320707,*,2.24894753601813,7.5016815e-06,SLS,11.6488813154569,0,0,23,4,1,4,0,0,0,1
323,WISEA J233655.15+001928.9,23h36m55.2033s,+00d19m29.221s,354.230013822,0.3247838104,G,146340.69044812,0.48814,SLS,11.7104638242813,2,0,31,3,1,4,0,0,0,1
326,WISEA J233653.58+001513.5,23h36m53.5809s,+00d15m13.516s,354.223254,0.2537545,G,63179.2039472381,0.21074314,SLS,11.8347458259022,4,0,38,8,3,4,0,0,0,1
327,WISEA J233810.77+000721.8,23h38m10.8050s,+00d07m20.931s,354.54502083333,0.12248083333,G,149704.36182688,0.49936,SLS,11.9417120345521,2,0,16,3,1,0,0,0,0,1
329,WISEA J233806.55+000631.5,23h38m06.5521s,+00d06m31.508s,354.5273006,0.1087524,QSO,276994.560655915,0.9239544,SLS,11.9831915335805,13,0,24,8,5,4,0,0,0,1
335,WISEA J233657.60+002212.6,23h36m57.6210s,+00d22m13.388s,354.2400877341,0.3703856695,G,184615.19356098,0.61581,SLS,12.1270467916439,2,0,35,4,1,4,0,0,0,1
346,WISEA J233823.18+002301.0,23h38m23.1491s,+00d23m01.542s,354.5964546042,0.3837618125,G,188227.69267988,0.62786,SLS,12.427295492889,2,0,31,3,1,4,0,0,0,1
347,SDSS J233650.63+001712.5,23h36m50.6302s,+00d17m12.526s,354.2109593592,0.2868127897,G,305680.38187512,1.01964,SLS,12.5071076720891,2,0,8,2,1,4,0,0,0,1
351,WISEA J233827.64+002100.9,23h38m27.6482s,+00d21m00.958s,354.6152011,0.3502662,G,150864.55863934,0.50323,SLS,12.5635560158785,6,0,27,5,3,4,0,0,0,1
370,WISEA J233649.07+001447.9,23h36m49.0726s,+00d14m47.944s,354.2044694,0.2466513,G,21641.6026302581,0.072188616,SLS,13.006977011148,12,0,56,11,8,6,0,0,1,1
376,SDSS J233822.79+002422.2,23h38m22.7999s,+00d24m22.206s,354.5949997603,0.4061683962,G,109999.84868936,0.36692,SLS,13.1023965258238,2,0,15,1,1,4,0,0,0,1
379,SDSS J233820.34+000800.1,23h38m20.3492s,+00d08m00.187s,354.5847885786,0.1333854327,G,150654.70391874,0.50253,SLS,13.1398337074973,2,0,19,2,1,4,0,0,0,1
380,WISEA J233828.19+002213.2,23h38m28.2408s,+00d22m13.504s,354.61767,0.37041782,QSO,237692.437949297,0.79285663,SLS,13.1715529975817,17,0,29,9,10,4,0,0,0,1
383,SDSS J233647.81+001603.5,23h36m47.8106s,+00d16m03.592s,354.1992110009,0.2676644576,G,63585.9803418,0.2121,SLS,13.2082356448009,2,0,19,2,1,4,0,0,0,1
390,WISEA J233833.95+001651.3,23h38m33.9519s,+00d16m51.344s,354.6414663,0.2809289,G,20318.3367081936,0.067774676,SLS,13.3402755381862,13,0,67,10,8,8,0,0,0,1
391,SDSS J233649.77+001225.2,23h36m49.7742s,+00d12m25.215s,354.2073925911,0.2070041678,G,139247.60089184,0.46448,SLS,13.3761371094504,2,0,19,2,1,4,0,0,0,1
392,SDSS J233724.33+000350.9,23h37m24.3368s,+00d03m50.988s,354.3514033417,0.0641634199,G,33783.61209202,0.11269,SLS,13.3827498823998,2,0,19,2,1,4,0,0,0,1
394,WISEA J233647.53+001450.5,23h36m47.5012s,+00d14m50.701s,354.1979217026,0.2474169904,G,212154.12875286,0.70767,SLS,13.3900621213259,2,0,27,2,1,4,0,0,0,1
395,WISEA J233708.38+000549.7,23h37m08.3819s,+00d05m49.777s,354.2849247,0.0971605,G,76197.7753777764,0.25416842,SLS,13.4489896038098,3,0,42,6,2,6,0,0,1,1
396,WISEA J233746.89+003000.0,23h37m46.9036s,+00d29m59.571s,354.4454319871,0.4998809597,G,288073.57081678,0.96091,SLS,13.4852531345969,2,0,31,3,1,4,0,0,0,1
400,2MASS J23373878+0003053,23h37m38.7900s,+00d03m04.800s,354.411625,0.05133333333,G,55650.0872462692,0.18562871,SLS,13.5275699818342,7,0,37,9,6,4,0,0,0,2
411,WISEA J233820.62+000706.6,23h38m20.6376s,+00d07m06.600s,354.58599,0.11850001,QSO,360391.00649783,1.202135,SLS,13.7930055182183,26,0,22,11,15,4,0,0,0,1
415,WISEA J233809.47+000443.1,23h38m09.4719s,+00d04m43.182s,354.5394665,0.0786619,G,47589.05478292,0.15874,SLS,13.9010819392296,6,0,62,10,6,8,0,0,0,2
418,WISEA J233812.60+002806.9,23h38m12.6014s,+00d28m06.919s,354.5525061,0.4685888,G,47792.9346398321,0.15942007,SLS,14.0216237633517,2,0,35,6,2,4,0,0,0,1
419,SDSS J233644.46+001635.6,23h36m44.4678s,+00d16m35.612s,354.1852828864,0.2765591219,G,198573.53040546,0.66237,SLS,14.0328607607678,2,0,15,1,1,4,0,0,0,1
420,WISEA J233644.65+001744.6,23h36m44.6537s,+00d17m44.635s,354.1860571,0.295732,QSO,247792.52680328,0.8265469,SLS,14.0330969706344,26,0,17,11,15,4,0,0,0,1
422,WISEA J233803.13+000339.8,23h38m03.1221s,+00d03m39.406s,354.5130088992,0.0609463627,G,216468.14222348,0.72206,SLS,14.1148695463495,2,0,31,3,1,4,0,0,0,1
424,WIG S00J233706065+00051725,23h37m06.0650s,+00d05m17.250s,354.27527083333,0.088125,G,225704.74785446,0.75287,SLS,14.2307203845465,2,0,0,1,1,0,0,0,0,1
428,WISEA J233731.69+003043.5,23h37m31.7254s,+00d30m43.794s,354.3821894294,0.5121650573,G,150681.68523996,0.50262,SLS,14.3030154946675,2,0,31,3,1,4,0,0,0,1
430,WISEA J233750.30+000226.9,23h37m50.3025s,+00d02m26.945s,354.4595938,0.0408183,G,22690.8894241263,0.07568866,SLS,14.3572860739672,2,0,36,7,2,4,0,0,0,1
432,WISEA J233659.18+000638.6,23h36m59.1872s,+00d06m38.623s,354.2466135,0.1107287,G,26690.52253574,0.08903,SLS,14.3636566096661,13,0,75,8,5,10,1,0,1,1
434,SDSS J233836.53+002003.7,23h38m36.5399s,+00d20m03.752s,354.6522497693,0.3343756438,G,142776.1581225,0.47625,SLS,14.4070658407644,2,0,19,2,1,4,0,0,0,1
440,WISEA J233712.89+000350.1,23h37m12.8924s,+00d03m50.176s,354.3037187,0.0639379,G,138432.645074013,0.4617616,SLS,14.5221831956321,5,0,27,6,4,4,0,0,0,1
441,WISEA J233725.23+000234.2,23h37m25.2398s,+00d02m34.294s,354.3551662,0.0428597,*,16.7628413264276,5.591482e-05,SLS,14.5444889791842,0,0,23,4,1,4,0,0,0,1
446,SDSS J233723.47+003037.9,23h37m23.4777s,+00d30m37.936s,354.3478241036,0.5105378589,G,141864.78905018,0.47321,SLS,14.670612183537,2,0,19,2,1,4,0,0,0,1
449,SDSS J233701.52+000536.0,23h37m01.5246s,+00d05m36.033s,354.2563528252,0.0933425119,G,168171.57723968,0.56096,SLS,14.7111107091695,2,0,19,2,1,4,0,0,0,1
455,WISEA J233759.93+003046.3,23h37m59.9383s,+00d30m46.351s,354.4997429,0.5128755,G,139322.54900634,0.46473,SLS,14.974398468417,5,0,28,6,4,4,0,0,0,1
458,WISEA J233830.25+002501.8,23h38m30.2512s,+00d25m01.852s,354.6260468,0.4171813,QSO,139016.76069918,0.46371,SLS,15.0050618195123,23,0,35,14,15,4,0,0,0,3
462,WISEA J233640.22+001548.9,23h36m40.2298s,+00d15m48.932s,354.1676242,0.2635924,G,271327.1641129,0.90505,SLS,15.1127492998504,2,0,31,3,1,4,0,0,0,1
463,WISEA J233811.32+000334.5,23h38m11.3291s,+00d03m34.540s,354.5472047,0.0595947,G,106256.65205047,0.35443404,SLS,15.1211705142959,3,0,27,5,3,4,0,0,0,1
465,WISEA J233729.03+003127.9,23h37m29.0358s,+00d31m27.974s,354.3709828,0.5244374,*,23.9308382254333,7.9824684e-05,SLS,15.1447295534318,0,0,18,3,1,0,0,0,0,1
470,SDSS J233703.83+000422.3,23h37m03.8397s,+00d04m22.363s,354.2659987965,0.0728787828,G,136684.37537594,0.45593,SLS,15.2958387686325,2,0,19,2,1,3,0,0,0,1
473,SDSS J233757.38+003121.2,23h37m57.3840s,+00d31m21.291s,354.4891,0.522581,G,25295.2749455474,0.084375955,SLS,15.3398650857637,4,0,0,4,3,0,0,0,0,1
476,SDSS J233643.98+002244.4,23h36m43.9867s,+00d22m44.403s,354.1832780247,0.3790009422,G,102738.8753566,0.3427,SLS,15.4275725651193,2,0,15,1,1,4,0,0,0,1
477,WISEA J233833.98+000851.1,23h38m33.9867s,+00d08m51.140s,354.6416114,0.1475389,G,73527.9256762641,0.24526276,SLS,15.4323650765221,2,0,21,6,2,0,0,0,0,1
479,WISEA J233813.68+000330.0,23h38m13.6801s,+00d03m30.088s,354.5570008,0.0583578,G,73289.0870208246,0.24446608,SLS,15.4907918532051,6,0,62,10,6,8,0,0,0,1
480,WISEA J233832.09+000757.2,23h38m32.0981s,+00d07m57.255s,354.6337423,0.1325709,G,101811.359462492,0.33960614,SLS,15.5080802657733,4,0,27,5,3,4,0,0,0,1
483,SDSS J233744.32+003207.9,23h37m44.3287s,+00d32m07.992s,354.4347030176,0.5355535925,G,82457.9155729,0.27505,SLS,15.5611603169373,2,0,19,2,1,4,0,0,0,1
484,WISEA J233818.71+002855.6,23h38m18.7012s,+00d28m55.591s,354.577921929,0.4821088549,G,115210.2416094,0.3843,SLS,15.5779015135791,2,0,31,3,1,4,0,0,0,1
485,WISEA J233655.54+000545.1,23h36m55.5435s,+00d05m45.179s,354.2314314,0.0958832,*,15.3884158214053,5.133023e-05,SLS,15.6376582158742,0,0,23,4,1,4,0,0,0,1
488,WISEA J233637.76+001727.6,23h36m37.7611s,+00d17m27.682s,354.1573379,0.291023,G,107891.087554316,0.35988593,SLS,15.7331269203798,4,0,27,5,3,4,0,0,0,1
490,WISEA J233733.64+000051.1,23h37m33.6464s,+00d00m51.111s,354.3901934,0.0141975,UvS,55587.6524689661,0.18542045,SLS,15.8438066497756,1,0,25,6,2,0,0,0,0,1
492,WISEA J233830.81+000656.7,23h38m30.8095s,+00d06m55.158s,354.6283729686,0.1153216625,G,86097.39601302,0.28719,SLS,15.8516972439092,2,0,31,3,1,4,0,0,0,1
499,WISEA J233644.06+002421.8,23h36m44.1240s,+00d24m22.214s,354.183850221,0.4061705533,G,151179.34072024,0.50428,SLS,16.1156766836008,2,0,31,3,1,4,0,0,0,1
500,SDSS J233636.53+001442.6,23h36m36.5396s,+00d14m42.693s,354.1522483254,0.245192622,G,205097.01429154,0.68413,SLS,16.1258861753941,2,0,23,3,1,4,0,0,0,1
502,WISEA J233721.67+003202.2,23h37m21.6769s,+00d32m02.281s,354.3403207,0.5339671,G,116572.993196108,0.38884565,SLS,16.1465638406489,4,0,27,5,3,4,0,0,0,1
503,SDSS J233842.71+001206.8,23h38m42.7195s,+00d12m06.893s,354.6779982919,0.2019148915,G,143414.71605804,0.47838,SLS,16.1644604043823,2,0,15,1,1,4,0,0,0,1
505,WISEA J233728.40+003231.4,23h37m28.4659s,+00d32m32.168s,354.36860791667,0.54226888889,G,292870.25014478,0.97691,SLS,16.2222720384514,2,0,12,2,1,0,0,0,0,1
506,WISEA J233731.55+000030.4,23h37m31.5384s,+00d00m30.853s,354.38141,0.0085703766,*,15.9221174474579,5.3110467e-05,SLS,16.2445132668647,0,0,17,3,1,4,0,0,0,1
507,SDSS J233827.90+000526.9,23h38m27.9083s,+00d05m26.988s,354.6162846945,0.0908302416,G,107361.67505896,0.35812,SLS,16.2543849481297,2,0,19,2,1,4,0,0,0,1
508,SDSS J233845.65+001634.6,23h38m45.6596s,+00d16m34.639s,354.6902486844,0.2762888213,G,123913.21666514,0.41333,SLS,16.2647514998394,2,0,19,2,1,4,0,0,0,1
510,WISEA J233845.10+001928.3,23h38m45.1750s,+00d19m27.664s,354.6882293512,0.3243512591,G,326938.6650719,1.09055,SLS,16.3951126825881,2,0,27,2,1,4,0,0,0,1
511,WISEA J233840.83+002311.9,23h38m40.8321s,+00d23m11.946s,354.6701339,0.3866519,QSO,441923.013064197,1.4740965,SLS,16.4403511937045,34,0,48,14,22,8,0,0,0,1
513,WIG S00J233821232+00293508,23h38m21.2321s,+00d29m35.080s,354.58846708333,0.49307777778,G,170860.71558794,0.56993,SLS,16.4858225180469,2,0,0,1,1,0,0,0,0,1
516,WISEA J233846.82+001602.0,23h38m46.7776s,+00d16m01.989s,354.6949068642,0.2672193515,G,134948.57704412,0.45014,SLS,16.5539371589782,2,0,31,3,1,4,0,0,0,1
517,WISEA J233634.23+001636.8,23h36m34.2375s,+00d16m36.851s,354.1426566,0.2769031,G,67871.0968173934,0.22639361,SLS,16.5904124800736,6,0,47,6,6,8,0,0,0,1
518,GALEXMSC J233845.28+002023.7,23h38m45.2810s,+00d20m23.780s,354.68867083333,0.33993888889,G,209539.9385191,0.69895,SLS,16.6096858536508,2,0,4,2,1,0,0,0,0,1
519,WISEA J233807.72+000125.0,23h38m07.7272s,+00d01m25.048s,354.5321969,0.0236246,*,16.3192462209289,5.4435146e-05,SLS,16.6283402233188,0,0,23,4,1,4,0,0,0,1
522,WISEA J233846.68+001409.2,23h38m46.6807s,+00d14m09.282s,354.6945029,0.2359119,G,83192.257198771,0.2774995,SLS,16.7000069591982,4,0,34,7,3,4,0,0,0,1
527,SDSS J233738.32-000008.2,23h37m38.3283s,-00d00m08.213s,354.4097013336,-0.0022813859,G,187963.87531684,0.62698,SLS,16.7465155315457,2,0,19,2,1,4,0,0,0,1
530,WISEA J233634.49+001947.5,23h36m34.4983s,+00d19m47.517s,354.143743,0.3298659,G,59077.1917112174,0.1970603,SLS,16.8306349906077,12,0,67,9,6,10,0,0,1,1
533,WISEA J233807.86+000109.2,23h38m07.8658s,+00d01m09.214s,354.5327745,0.0192263,WD*,17.2976329978574,5.7698693e-05,SLS,16.8835979929216,3,0,31,7,3,4,0,0,0,2
540,WISEA J233817.23+003057.5,23h38m17.2359s,+00d30m57.597s,354.5718165,0.5159994,G,229588.109459163,0.7658235,SLS,17.0320756942213,3,0,27,3,1,4,0,0,0,1
541,WISEA J233846.95+002036.7,23h38m46.9565s,+00d20m36.797s,354.6956524,0.3435548,*,13.5043440371605,4.5045643e-05,SLS,17.0674608298415,0,0,29,6,1,3,0,0,0,1
543,GALEXMSC J233706.15+003122.1,23h37m06.1790s,+00d31m23.091s,354.27574583333,0.52308083333,G,141520.02772348,0.47206,SLS,17.1066749688049,2,0,4,2,1,0,0,0,0,1
545,WISEA J233842.34+000903.7,23h38m42.3469s,+00d09m03.792s,354.6764456,0.1510534,*,30.1592232042357,0.00010060034,SLS,17.1782659144208,0,0,23,4,1,4,0,0,0,1
547,WISEA J233634.96+002147.0,23h36m34.9607s,+00d21m47.095s,354.1456698,0.363082,G,82043.7073233043,0.27366835,SLS,17.2092053964586,4,0,34,7,3,4,0,0,0,1
548,WISEA J233649.53+000502.9,23h36m49.5321s,+00d05m02.992s,354.2063838,0.0841646,QSO,303420.126617275,1.0121006,SLS,17.2162442459952,20,0,23,9,11,4,0,0,0,1
551,SDSS J233755.24+003327.6,23h37m55.2420s,+00d33m27.630s,354.4801752996,0.5576751816,G,81255.74781632,0.27104,SLS,17.2532754271446,2,0,19,2,1,4,0,0,0,1
555,NGC 7716,23h36m31.4699s,+00d17m50.221s,354.1311249,0.2972838,G,2567.122817854,0.008563,S1L,17.3265004416711,186,7,83,38,35,11,12,34,16,3
559,SDSS J233717.72+003301.9,23h37m17.7297s,+00d33m01.974s,354.3238740851,0.5505485826,G,242448.15663376,0.80872,SLS,17.3991183031863,2,0,9,2,1,4,0,0,0,1
560,SDSS J233630.77+001741.6,23h36m30.7776s,+00d17m41.658s,354.12824,0.294905,G,2668.1528762,0.0089,SLS,17.489646684048,2,0,0,3,3,0,0,0,0,1
562,WISEA J233737.13-000054.7,23h37m37.1324s,-00d00m54.703s,354.4047184,-0.0151954,G,278935.626883728,0.9304291,SLS,17.533167775754,9,0,29,6,4,4,0,0,0,1
566,WISEA J233811.00+003231.2,23h38m10.9920s,+00d32m31.008s,354.5458,0.54194689,*,145984.486043298,0.48695183,SLS,17.6372210297433,1,0,17,4,2,4,0,0,0,1
567,WISEA J233632.10+002102.9,23h36m32.1002s,+00d21m02.906s,354.133751,0.3508073,*,16.6389005288563,5.5501398e-05,SLS,17.693026875069,0,0,23,4,1,4,0,0,0,1
573,WISEA J233748.88+003413.3,23h37m48.8881s,+00d34m13.395s,354.4537005,0.5703875,G,26769.2690206829,0.08929267,SLS,17.7446336361243,16,0,61,8,4,8,0,0,0,1
580,GALEXMSC J233645.21+000459.3,23h36m45.3799s,+00d04m59.131s,354.18908291667,0.08309194444,G,217460.45525946,0.72537,SLS,18.0408638176445,2,0,4,2,1,0,0,0,0,1
583,2MASS J23370764+0032420,23h37m07.6776s,+00d32m42.291s,354.28199,0.54508088,*,207.044514065501,0.00069062616,SLS,18.0860550707307,1,0,14,4,1,4,0,0,0,1
585,WISEA J233800.60-000052.8,23h38m00.5972s,-00d00m53.003s,354.5024886292,-0.0147230417,G,174779.003014,0.583,SLS,18.1841055822611,2,0,31,3,1,4,0,0,0,1
586,SDSS J233827.39+003032.1,23h38m27.3929s,+00d30m32.145s,354.6141371184,0.5089293671,G,187091.47926406,0.62407,SLS,18.1947095656553,2,0,15,1,1,4,0,0,0,1
588,WISEA J233847.00+002416.8,23h38m47.0082s,+00d24m16.876s,354.6958677,0.4046878,G,42672.45847172,0.14234,SLS,18.2926382721222,3,0,27,4,2,4,0,0,0,1
591,WISEA J233641.75+002734.1,23h36m41.7566s,+00d27m34.145s,354.1739859,0.4594849,G,20019.7943847435,0.066778846,SLS,18.3499531826806,7,0,51,8,3,6,0,0,1,1
593,WISEA J233738.86+003457.8,23h37m38.8670s,+00d34m57.835s,354.4119462,0.5827321,G,92003.2474771284,0.3068898,SLS,18.3690351307599,1,0,36,6,1,4,0,0,0,1
594,WISEA J233827.56+003048.5,23h38m27.5613s,+00d30m48.149s,354.6148390586,0.5133748817,G,169346.76367504,0.56488,SLS,18.426606249044,2,0,31,3,1,4,0,0,0,1
595,WISEA J233737.84+003506.1,23h37m37.8427s,+00d35m06.132s,354.4076783,0.5850368,*,5.3547393910575,1.7861488e-05,SLS,18.5150426970823,0,0,23,4,1,4,0,0,0,1
597,SDSS J233801.64+003422.4,23h38m01.6465s,+00d34m22.475s,354.5068607043,0.5729099168,G,151233.30336268,0.50446,SLS,18.5369783691118,2,0,5,1,1,4,0,0,0,1
598,SDSS J233820.34+003217.7,23h38m20.3402s,+00d32m17.736s,354.5847510748,0.5382602599,G,146805.36875802,0.48969,SLS,18.5755961573102,2,0,15,1,1,4,0,0,0,1
600,WISEA J233854.92+001737.8,23h38m54.9231s,+00d17m37.821s,354.7288464,0.2938393,G,27108.526157854,0.09042431,SLS,18.6091042349444,8,0,62,7,5,8,0,0,0,1
601,SDSS J233626.98+001345.5,23h36m26.9846s,+00d13m45.542s,354.1124359558,0.2293172535,G,266116.77119286,0.88767,SLS,18.6216469445167,2,0,19,2,1,4,0,0,0,1
602,WISEA J233744.90-000159.8,23h37m44.9089s,-00d01m59.808s,354.4371205,-0.0332802,G,20344.0630981844,0.06786049,SLS,18.6279854010603,16,0,55,10,7,6,0,0,1,1
604,WISEA J233746.47+003518.7,23h37m46.5375s,+00d35m17.416s,354.4439064013,0.5881712676,G,182600.58824322,0.60909,SLS,18.7491252483794,2,0,27,2,1,4,0,0,0,1
610,WISEA J233655.70+003147.8,23h36m55.7059s,+00d31m47.895s,354.2321082,0.529971,G,48502.3185435746,0.16178632,SLS,18.8930596623222,7,0,56,9,5,8,0,0,0,2
611,GALEXMSC J233701.51+000024.4,23h37m01.5790s,+00d00m23.119s,354.25657916667,0.00642194444,G,142347.45490756,0.47482,SLS,18.9230024471322,2,0,4,2,1,0,0,0,0,1
614,WIG S00J233738147-00022420,23h37m38.1470s,-00d02m24.201s,354.40894583333,-0.04005583333,G,84538.47523142,0.28199,SLS,19.0132421693238,2,0,0,1,1,0,0,0,0,1
618,SDSS J233850.04+000834.1,23h38m50.0450s,+00d08m34.155s,354.7085209211,0.1428210902,G,121406.95171626,0.40497,SLS,19.1285609603284,2,0,9,2,1,4,0,0,0,1
623,WISEA J233849.80+000810.8,23h38m49.8050s,+00d08m10.816s,354.707521,0.136338,QSO,166471.094459412,0.5552878,SLS,19.2411377592425,17,0,36,9,11,4,2,0,0,1
625,SDSS J233712.47+003432.9,23h37m12.4756s,+00d34m32.964s,354.3019819599,0.5758233261,G,150270.9695725,0.50125,SLS,19.2772965295344,2,0,19,2,1,4,0,0,0,1
631,SDSS J233820.16-000015.1,23h38m20.1720s,-00d00m15.152s,354.58405,-0.004209,*,255915.013722595,0.8536406,SLS,19.5417215709439,2,0,5,2,2,4,0,0,0,1
632,WIG S00J233850510+00252474,23h38m50.5099s,+00d25m24.740s,354.71045791667,0.42353888889,G,275161.50965072,0.91784,SLS,19.5731428060561,2,0,0,1,1,0,0,0,0,1
635,WISEA J233716.30+003518.7,23h37m16.3215s,+00d35m17.690s,354.3180063101,0.5882474687,G,145971.94572478,0.48691,SLS,19.6554169018618,2,0,31,3,1,4,0,0,0,1
638,SDSS J233721.98+003543.4,23h37m21.9811s,+00d35m43.470s,354.341588278,0.5954085379,G,140524.71676292,0.46874,SLS,19.6827814679645,2,0,15,1,1,3,0,0,0,1
639,SDSS J233738.47-000308.2,23h37m38.4781s,-00d03m08.297s,354.4103255973,-0.0523048943,G,167724.88647726,0.55947,SLS,19.7454202558286,2,0,19,2,1,4,0,0,0,1
641,SDSS J233621.68+001755.6,23h36m21.6808s,+00d17m55.636s,354.0903367677,0.2987878804,G,144272.12248792,0.48124,SLS,19.7741357043741,2,0,19,2,1,4,0,0,0,1
642,WISEA J233624.46+001112.0,23h36m24.4631s,+00d11m12.078s,354.1019298,0.1866884,G,26682.288735881,0.089002535,SLS,19.7848678065936,1,0,21,5,1,0,0,0,0,1
644,WISEA J233859.52+001444.3,23h38m59.5799s,+00d14m44.718s,354.7482497469,0.2457550633,G,74222.61675164,0.24758,SLS,19.8317011019967,2,0,31,3,1,3,0,0,0,1
646,WISEA J233804.82+003530.3,23h38m04.8255s,+00d35m30.387s,354.5201066,0.5917742,G,107965.71788881,0.36013487,SLS,19.8527507053335,4,0,53,6,4,8,0,0,0,1
648,WISEA J233640.03+002926.9,23h36m40.0437s,+00d29m27.173s,354.1668488437,0.4908815177,G,172383.66127458,0.57501,SLS,19.8589415807156,2,0,35,4,1,4,0,0,0,1
651,WISEA J233644.24+000230.7,23h36m44.2479s,+00d02m30.707s,354.1843664,0.0418631,G,163860.56169364,0.54658,SLS,19.9235549887315,2,0,35,4,1,4,0,0,0,1
652,WISEA J233645.61+003102.9,23h36m45.6531s,+00d31m02.794s,354.1902213996,0.5174429085,G,184018.60656956,0.61382,SLS,19.9346791779201,2,0,30,3,1,4,0,0,0,1
655,SDSS J233624.98+002307.7,23h36m24.9816s,+00d23m07.779s,354.1040901891,0.3854944184,G,192799.52766438,0.64311,SLS,20.0001951815408,2,0,15,1,1,4,0,0,0,1
656,WISEA J233728.91+003625.4,23h37m28.9558s,+00d36m23.402s,354.3706495136,0.6065006235,G,202299.9506584,0.6748,SLS,20.0029778570086,2,0,31,3,1,4,0,0,0,1
662,2MASS J23390111+0015545,23h39m01.1167s,+00d15m54.558s,354.754653,0.265155,*,8.44414024335196,2.816662e-05,SLS,20.1408057198499,0,0,11,3,1,4,0,0,0,1
665,SDSS J233650.80+000042.3,23h36m50.8042s,+00d00m42.358s,354.2116843548,0.0117663548,G,243023.75815312,0.81064,SLS,20.1889709269507,2,0,9,2,1,4,0,0,0,1
666,WISEA J233645.18+000154.4,23h36m45.1841s,+00d01m54.424s,354.1882673,0.0317845,G,73311.24767932,0.24454,SLS,20.1943719946655,6,0,61,9,4,8,0,0,0,1
667,2MASS J23390139+0015584,23h39m01.3915s,+00d15m58.417s,354.755798,0.266227,*,2.34505395293016,7.822258e-06,SLS,20.2073677703681,0,0,11,3,1,4,0,0,0,1
669,WISEA J233833.73+003157.1,23h38m33.6995s,+00d31m57.331s,354.6404147952,0.5325921546,G,141133.29545266,0.47077,SLS,20.2979296680348,2,0,31,3,1,4,0,0,0,1
673,WISEA J233619.87+001923.1,23h36m19.8759s,+00d19m23.146s,354.0828165,0.3230962,G,140738.567716985,0.46945333,SLS,20.3720973396464,1,0,35,5,1,4,0,0,0,1
674,SDSS J233823.14+003400.3,23h38m23.1493s,+00d34m00.361s,354.5964555027,0.5667671646,G,182675.53635772,0.60934,SLS,20.3989309481578,2,0,19,2,1,4,0,0,0,1
676,SDSS J233857.41+002339.9,23h38m57.4121s,+00d23m39.941s,354.739217345,0.3944282841,G,137283.96029194,0.45793,SLS,20.4613837240131,2,0,19,2,1,4,0,0,0,1
681,GALEXMSC J233635.49+002918.2,23h36m35.5121s,+00d29m17.001s,354.14796708333,0.48805583333,G,154315.16983092,0.51474,SLS,20.6308583527524,2,0,4,2,1,0,0,0,0,1
682,SDSS J233900.68+002150.9,23h39m00.6851s,+00d21m50.972s,354.7528546799,0.3641591056,G,183230.15240502,0.61119,SLS,20.6977527322128,2,0,19,2,1,4,0,0,0,1
683,WISEA J233807.08+003614.8,23h38m07.0827s,+00d36m14.849s,354.5295113,0.6041249,G,107700.692362165,0.35925084,SLS,20.7329386058241,4,0,52,6,4,8,0,0,0,1
685,2MASX J23383875+0031250,23h38m38.7475s,+00d31m25.431s,354.661448,0.523731,G,44623.9724666939,0.14884955,SLS,20.7619167182755,12,0,51,6,5,10,0,0,1,1
686,WISEA J233808.83+003611.5,23h38m08.6591s,+00d36m10.403s,354.5360797538,0.6028899819,G,17852.6408739,0.05955,SLS,20.7923587552926,2,0,31,3,1,4,0,0,0,1
688,WISEA J233841.82+003042.4,23h38m41.8266s,+00d30m42.407s,354.6742776,0.5117799,G,46275.7089932907,0.15435915,SLS,20.8154764069139,2,0,42,8,2,4,0,0,0,1
691,SDSS J233643.31+003142.9,23h36m43.3131s,+00d31m42.921s,354.1804715881,0.5285891539,G,62524.71504048,0.20856,SLS,20.8224502890843,2,0,19,2,1,4,0,0,0,1
695,WISEA J233631.06+002810.5,23h36m31.0671s,+00d28m10.555s,354.1294465,0.4695988,G,59066.4711329193,0.19702454,SLS,20.884560320122,3,0,28,6,3,4,0,0,0,1
697,WISEA J233901.24+002207.9,23h39m01.2418s,+00d22m07.971s,354.7551742,0.368881,G,35832.5484429003,0.119524516,SLS,20.9055863306498,1,0,36,6,1,4,0,0,0,1
699,2MASS J23390349+0013341,23h39m03.4920s,+00d13m34.186s,354.76455,0.226163,*,26.3179824398817,8.778734e-05,SLS,20.943181019616,0,0,11,3,1,4,0,0,0,1
701,WISEA J233731.09+003726.2,23h37m30.9985s,+00d37m25.611s,354.3791606515,0.6237809287,G,168144.59591846,0.56087,SLS,20.9647146616856,2,0,31,3,1,4,0,0,0,1
702,SDSS J233622.33+000903.3,23h36m22.3334s,+00d09m03.317s,354.0930558753,0.1509214187,G,183230.15240502,0.61119,SLS,20.97071231133,2,0,19,2,1,4,0,0,0,1
704,SDSS J233620.50+002253.0,23h36m20.5093s,+00d22m53.009s,354.085455559,0.3813916255,G,140650.62959528,0.46916,SLS,20.9851381005155,2,0,23,3,1,4,0,0,0,1
705,WISEA J233626.52+000640.9,23h36m26.5241s,+00d06m40.931s,354.1105173,0.1113698,G,150779.762342595,0.50294715,SLS,21.0073946283555,4,0,28,5,3,4,0,0,0,1
707,SDSS J233624.38+000744.3,23h36m24.3893s,+00d07m44.318s,354.1016223792,0.1289773541,G,199176.11324604,0.66438,SLS,21.0124373708439,2,0,19,2,1,3,0,0,0,1
708,WISEA J233754.75-000409.9,23h37m54.7529s,-00d04m09.938s,354.4781373,-0.0694273,G,27042.1281242561,0.09020283,SLS,21.0649186402019,1,0,36,6,1,4,0,0,0,1
711,WISEA J233634.16+000327.8,23h36m34.2067s,+00d03m27.878s,354.1425281669,0.0577440781,G,288631.18478866,0.96277,SLS,21.1669232128988,2,0,31,3,1,4,0,0,0,1
717,GALEXMSC J233830.12-000044.8,23h38m30.2390s,-00d00m47.491s,354.62599583333,-0.01319194444,G,228016.14770564,0.76058,SLS,21.3650579757225,2,0,3,2,1,0,0,0,0,1
722,WISEA J233617.99+001051.5,23h36m18.0382s,+00d10m52.819s,354.0751593613,0.1813387488,G,58801.29271212,0.19614,SLS,21.4181070007361,2,0,31,3,1,4,0,0,0,1
724,WISEA J233722.59-000421.9,23h37m22.5918s,-00d04m21.956s,354.3441327,-0.0727658,*,48.4532665015966,0.0001616227,SLS,21.443860589957,0,0,23,4,1,4,0,0,0,1
725,WISEA J233817.12-000251.1,23h38m17.1295s,-00d02m51.199s,354.5713732,-0.0475555,G,55950.2484489925,0.18662994,SLS,21.4902802980772,5,0,56,9,6,8,0,0,0,2
726,WISEA J233621.10+000819.4,23h36m21.1459s,+00d08m19.388s,354.08810791667,0.13871888889,G,215577.75862322,0.71909,SLS,21.5188431969106,2,0,12,2,1,0,0,0,0,1
728,WISEA J233833.70+003335.6,23h38m33.7016s,+00d33m35.662s,354.6404235,0.5599062,*,141017.665501609,0.4703843,SLS,21.5646828459105,12,0,24,8,6,4,0,0,0,1
729,WISEA J233902.91+001005.9,23h39m02.9100s,+00d10m05.933s,354.7621252,0.1683149,G,82732.2196761208,0.27596498,SLS,21.5798987994676,6,0,53,8,6,8,0,0,0,1
730,SDSS J233818.43-000248.2,23h38m18.4344s,-00d02m48.242s,354.5768103703,-0.0467340993,G,213784.99972438,0.71311,SLS,21.5866164597949,2,0,19,2,1,4,0,0,0,1
732,WISEA J233633.25+003008.6,23h36m33.2788s,+00d30m08.640s,354.1386617933,0.5024001778,G,133368.67079046,0.44487,SLS,21.6029020007777,2,0,31,3,1,4,0,0,0,1
734,SDSS J233820.80+003545.3,23h38m20.8042s,+00d35m45.328s,354.5866845467,0.5959244875,G,188848.26306794,0.62993,SLS,21.6321526760357,2,0,19,2,1,4,0,0,0,1
735,SDSS J233617.63+001025.8,23h36m17.6400s,+00d10m25.795s,354.0735,0.17383212,*,20.078157380882,6.6973524e-05,SLS,21.6381715576194,1,0,5,3,2,4,0,0,0,2
736,SDSS J233708.96-000333.8,23h37m08.9640s,-00d03m33.800s,354.2873502092,-0.0593889049,G,49234.91537734,0.16423,SLS,21.6589857380752,2,0,5,1,1,3,0,0,0,1
739,SDSS J233709.33-000340.9,23h37m09.3374s,-00d03m40.914s,354.2889060287,-0.0613650131,G,270526.71825004,0.90238,SLS,21.7356675586419,2,0,15,1,1,4,0,0,0,1
743,WISEA J233817.58-000306.0,23h38m17.5992s,-00d03m06.159s,354.57333,-0.051711,G,13889.6453985785,0.04633087,SLS,21.7658705226496,2,0,36,7,2,4,0,0,0,1
746,WISEA J233616.52+002221.7,23h36m16.5289s,+00d22m21.751s,354.0688704,0.3727086,G,36045.2493930966,0.12023401,SLS,21.793096191994,1,0,41,7,1,4,0,0,0,1
751,GALEXMSC J233735.00+003823.8,23h37m34.8490s,+00d38m26.340s,354.39520416667,0.64065,G,220680.22625838,0.73611,SLS,21.8862718820572,2,0,4,2,1,0,0,0,0,1
752,WISEA J233842.21+003210.4,23h38m42.2135s,+00d32m10.415s,354.6758896,0.5362264,G,41361.6369345871,0.13796757,SLS,21.9040701682331,2,0,36,7,2,4,0,0,0,1
754,WIG S00J233652659+00345684,23h36m52.6589s,+00d34m56.841s,354.21941208333,0.58245583333,G,231478.75059554,0.77213,SLS,21.9149163663672,2,0,0,1,1,0,0,0,0,1
758,SDSS J233636.68+000130.5,23h36m36.6811s,+00d01m30.514s,354.1528380285,0.0251427875,G,258612.96596912,0.86264,SLS,21.9795456872211,2,0,19,2,1,3,0,0,0,1
759,SDSS J233902.61+000840.2,23h39m02.6193s,+00d08m40.248s,354.7609140576,0.1445135249,G,82511.87821534,0.27523,SLS,21.9844247726915,2,0,19,2,1,4,0,0,0,1
763,WISEA J233855.05+002823.9,23h38m55.0889s,+00d28m23.700s,354.72953708333,0.47325,G,145911.98723318,0.48671,SLS,22.0430090242778,2,0,12,2,1,0,0,0,0,1
764,WISEA J233732.20+003836.6,23h37m32.2041s,+00d38m36.610s,354.384184,0.643503,G,25015.3662223242,0.08344228,SLS,22.1100280995158,1,0,36,6,1,4,0,0,0,1
767,WISEA J233706.07-000349.6,23h37m06.0794s,-00d03m49.698s,354.275331,-0.0638052,QSO,176764.27064182,0.58962214,SLS,22.1764447275132,12,0,23,9,6,4,0,0,0,2
769,SDSS J233906.49+001023.2,23h39m06.4973s,+00d10m23.279s,354.7770721562,0.1731332887,G,124629.72063976,0.41572,SLS,22.3546133925965,2,0,15,1,1,4,0,0,0,1
772,WISEA J233714.32-000449.2,23h37m14.3267s,-00d04m49.279s,354.3096947,-0.0803555,G,114937.451458092,0.38339007,SLS,22.4057104293068,4,0,37,6,2,4,0,0,0,1
774,WISEA J233902.39+002550.9,23h39m02.3933s,+00d25m50.956s,354.7599724,0.4308212,G,27400.1822485439,0.09139717,SLS,22.4425439408928,12,0,47,10,6,4,0,0,0,1
779,2MASS J23390377+0007586,23h39m03.7783s,+00d07m58.609s,354.765743,0.132947,G,83771.8159785766,0.2794327,SLS,22.5115127096672,3,0,7,5,3,0,0,0,0,1
780,SDSS J233742.52-000554.9,23h37m42.5277s,-00d05m54.943s,354.4271991309,-0.0985954362,G,169199.86537062,0.56439,SLS,22.5208836293906,2,0,15,1,1,4,0,0,0,1
789,SDSS J233642.14+003355.7,23h36m42.1483s,+00d33m55.742s,354.1756180541,0.5654840152,G,193054.35125368,0.64396,SLS,22.667617746482,2,0,19,2,1,4,0,0,0,1
790,SDSS J233611.56+002056.3,23h36m11.5609s,+00d20m56.311s,354.048170783,0.34897533,G,488781.6235232,1.6304,SLS,22.6782791441166,6,0,8,3,4,4,0,0,0,1
794,WISEA J233911.46+001637.9,23h39m11.4693s,+00d16m37.974s,354.7977888,0.277215,*,29.9524413563302,9.991059e-05,SLS,22.7170904506194,0,0,23,4,1,4,0,0,0,1
796,WISEA J233722.62+003852.5,23h37m22.6262s,+00d38m52.532s,354.3442762,0.6479256,*,12.819528724936,4.2761345e-05,SLS,22.7241937154769,0,0,23,4,1,4,0,0,0,1
798,WISEA J233858.86+000453.9,23h38m58.8634s,+00d04m53.990s,354.7452643,0.0816639,G,20557.8618883619,0.068573646,SLS,22.7972087415348,12,0,75,8,6,10,0,0,1,1
804,GALEXMSC J233652.21-000250.9,23h36m52.3680s,-00d02m52.569s,354.2182,-0.04793583333,G,133101.85550284,0.44398,SLS,22.9066522348733,2,0,4,2,1,0,0,0,0,1
807,WISEA J233646.27-000204.1,23h36m46.2729s,-00d02m04.128s,354.1928038,-0.03448,G,151167.34902192,0.50424,SLS,23.0865163385705,2,0,35,4,1,4,0,0,0,1
813,SDSS J233845.40+000004.8,23h38m45.4040s,+00d00m04.804s,354.6891835883,0.001334591,G,188758.32533054,0.62963,SLS,23.138255808895,2,0,19,2,1,4,0,0,0,1
815,SDSS J233900.22+000442.1,23h39m00.2288s,+00d04m42.136s,354.7509534418,0.0783712761,G,269003.7725634,0.8973,SLS,23.1915642504438,2,0,19,2,1,4,0,0,0,1
816,SDSS J233713.35+003848.3,23h37m13.3581s,+00d38m48.380s,354.3056588998,0.6467722952,G,206506.03884414,0.68883,SLS,23.227153417321,3,0,9,3,2,4,0,0,0,1
817,WISEA J233836.08+003514.3,23h38m36.0595s,+00d35m14.465s,354.650248067,0.5873513995,G,333564.0783937,1.11265,SLS,23.2317397792088,9,0,27,5,4,4,0,0,0,1
818,WISEA J233654.48-000335.9,23h36m54.4850s,-00d03m35.979s,354.2270209,-0.0599944,QSO,576497.599016962,1.922989,SLS,23.2580622280669,23,0,22,7,11,4,0,2,0,1
819,SDSS J233734.58+003949.9,23h37m34.5832s,+00d39m49.988s,354.3940966911,0.6638856028,G,112203.32325566,0.37427,SLS,23.2817752376434,2,0,19,2,1,4,0,0,0,1
825,SDSS J233833.10-000242.7,23h38m33.1072s,-00d02m42.724s,354.6379466533,-0.0452012944,G,157969.63989394,0.52693,SLS,23.3509774558845,2,0,15,1,1,4,0,0,0,1
826,WISEA J233648.67-000257.4,23h36m48.5074s,-00d02m56.762s,354.2021141482,-0.0491006946,G,177069.41739312,0.59064,SLS,23.4872088265348,2,0,30,3,1,3,0,0,0,1
827,SDSS J233810.39+003852.9,23h38m10.3918s,+00d38m52.940s,354.5432994643,0.6480388901,G,125118.3823463,0.41735,SLS,23.4940601469628,2,0,19,2,1,4,0,0,0,1
828,GALEXMSC J233643.87-000209.4,23h36m43.7770s,-00d02m06.878s,354.18240416667,-0.03524388889,G,230900.1511516,0.7702,SLS,23.4955171169738,2,0,4,2,1,0,0,0,0,1
829,WISEA J233703.71+003812.7,23h37m03.7141s,+00d38m12.746s,354.2654757,0.6368741,QSO,145701.841713896,0.48600903,SLS,23.4973903504137,21,0,28,8,10,4,2,0,0,1
831,WISEA J233753.06-000644.5,23h37m53.0669s,-00d06m44.597s,354.4711122,-0.1123882,QSO,535775.050650566,1.7871532,SLS,23.5504408777208,23,0,18,6,11,4,0,1,0,1
832,WISEA J233706.29-000521.1,23h37m06.2962s,-00d05m21.141s,354.2762344,-0.0892059,G,114680.379425357,0.38253257,SLS,23.5680293471634,4,0,27,5,3,4,0,0,0,1
835,FBQS J2336+0002,23h36m24.0400s,+00d02m46.042s,354.1001668,0.046123,QSO,328066.874029091,1.0943133,SLS,23.6151882165975,63,0,63,23,27,8,0,1,0,2
837,WISEA J233616.60+002738.3,23h36m16.6042s,+00d27m38.334s,354.0691843,0.4606484,G,81957.148246906,0.27337962,SLS,23.7232831880398,1,0,36,6,1,4,0,0,0,1
843,SDSS J233916.23+001654.9,23h39m16.2396s,+00d16m54.950s,354.8176652229,0.2819307757,G,190805.90781868,0.63646,SLS,23.9117193627392,2,0,18,2,1,4,0,0,0,1
847,GALEXMSC J233844.78-000110.6,23h38m44.6810s,-00d01m11.341s,354.68617083333,-0.01981694444,G,213764.01425232,0.71304,SLS,23.9394191377315,2,0,4,2,1,0,0,0,0,1
848,WISEA J233720.49-000650.0,23h37m20.4957s,-00d06m50.032s,354.3353989,-0.1138979,G,8244.3546520388,0.027500207,SLS,23.9668020231501,2,0,21,6,2,0,0,0,0,1
849,WISEA J233915.65+001322.8,23h39m15.6312s,+00d13m23.332s,354.81513,0.223148,*,3.98419439961164,1.3289842e-05,SLS,23.9736055535122,0,0,17,3,1,4,0,0,0,1
853,WISEA J233605.34+001938.6,23h36m05.3453s,+00d19m38.613s,354.0222724,0.3273925,G,26501.4044594599,0.08839917,SLS,24.0070286227792,11,0,62,8,4,8,0,0,0,1
856,SDSS J233735.97+004038.8,23h37m35.9772s,+00d40m38.879s,354.3999053199,0.6774664211,G,65948.34491084,0.21998,SLS,24.0757365020563,2,0,19,2,1,4,0,0,0,1
857,GALEXMSC J233653.65-000423.1,23h36m53.5229s,-00d04m24.920s,354.22301208333,-0.07358888889,G,168864.09781766,0.56327,SLS,24.0864922084873,2,0,4,2,1,0,0,0,0,1
861,WISEA J233753.04+004037.7,23h37m53.0426s,+00d40m37.762s,354.4710109,0.6771561,G,136836.999716308,0.4564391,SLS,24.2298558743174,5,0,27,4,2,4,0,0,0,1
865,WISEA J233855.92+003152.5,23h38m55.9223s,+00d31m52.588s,354.7330097,0.5312746,G,150835.628667143,0.5031335,SLS,24.247545831363,4,0,32,6,5,4,0,0,0,1
866,WISEA J233654.02+003752.4,23h36m54.0240s,+00d37m52.461s,354.2251002,0.6312393,G,252776.906189234,0.843173,SLS,24.2522520569961,9,0,27,6,4,4,0,0,0,1
867,WISEA J233612.29+002638.5,23h36m12.2968s,+00d26m38.572s,354.0512368,0.4440478,*,14.4247689402593,4.811585e-05,SLS,24.2524223578346,0,0,23,5,2,4,0,0,0,1
868,WISEA J233646.89-000335.7,23h36m46.8789s,-00d03m35.724s,354.1953287518,-0.0599233733,G,151233.30336268,0.50446,SLS,24.2533562337509,2,0,31,3,1,4,0,0,0,1
870,WISEA J233800.97-000709.8,23h38m00.9759s,-00d07m09.860s,354.5040663,-0.1194058,G,141504.507467929,0.47200823,SLS,24.3041711312076,3,0,27,4,2,4,0,0,0,1
871,WISEA J233818.27+003902.9,23h38m18.2787s,+00d39m02.977s,354.5761614,0.6508272,G,47797.2186740569,0.15943436,SLS,24.3456438124399,13,0,46,10,7,6,1,0,1,1
872,WISEA J233858.80+000204.2,23h38m58.8088s,+00d02m04.277s,354.7450367,0.0345215,G,17921.8740447731,0.059780937,SLS,24.3591622251401,13,0,70,9,4,10,0,0,1,1
873,WISEA J233823.05+003831.7,23h38m23.0594s,+00d38m31.730s,354.5960809,0.6421474,G,41216.7742209569,0.13748436,SLS,24.3627130125619,15,0,71,10,7,10,0,0,1,1
875,WISEA J233602.97+001728.9,23h36m02.9735s,+00d17m28.972s,354.0123898,0.2913812,QSO,72787.210462736,0.242792,SUN,24.4222713105352,23,0,63,17,19,8,4,1,0,3
878,WISEA J233750.18+004056.3,23h37m50.1807s,+00d40m56.367s,354.4590864,0.6823243,G,251810.255387659,0.8399486,SLS,24.4570177553034,14,0,25,8,7,4,0,0,0,1
879,WISEA J233728.50-000740.6,23h37m28.5081s,-00d07m40.685s,354.368784,-0.1279682,UvES,268515.980254988,0.8956729,SLS,24.4655667996684,13,0,25,7,5,4,0,0,0,1
880,WISEA J233605.92+001022.8,23h36m05.9258s,+00d10m22.808s,354.0246909,0.1730024,G,107582.052494836,0.3588551,SLS,24.4719780456694,3,0,27,6,4,4,0,0,0,1
883,SDSS J233647.61+003713.3,23h36m47.6160s,+00d37m13.317s,354.1984,0.620366,G,2670.47237044755,0.008907737,SLS,24.5093934674728,0,0,0,1,1,0,0,0,0,1
884,WISEA J233759.40+004039.9,23h37m59.4095s,+00d40m39.984s,354.4975398,0.6777735,G,146720.28765844,0.4894062,SLS,24.5214795318447,3,0,27,3,1,4,0,0,0,1
887,WISEA J233857.18+003200.0,23h38m57.1838s,+00d32m00.086s,354.7382659,0.5333573,G,109257.961287321,0.36444533,SLS,24.5713872607461,4,0,27,5,3,4,0,0,0,1
888,SDSS J233602.91+001922.9,23h36m02.9184s,+00d19m22.912s,354.0121601908,0.3230311422,G,140782.5382768,0.4696,SLS,24.5779903369934,2,0,19,2,1,4,0,0,0,1
890,WISEA J233606.61+000921.0,23h36m06.6140s,+00d09m21.055s,354.0275586,0.1558486,G,45100.3246949084,0.15043849,SLS,24.5891382727732,6,0,56,8,5,8,0,0,0,2
895,WISEA J233808.29-000703.9,23h38m08.2982s,-00d07m03.937s,354.534576,-0.1177605,*,28.0013710541942,9.340252e-05,SLS,24.6578860899304,0,0,31,6,1,4,0,0,0,1
899,SDSS J233842.12+003555.2,23h38m42.1224s,+00d35m55.266s,354.67551,0.598685,*,27.2129918377687,9.077277e-05,SLS,24.6952112679657,1,0,12,5,2,4,0,0,0,1
900,CGCG 381-019,23h39m08.6532s,+00d27m48.231s,354.7860552,0.4633977,G,5233.04283982682,0.017455552,SLS,24.7000397853376,34,0,83,19,14,10,1,2,1,2
903,SDSS J233730.83-000759.5,23h37m30.8400s,-00d07m59.400s,354.3785,-0.13316666667,G,136982.670370612,0.456925005,SUN,24.7107596767297,7,0,25,6,5,4,0,0,0,1
904,WISEA J233629.80+003352.3,23h36m29.7936s,+00d33m52.039s,354.1241402207,0.5644553091,G,177471.13928684,0.59198,SLS,24.7282992175069,2,0,31,3,1,4,0,0,0,1
905,SDSS J233737.21+004119.4,23h37m37.2109s,+00d41m19.445s,354.4050457781,0.6887347951,G,103359.44574466,0.34477,SLS,24.7385992374021,2,0,19,2,1,4,0,0,0,1
906,SHOC 608,23h36m46.8400s,+00d37m24.500s,354.19516666667,0.62347222222,G,2642.89865933054,0.008815761,SLS,24.771122967561,26,0,24,15,10,4,0,2,0,2
909,WISEA J233733.08-000810.1,23h37m33.0855s,-00d08m10.157s,354.3878564,-0.1361549,G,137212.759583165,0.4576925,SLS,24.8404324790892,6,0,29,5,3,4,0,0,0,1
912,2MASX J23360700+0008120,23h36m06.9998s,+00d08m12.195s,354.029166,0.136721,G,63450.1623666277,0.21164696,SLS,24.8608030557329,12,0,55,10,9,10,0,0,1,1
913,WISEA J233705.36+003952.3,23h37m05.3694s,+00d39m52.305s,354.2723726,0.6645293,G,17948.0252406769,0.059868168,SLS,24.8825986422358,13,0,66,8,5,8,0,0,0,1
915,WISEA J233737.17-000817.0,23h37m37.1773s,-00d08m17.026s,354.4049055,-0.138063,G,34594.793522801,0.11539581,SLS,24.8984872057114,11,0,39,6,3,4,0,0,0,1
916,WISEA J233631.27+003429.6,23h36m31.2413s,+00d34m29.540s,354.1301721486,0.5748723171,G,144910.68042346,0.48337,SLS,24.9155086314135,2,0,31,3,1,4,0,0,0,1
917,2MASS J23360689+0008074,23h36m06.8472s,+00d08m07.141s,354.02853,0.135317,G,64732.3267427004,0.2159238,SLS,24.9252617530843,4,0,20,5,3,4,0,0,0,1
923,SDSS J233858.04+000040.9,23h38m58.0476s,+00d00m40.926s,354.7418653158,0.0113683931,G,59161.04366172,0.19734,SLS,25.0651241142934,2,0,5,1,1,3,0,0,0,1
924,WISEA J233709.61-000717.2,23h37m09.7249s,-00d07m15.096s,354.2905206945,-0.1208600936,G,152822.20339008,0.50976,SLS,25.0694616578057,2,0,31,3,1,4,0,0,0,1
925,WISEA J233846.02+003538.0,23h38m46.0215s,+00d35m38.076s,354.6917566,0.59391,G,25177.5449483285,0.08398325,SLS,25.0957961658736,1,0,35,5,1,4,0,0,0,1
927,WISEA J233804.03+004101.3,23h38m04.0339s,+00d41m01.386s,354.5168083,0.6837184,G,107586.171643209,0.35886884,SLS,25.115881460144,3,0,33,6,3,4,0,0,0,1
929,WISEA J233634.25-000216.1,23h36m34.2522s,-00d02m16.113s,354.1427175,-0.0378093,G,50481.6173035559,0.16838855,SLS,25.1226465768668,3,0,36,6,1,4,0,0,0,1
930,WISEA J233742.48+004145.6,23h37m42.5184s,+00d41m45.286s,354.42716,0.695913,*,0.303937148690342,1.0138252e-06,SLS,25.1593513680661,0,0,17,3,1,4,0,0,0,1
932,SDSS J233709.78+004035.6,23h37m09.7818s,+00d40m35.603s,354.2907576009,0.6765564961,G,73053.42616544,0.24368,SLS,25.1999670984386,2,0,15,1,1,4,0,0,0,1
937,SDSS J233700.75-000638.2,23h37m00.7537s,-00d06m38.297s,354.2531404144,-0.1106382156,G,143120.9194492,0.4774,SLS,25.2834050325015,2,0,19,2,1,4,0,0,0,1
938,WISEA J233637.07-000304.5,23h36m36.9834s,-00d03m04.858s,354.1540978637,-0.0513496657,G,213850.95406514,0.71333,SLS,25.3037638899168,2,0,31,3,1,4,0,0,0,1
940,WISEA J233921.57+001359.8,23h39m21.5751s,+00d13m59.852s,354.8398966,0.2332923,G,190143.3664865,0.63425,SLS,25.3773441447447,2,0,34,4,1,4,0,0,0,1
946,SDSS J233805.33-000805.5,23h38m05.3378s,-00d08m05.511s,354.5222409539,-0.1348641984,G,36598.66327264,0.12208,SLS,25.4545651352519,2,0,19,2,1,4,0,0,0,1
947,WISEA J233811.38+004052.1,23h38m11.3828s,+00d40m52.186s,354.5474285,0.681163,G,75385.4127647109,0.25145867,SLS,25.4605941297498,3,0,56,8,5,8,0,0,0,2
949,WISEA J233605.22+000737.2,23h36m05.2271s,+00d07m37.226s,354.0217798,0.1270073,*,6.19825133988658,2.0675141e-05,SLS,25.47790655983,0,0,21,4,1,4,0,0,0,1
950,SDSS J233635.57-000301.3,23h36m35.5768s,-00d03m01.391s,354.1482368064,-0.0503864371,G,164870.8622771,0.54995,SLS,25.481725200573,2,0,15,1,1,4,0,0,0,1
951,SDSS J233843.57+003638.4,23h38m43.5776s,+00d36m38.414s,354.6815733698,0.6106708085,G,139688.2958051,0.46595,SLS,25.4849430590883,2,0,19,2,1,4,0,0,0,1
956,WISEA J233612.82+000332.0,23h36m12.7968s,+00d03m32.118s,354.05332,0.058921815,G,19285.2411053971,0.06432864,SLS,25.5444492037633,5,0,55,7,5,8,0,0,0,2
959,WISEA J233633.58-000245.4,23h36m33.5693s,-00d02m45.664s,354.1398721205,-0.0460178775,G,244270.8947784,0.8148,SLS,25.606028884928,2,0,31,3,1,4,0,0,0,1
967,WIG S00J233616307+00015501,23h36m16.3070s,+00d01m55.009s,354.06794583333,0.03194694444,G,155475.36664338,0.51861,SLS,25.6841132320913,2,0,0,1,1,0,0,0,0,1
969,WISEA J233634.85+003624.2,23h36m34.8864s,+00d36m24.341s,354.14536,0.60676145,G,83407.3373019139,0.27821693,SLS,25.7320937174191,1,0,35,5,1,4,0,0,0,1
970,SDSS J233643.89+003807.0,23h36m43.8994s,+00d38m07.074s,354.1829141861,0.6352985687,G,140269.89317362,0.46789,SLS,25.7670715965001,2,0,9,2,1,4,0,0,0,1
971,SDSS J233919.99+002328.4,23h39m19.9937s,+00d23m28.402s,354.8333073227,0.3912229587,G,251684.76226474,0.83953,SLS,25.7811418684847,2,0,18,2,1,3,0,0,0,1
972,WISEA J233557.59+001505.9,23h35m57.5998s,+00d15m05.995s,353.9899995,0.2516654,G,83656.6537037605,0.27904856,SLS,25.7934092634822,4,0,36,6,2,4,0,0,0,1
974,SDSS J233855.12+003429.8,23h38m55.1202s,+00d34m29.845s,354.7296675446,0.5749571191,G,116682.22257818,0.38921,SLS,25.8336400467188,2,0,15,1,1,4,0,0,0,1
975,WISEA J233605.77+002653.8,23h36m05.7798s,+00d26m53.833s,354.0240828,0.4482872,G,19613.5887950216,0.06542389,SLS,25.8445048287583,1,0,21,5,1,0,0,0,0,1
976,SDSS J233904.88+000136.8,23h39m04.8881s,+00d01m36.845s,354.7703673335,0.0269016503,G,163926.5160344,0.5468,SLS,25.8573866905461,2,0,15,1,1,4,0,0,0,1
978,WISEA J233805.69-000830.8,23h38m05.6936s,-00d08m30.827s,354.5237237,-0.1418966,G,137153.370697235,0.4574944,SLS,25.8854861231426,4,0,33,6,3,4,0,0,0,1
979,WISEA J233728.63+004219.3,23h37m28.6393s,+00d42m19.388s,354.3693304,0.7053856,G,25379.3172642608,0.08465629,SLS,25.8963348358615,9,0,58,8,5,8,0,0,0,1
980,WISEA J233650.81+003918.6,23h36m50.8180s,+00d39m18.690s,354.2117417,0.6551918,G,17967.532735919,0.059933238,SLS,25.8977240762003,17,0,75,9,8,10,1,0,1,1
981,WISEA J233730.49-000913.5,23h37m30.5309s,-00d09m13.611s,354.37721208333,-0.15378083333,G,202189.02744894,0.67443,SLS,25.9492349606814,2,0,16,3,1,0,0,0,0,1
982,WISEA J233910.97+000349.9,23h39m10.9939s,+00d03m50.474s,354.7958082354,0.0640207166,G,150678.68731538,0.50261,SLS,25.9513563512074,2,0,31,3,1,4,0,0,0,1
984,WISEA J233915.35+002721.9,23h39m15.3427s,+00d27m22.075s,354.813928,0.456132,*,38.8079987814939,0.00012944955,SLS,26.018000072932,0,0,30,6,1,4,0,0,0,1
988,WISEA J233810.02-000825.6,23h38m10.0212s,-00d08m25.687s,354.5417551,-0.1404688,G,80899.9121562215,0.26985306,SLS,26.0865378880962,2,0,36,6,2,4,0,0,0,1
989,WISEA J233921.78+001002.4,23h39m21.7638s,+00d10m02.790s,354.8406827416,0.1674417092,G,236887.00653786,0.79017,SLS,26.1260715508571,2,0,31,3,1,4,0,0,0,1
991,SDSS J233555.94+001644.8,23h35m55.9404s,+00d16m44.887s,353.9830850582,0.2791353341,G,103653.2423535,0.34575,SLS,26.1650039940295,2,0,19,2,1,4,0,0,0,1
992,SDSS J233600.62+002422.1,23h36m00.6210s,+00d24m22.188s,354.0025878945,0.4061635761,G,144976.63476422,0.48359,SLS,26.1741038956846,2,0,19,2,1,4,0,0,0,1
993,SDSS J233729.34-000927.5,23h37m29.3471s,-00d09m27.507s,354.3722796391,-0.1576410552,G,215697.67560642,0.71949,SLS,26.2098770549272,3,0,19,2,1,4,0,0,0,1
994,SDSS J233640.19+003804.0,23h36m40.1903s,+00d38m04.052s,354.167459721,0.6344589303,G,177788.91929232,0.59304,SLS,26.24733902876,2,0,19,2,1,4,0,0,0,1
997,SDSS J233624.24-000130.4,23h36m24.2454s,-00d01m30.487s,354.1010227721,-0.025135354,G,112715.96835884,0.37598,SLS,26.3111618539884,2,0,15,1,1,4,0,0,0,1
999,SDSS J233832.12-000621.6,23h38m32.1219s,-00d06m21.628s,354.6338415207,-0.1060079667,G,276000.92853312,0.92064,SLS,26.3265972205169,2,0,19,2,1,4,0,0,0,1
1002,SDSS J233836.96+003853.2,23h38m36.9623s,+00d38m53.205s,354.6540097432,0.6481126323,G,60333.2321725,0.20125,SLS,26.3672266633045,2,0,19,2,1,4,0,0,0,1
1004,WISEA J233756.75+004241.0,23h37m56.7582s,+00d42m41.054s,354.4864926,0.7114041,G,98578.1457697554,0.3288213,SLS,26.3951632875795,3,0,27,5,3,4,0,0,0,1
1007,SDSS J233616.76+000029.0,23h36m16.7664s,+00d00m29.057s,354.0698602761,0.0080715482,G,173618.80620154,0.57913,SLS,26.4379682707569,2,0,5,1,1,4,0,0,0,1
1008,WIG S00J233726454-00093905,23h37m26.4540s,-00d09m39.049s,354.360225,-0.16084694444,G,274259.13435214,0.91483,SLS,26.4879614911889,2,0,0,1,1,0,0,0,0,1
1015,WISEA J233556.01+002143.3,23h35m56.0109s,+00d21m43.303s,353.983379,0.3620286,G,278066.49856874,0.92753,SLS,26.6437536048384,5,0,25,4,2,4,0,0,0,1
1016,WISEA J233859.47-000119.8,23h38m59.4731s,-00d01m19.853s,354.7478047,-0.0221814,G,8.44750601327793,2.8177847e-05,SLS,26.6519155647747,2,0,33,4,1,4,0,0,0,1
1017,WISEA J233649.52-000648.7,23h36m49.5269s,-00d06m48.708s,354.2063622,-0.11353,G,117138.761522845,0.39073285,SLS,26.6672079983678,3,0,27,5,3,4,0,0,0,1
1020,SDSS J233845.21+003753.0,23h38m45.2182s,+00d37m53.042s,354.6884093824,0.6314005821,G,136132.75725322,0.45409,SLS,26.7200852606086,2,0,19,2,1,4,0,0,0,1
1021,WISEA J233619.74-000053.0,23h36m19.7439s,-00d00m53.075s,354.0822664,-0.0147433,QSO,112453.949750548,0.375106,SLS,26.7266614332676,24,0,28,12,14,4,0,0,0,1
1024,WISEA J233600.91+000651.5,23h36m00.9150s,+00d06m51.525s,354.0038126,0.1143126,G,26722.3017354578,0.089136004,SLS,26.7572866971467,11,0,56,9,6,8,0,0,0,1
1025,WISEA J233751.94-001000.8,23h37m51.9490s,-00d10m00.867s,354.4664545,-0.1669075,G,21503.9888982624,0.071729586,SLS,26.7652577575756,4,0,35,7,3,4,0,0,0,1
1027,GALEXASC J233912.37+000242.9,23h39m12.3101s,+00d02m43.238s,354.80129208333,0.04534388889,G,83228.38218996,0.27762,SLS,26.8011854022033,2,0,8,3,1,0,0,0,0,1
1032,WISEA J233720.46-000947.0,23h37m20.4601s,-00d09m47.063s,354.3352504,-0.1630733,G,87968.2898201885,0.29343063,SLS,26.860514689722,4,0,27,5,3,4,0,0,0,1
1034,SDSS J233755.72-001000.0,23h37m55.7225s,-00d10m00.040s,354.4821771365,-0.1666778426,G,151811.90280662,0.50639,SLS,26.8679877767464,2,0,15,1,1,4,0,0,0,1
1036,SDSS J233604.03+000447.1,23h36m04.0400s,+00d04m47.100s,354.01683333333,0.07975,G,22868.16869624,0.07628,SLS,26.8761496468408,18,0,25,10,10,4,0,0,0,1
1038,2MASX J23360380+0004470,23h36m04.0471s,+00d04m43.248s,354.016863,0.07868,G,23099.1407975815,0.07705044,SLS,26.9028377816784,7,0,42,8,7,6,0,1,1,1
1039,WISEA J233914.73+000332.4,23h39m14.7306s,+00d03m33.127s,354.8113777248,0.0592020239,G,136111.77178116,0.45402,SLS,26.9077711978661,2,0,27,2,1,4,0,0,0,1
1040,WISEA J233554.74+002137.8,23h35m54.7476s,+00d21m37.878s,353.9781153,0.3605218,G,139640.508887295,0.4657906,SLS,26.9367180680178,4,0,27,3,1,4,0,0,0,1
1041,SDSS J233603.74+000447.1,23h36m03.7584s,+00d04m47.253s,354.01566,0.079792506,G,6.22992831037623,2.0780804e-05,SLS,26.9382811542147,2,0,15,2,1,3,0,0,0,1
1042,WISEA J233601.39+002707.6,23h36m01.3854s,+00d27m07.223s,354.0057724854,0.4520066199,G,150699.67278744,0.50268,SLS,26.94205448241,2,0,31,3,1,4,0,0,0,1
1043,WISEA J233915.32+000341.0,23h39m15.3170s,+00d03m41.531s,354.8138208787,0.0615365745,G,107256.74769866,0.35777,SLS,26.9687429925554,2,0,27,2,1,4,0,0,0,1
1045,WISEA J233911.52+000204.3,23h39m11.5265s,+00d02m04.319s,354.7980274,0.0345331,G,28064.8239266846,0.093614176,SLS,26.9775171281782,12,0,65,8,5,10,0,0,1,1
1046,WISEA J233905.71+003315.1,23h39m05.7130s,+00d33m15.187s,354.7738045,0.5542187,G,5371.56524276275,0.017917613,SLS,27.0197470188907,7,0,30,10,5,0,0,0,0,1
1051,WISEA J233731.56+004333.8,23h37m31.5616s,+00d43m33.871s,354.3815068,0.7260755,G,76431.1997814243,0.25494704,SLS,27.0590317838426,3,0,34,6,2,4,0,0,0,1
1053,SDSS J233750.69+004332.6,23h37m50.6937s,+00d43m32.652s,354.4612237721,0.7257366703,G,92054.27215348,0.30706,SLS,27.062097263561,2,0,23,3,1,4,0,0,0,1
1055,WISEA J233752.16-001021.3,23h37m52.2072s,-00d10m19.963s,354.46753,-0.172212,G,21531.2712111102,0.07182059,SLS,27.0885920791754,2,0,36,7,2,4,0,0,0,1
1056,WISEA J233741.07+004341.7,23h37m41.0718s,+00d43m41.778s,354.4211328,0.7282717,*,4.1031058789075,1.3686488e-05,SLS,27.0965588311892,0,0,23,4,1,3,0,0,0,1
1057,SDSS J233559.94+000632.4,23h35m59.9421s,+00d06m32.404s,353.9997589386,0.109001164,G,127783.53729792,0.42624,SLS,27.1006383755342,2,0,15,1,1,4,0,0,0,1
1058,WISEA J233648.27-000710.1,23h36m48.3024s,-00d07m09.940s,354.20126,-0.119428,*,15.9498893213896,5.3203104e-05,SLS,27.1246451050873,0,0,17,3,1,4,0,0,0,1
1060,WISEA J233553.31+001221.5,23h35m53.3630s,+00d12m22.629s,353.97234583333,0.20628583333,G,231478.75059554,0.77213,SLS,27.1395518752083,2,0,15,3,1,0,0,0,0,1
1062,WISEA J233628.63+003655.5,23h36m28.5816s,+00d36m55.616s,354.11909,0.615449,G,58831.5687524534,0.19624099,SLS,27.1538096212603,1,0,36,6,1,4,0,0,0,1
1063,SDSS J233839.95+003920.4,23h38m39.9585s,+00d39m20.451s,354.6664937501,0.6556810671,G,215898.53655328,0.72016,SLS,27.154117675058,2,0,15,1,1,4,0,0,0,1
1065,SDSS J233739.95+004345.7,23h37m39.9572s,+00d43m45.703s,354.4164885552,0.7293621019,G,75035.05431282,0.25029,SLS,27.1622013921414,2,0,19,2,1,4,0,0,0,1
1068,2MASX J23373197+0043415,23h37m31.9700s,+00d43m41.400s,354.38320833333,0.72816666667,G,77020.750643855,0.25691357,SLS,27.1757706269091,14,0,39,15,16,6,0,0,1,2
1070,WISEA J233821.65-000837.0,23h38m21.6578s,-00d08m37.019s,354.5902412,-0.1436166,G,27869.9570302299,0.09296417,SLS,27.2260121636841,18,0,72,11,7,10,0,1,1,1
1072,WISEA J233818.09+004215.5,23h38m18.0886s,+00d42m15.540s,354.575369293,0.704316838,G,111846.57023064,0.37308,SLS,27.3169430643781,2,0,31,3,1,4,0,0,0,1
1073,SDSS J233848.58-000447.2,23h38m48.5886s,-00d04m47.238s,354.7024525318,-0.0797883461,G,98502.80792506,0.32857,SLS,27.3188242184583,2,0,19,2,1,4,0,0,0,1
1074,WISEA J233605.33+003000.7,23h36m05.3176s,+00d30m00.930s,354.0221569989,0.5002583758,G,303767.70599308,1.01326,SLS,27.3380458508048,2,0,31,3,1,4,0,0,0,1
1075,WISEA J233921.07+002729.7,23h39m21.0721s,+00d27m29.711s,354.8378008,0.4582532,G,154983.557116031,0.5169695,SLS,27.3787375057781,2,0,27,3,1,4,0,0,0,1
1076,WIG S00J233926873+00232361,23h39m26.8730s,+00d23m23.611s,354.86197083333,0.38989194444,G,103317.47480054,0.34463,SLS,27.4226161550655,2,0,0,1,1,0,0,0,0,1
1078,WISEA J233929.98+001421.4,23h39m29.9865s,+00d14m21.409s,354.8749439,0.2392805,G,166768.54853624,0.55628,SLS,27.4382075649336,2,0,31,3,1,4,0,0,0,1
1081,WISEA J233921.59+000547.0,23h39m21.5986s,+00d05m47.037s,354.8399945,0.0963993,*,12.9615757878007,4.3235163e-05,SLS,27.4686278775914,0,0,29,6,1,4,0,0,0,1
1083,WISEA J233633.54-000511.9,23h36m33.5449s,-00d05m11.904s,354.1397706,-0.0866402,*,58.0092440360086,0.00019349801,SLS,27.4989581423619,0,0,23,4,1,4,0,0,0,1
1084,WISEA J233551.43+001302.8,23h35m51.4200s,+00d13m02.600s,353.96425,0.217389,G,19708.449124582,0.06574031,SLS,27.5254922109153,1,0,36,6,1,4,0,0,0,1
1087,WISEA J233926.20+002452.7,23h39m26.2013s,+00d24m52.793s,354.8591724,0.4146649,G,40156.1564713462,0.13394652,SLS,27.6678390017537,12,0,71,9,5,10,0,0,1,1
1088,WISEA J233820.74-000914.1,23h38m20.7417s,-00d09m14.185s,354.5864239,-0.1539403,*,8.01243160902051,2.6726595e-05,SLS,27.716960859844,0,0,23,4,1,4,0,0,0,1
1091,WISEA J233930.10+002109.3,23h39m30.1045s,+00d21m09.347s,354.8754355,0.3525964,G,75147.4255198521,0.25066483,SLS,27.7522102125687,4,0,54,7,4,8,0,0,0,1
1092,SDSS J233927.05+002432.1,23h39m27.0572s,+00d24m32.145s,354.8627385958,0.4089291832,G,176385.89058888,0.58836,SLS,27.771793078666,2,0,18,2,1,4,0,0,0,1
1093,WISEA J233600.65+002848.8,23h36m00.6750s,+00d28m49.077s,354.0028126706,0.4802991887,G,170698.82766062,0.56939,SLS,27.8084984739746,2,0,27,2,1,4,0,0,0,1
1097,SDSS J233904.51-000151.1,23h39m04.5132s,-00d01m51.199s,354.7688049947,-0.0308887901,G,184971.946586,0.617,SLS,27.9394243856072,2,0,19,2,1,4,0,0,0,1
1100,WISEA J233826.31-000856.9,23h38m26.3104s,-00d08m56.994s,354.6096268,-0.149165,*,3.03718030382789,1.0130943e-05,SLS,27.9890503803862,0,0,23,4,1,4,0,0,0,1
1101,WISEA J233558.54+000504.1,23h35m58.5422s,+00d05m04.180s,353.9939259,0.0844947,G,12516.1291640814,0.041749313,SLS,27.9987125780828,11,0,56,10,9,8,0,0,0,2
1102,WIG S00J233603507+00023848,23h36m03.5069s,+00d02m38.479s,354.01461208333,0.04402194444,G,204722.27371904,0.68288,SLS,28.0005553584905,2,0,0,1,1,0,0,0,0,1
1103,WISEA J233931.28+001205.5,23h39m31.2849s,+00d12m05.569s,354.880354,0.201547,G,27958.2249236388,0.0932586,SLS,28.0356731847586,3,0,39,7,2,4,0,0,0,1
1105,SDSS J233819.39+004255.7,23h38m19.3963s,+00d42m55.738s,354.5808182309,0.7154830059,G,169868.40255196,0.56662,SLS,28.0585137889385,2,0,15,1,1,4,0,0,0,1
1107,WISEA J233549.21+001315.1,23h35m49.1472s,+00d13m14.846s,353.95478,0.22079066,G,40467.3740199205,0.13498463,SLS,28.0639031493276,6,0,25,6,3,4,0,0,0,1
1113,WISEA J233851.41-000515.7,23h38m51.3828s,-00d05m15.270s,354.714095065,-0.0875750016,G,251106.1628208,0.8376,SLS,28.1203723928407,2,0,27,2,1,4,0,0,0,1
1116,WISEA J233700.93+004256.0,23h37m00.9380s,+00d42m56.043s,354.2539084,0.7155676,G,34961.1477010809,0.116617836,SLS,28.138792387529,12,0,56,9,8,8,0,0,0,2
1119,WISEA J233609.04+003300.3,23h36m09.0432s,+00d33m00.338s,354.03768,0.5500941,G,108383.745494321,0.36152926,SLS,28.1608282827381,1,0,31,4,1,4,0,0,0,1
1120,SDSS J233930.98+002222.5,23h39m30.9845s,+00d22m22.540s,354.8791022077,0.3729279987,G,107871.32223756,0.35982,SLS,28.1936265006036,2,0,23,3,1,4,0,0,0,1
1121,WISEA J233829.27+004203.4,23h38m29.2466s,+00d42m03.708s,354.6218610854,0.7010299866,G,167401.11062262,0.55839,SLS,28.2169802311161,3,0,35,4,1,4,0,0,0,1
1123,WISEA J233932.40+002037.1,23h39m32.3976s,+00d20m38.079s,354.88499,0.343911,*,44.1361291935642,0.00014722228,SLS,28.2387086399001,0,0,20,4,1,2,0,0,0,1
1124,SDSS J233659.62-000943.0,23h36m59.6244s,-00d09m43.044s,354.2484353189,-0.1619567844,G,336103.32051296,1.12112,SLS,28.2407915623655,2,0,15,1,1,4,0,0,0,1
1125,SDSS J233701.98+004308.4,23h37m01.9845s,+00d43m08.400s,354.2582690709,0.7190001613,G,187373.28417458,0.62501,SLS,28.2411308309231,2,0,19,2,1,4,0,0,0,1
1126,SDSS J233601.47+003008.8,23h36m01.4781s,+00d30m08.817s,354.0061588874,0.5024492932,G,230225.6181211,0.76795,SLS,28.2411439958274,2,0,8,2,1,4,0,0,0,1
1129,SDSS J233802.72-001106.8,23h38m02.7223s,-00d11m06.879s,354.5113433014,-0.1852444172,G,167131.29741042,0.55749,SLS,28.261104541329,2,0,15,1,1,4,0,0,0,1
1130,WISEA J233804.59+004413.0,23h38m04.5992s,+00d44m13.059s,354.5191637,0.7369609,G,138029.849923293,0.46041802,SLS,28.2618066746444,4,0,27,3,1,4,0,0,0,1
1139,WISEA J233839.44-000742.2,23h38m39.4480s,-00d07m42.268s,354.6643668,-0.1284078,G,102375.481928635,0.34148785,SLS,28.410371276064,2,0,33,5,2,4,0,0,0,1
1140,SDSS J233805.50+004419.6,23h38m05.5042s,+00d44m19.616s,354.522934342,0.7387823045,G,204344.53522196,0.68162,SLS,28.4173139723873,2,0,19,2,1,4,0,0,0,1
1141,2MASS J23392207+0003466,23h39m22.0740s,+00d03m46.674s,354.841975,0.062965,*,7.10667914840114,2.370533e-05,SLS,28.4246520331477,0,0,11,3,1,4,0,0,0,1
1142,SDSS J233930.72+002344.0,23h39m30.7259s,+00d23m44.070s,354.8780248209,0.3955750411,G,55536.5528445,0.18525,SLS,28.4404270190362,2,0,15,1,1,4,0,0,0,1
1143,SDSS J233746.71+004501.2,23h37m46.7138s,+00d45m01.244s,354.4446408817,0.7503456485,G,249817.0552514,0.8333,SLS,28.4618056702587,2,0,15,1,1,4,0,0,0,1
1149,SDSS J233817.94+004337.2,23h38m17.9422s,+00d43m37.276s,354.5747595325,0.7270211509,G,199158.12569856,0.66432,SLS,28.5883687368445,3,0,16,2,2,4,0,0,0,1
1150,WISEA J233804.08+004435.0,23h38m04.0896s,+00d44m34.920s,354.51704,0.74303356,QSO,471996.543592238,1.574411,SLS,28.5915248814606,23,0,26,10,13,4,0,0,0,1
1151,WISEA J233812.95-001051.7,23h38m12.9564s,-00d10m51.728s,354.553985,-0.1810357,G,22474.4692486961,0.07496676,SLS,28.6286997786128,2,0,34,5,1,4,0,0,0,1
1152,WISEA J233850.65+003918.7,23h38m50.6390s,+00d39m17.791s,354.71099583333,0.65494194444,G,266116.77119286,0.88767,SLS,28.6653445556235,2,0,20,4,1,0,0,0,0,1
1153,GALEXMSC J233918.87+003124.2,23h39m18.8981s,+00d31m22.198s,354.82874208333,0.52283277778,G,184711.12714754,0.61613,SLS,28.6710492741308,2,0,3,2,1,0,0,0,0,1
1154,WISEA J233841.08-000746.3,23h38m41.0839s,-00d07m46.345s,354.6711832,-0.1295405,G,28328.0500989974,0.094492204,SLS,28.6820244678374,10,0,61,8,4,8,0,0,0,1
1159,WISEA J233711.20-001111.6,23h37m11.2023s,-00d11m11.663s,354.2966764,-0.1865732,G,117086.264865525,0.39055774,SLS,28.7496391899156,4,0,27,5,3,4,0,0,0,1
1160,WISEA J233909.44-000140.7,23h39m09.4560s,-00d01m40.969s,354.7894,-0.028047,G,18048.6445833555,0.060203798,SLS,28.7701232785317,2,0,36,7,2,4,0,0,0,1
1164,2MASS J23393578+0015074,23h39m35.7804s,+00d15m07.437s,354.899085,0.252066,G,55999.6362585234,0.18679468,SLS,28.8326038226467,1,0,19,3,1,4,0,0,0,1
1170,WISEA J233922.82+003017.0,23h39m22.8279s,+00d30m17.013s,354.8451163,0.5047259,*,5.32255247359679,1.7754124e-05,SLS,28.9890970447285,0,0,23,4,1,4,0,0,0,1
1171,WISEA J233828.86-000945.7,23h38m28.8617s,-00d09m45.760s,354.6202573,-0.1627112,*,3.66663264304106,1.223057e-05,SLS,28.9924905130859,0,0,23,4,1,4,0,0,0,1
1172,WISEA J233551.68+002634.5,23h35m51.6840s,+00d26m34.524s,353.9653502,0.4429235,G,19625.8473086292,0.06546478,SLS,28.9982175041355,11,0,56,10,5,6,0,0,1,1
1173,SDSS J233546.42+002147.4,23h35m46.4269s,+00d21m47.480s,353.9434456303,0.3631889177,G,170506.9604875,0.56875,SLS,29.0110667021421,2,0,19,2,1,4,0,0,0,1
1174,WISEA J233550.58+002551.6,23h35m50.5808s,+00d25m51.645s,353.9607537,0.4310126,G,127348.238648904,0.424788,SLS,29.0214556042009,2,0,27,3,1,4,0,0,0,1
1175,WISEA J233848.54-000656.8,23h38m48.5449s,-00d06m56.871s,354.7022707,-0.1157975,*,6.82213323543765,2.2756187e-05,SLS,29.035014966656,0,0,23,4,1,4,0,0,0,1
1178,SDSS J233843.32+004103.4,23h38m43.3239s,+00d41m03.475s,354.6805165163,0.6842987603,G,107910.2952571,0.35995,SLS,29.0528036778786,2,0,19,2,1,4,0,0,0,1
1180,SDSS J233926.14+002847.3,23h39m26.1454s,+00d28m47.321s,354.8589392103,0.4798115735,G,137829.5825655,0.45975,SLS,29.0649792133425,2,0,19,2,1,4,0,0,0,1
1181,WISEA J233831.23+004246.2,23h38m31.2399s,+00d42m46.207s,354.6301664,0.7128355,G,140612.47500915,0.46903273,SLS,29.0712620620351,5,0,27,4,2,4,0,0,0,1
1187,SDSS J233606.85+003357.2,23h36m06.8520s,+00d33m57.244s,354.0285500908,0.5659013267,G,187604.12436724,0.62578,SLS,29.1620600001474,2,0,9,2,1,3,0,0,0,1
1189,SDSS J233701.25+004407.3,23h37m01.2550s,+00d44m07.373s,354.2552293698,0.7353816389,G,199520.87457274,0.66553,SLS,29.2276130938067,2,0,15,1,1,4,0,0,0,1
1190,WISEA J233601.60+003212.6,23h36m01.6099s,+00d32m12.674s,354.0067082,0.5368539,QSO,290543.201127292,0.9691478,SLS,29.2594884315774,22,0,27,9,11,4,0,0,0,1
1191,WISEA J233909.47-000226.7,23h39m09.4774s,-00d02m26.791s,354.7894894,-0.0407754,G,122151.096555508,0.4074522,SLS,29.2654580397071,4,0,47,5,5,8,0,0,0,1
1192,WISEA J233640.17-000831.6,23h36m40.1770s,-00d08m31.633s,354.1674043,-0.1421205,G,26840.8174887091,0.08953133,SLS,29.3182481660229,2,0,36,7,2,4,0,0,0,1
1193,WISEA J233749.24-001238.9,23h37m49.2552s,-00d12m39.027s,354.45523,-0.210841,*,2.9773045549463,9.931219e-06,SLS,29.3303840041411,0,0,23,4,1,4,0,0,0,1
1194,WISEA J233543.79+001940.5,23h35m43.7903s,+00d19m40.513s,353.9324598,0.3279203,*,15.3624735808448,5.1243696e-05,SLS,29.3634773808118,0,0,22,4,1,4,0,0,0,1
1195,WISEA J233603.54+000006.1,23h36m03.4513s,+00d00m05.207s,354.0143807118,0.0014465399,G,138534.0948418,0.4621,SLS,29.3691544045966,2,0,31,3,1,4,0,0,0,1
1196,WISEA J233826.49-001026.1,23h38m26.4938s,-00d10m26.186s,354.6103909,-0.1739407,G,73638.8878587436,0.24563289,SLS,29.3701999998043,2,0,34,5,1,4,0,0,0,1
1198,WISEA J233912.36-000150.0,23h39m12.3633s,-00d01m50.036s,354.8015138,-0.0305657,QSO,133321.639349649,0.44471312,SLS,29.4293781890762,5,0,38,6,5,4,0,0,0,1
1199,WISEA J233600.68+003210.2,23h36m00.6838s,+00d32m10.290s,354.0028492,0.5361919,G,22556.5074548278,0.07524041,SLS,29.4345413754205,6,0,56,8,5,8,0,0,0,2
1200,WIG S00J233834318+00425067,23h38m34.3181s,+00d42m50.670s,354.64299208333,0.714075,G,164304.25453148,0.54806,SLS,29.4807000306012,2,0,0,1,1,0,0,0,0,1
1201,WISEA J233602.09+003248.5,23h36m02.0925s,+00d32m48.533s,354.008719,0.5468148,G,223099.55139444,0.74418,SLS,29.4818188850506,2,0,30,3,1,4,0,0,0,1
1203,WISEA J233857.02-000551.6,23h38m57.0277s,-00d05m51.679s,354.7376154,-0.0976886,G,25198.9111568102,0.08405452,SLS,29.4886965278559,1,0,36,6,1,4,0,0,0,1
1206,WISEA J233925.83+002959.8,23h39m25.8333s,+00d29m59.853s,354.8576388,0.4999593,G,138355.96715703,0.46150583,SLS,29.5227069765698,3,0,31,5,2,4,0,0,0,1
1208,WISEA J233652.83-001028.4,23h36m52.8379s,-00d10m28.499s,354.2201583,-0.1745833,*,8.90760499338197,2.9712572e-05,SLS,29.5910485940934,0,0,23,4,1,4,0,0,0,1
1210,WISEA J233559.55+003204.9,23h35m59.5599s,+00d32m04.942s,353.9981666,0.5347063,G,154234.22586726,0.51447,SLS,29.6266529064175,2,0,27,2,1,4,0,0,0,1
1216,WIG S00J233847243+00411160,23h38m47.2430s,+00d41m11.601s,354.69684583333,0.68655583333,G,164472.13830796,0.54862,SLS,29.7050971002164,2,0,0,1,1,0,0,0,0,1
1222,SDSS J233743.20-001309.3,23h37m43.2093s,-00d13m09.371s,354.4300391305,-0.2192698814,G,81087.86403984,0.27048,SLS,29.7633427678495,2,0,19,2,1,4,0,0,0,1
1223,WISEA J233541.62+001749.8,23h35m41.6268s,+00d17m49.845s,353.923445,0.2971792,G,198742.061733649,0.66293216,SLS,29.7683760544865,12,0,25,6,5,4,0,0,0,1
1224,SDSS J233935.53+000846.3,23h39m35.5369s,+00d08m46.367s,354.8980704308,0.1462130923,G,40705.81994724,0.13578,SLS,29.7810283516069,2,0,19,2,1,4,0,0,0,1
1225,WISEA J233919.58-000002.7,23h39m19.5665s,-00d00m03.856s,354.8315271623,-0.0010712712,G,118903.68469196,0.39662,SLS,29.8302162733548,2,0,31,3,1,4,0,0,0,1
1226,WISEA J233625.35-000634.6,23h36m25.3599s,-00d06m34.617s,354.1056663,-0.1096159,G,183351.598329756,0.6115951,SLS,29.8493865919952,4,0,35,6,3,4,0,0,0,1
1227,WISEA J233758.66-001255.0,23h37m58.6654s,-00d12m55.040s,354.4944394,-0.215289,G,34645.1721464056,0.115563855,SLS,29.8608574401113,12,0,56,8,4,6,0,0,1,1
1229,SDSS J233806.28+004550.9,23h38m06.2874s,+00d45m50.966s,354.5261975432,0.7641573116,G,176203.0171895,0.58775,SLS,29.9460557910849,2,0,19,2,1,4,0,0,0,1
1232,WISEA J233817.93-001157.4,23h38m17.8896s,-00d11m57.347s,354.57454,-0.19926305,G,22347.8878791547,0.07454453,SLS,30.0389649861069,4,0,40,8,3,4,0,0,0,2
1233,WISEA J233547.86+002700.8,23h35m47.8606s,+00d27m00.837s,353.9494193,0.4502327,G,82604.777902225,0.27553988,SLS,30.0466824490307,1,0,19,4,1,0,0,0,0,1
1236,WISEA J233602.50+003404.9,23h36m02.4840s,+00d34m04.162s,354.01035,0.567823,G,8026.34677575104,0.026773011,SLS,30.1134008748807,5,0,21,7,2,0,0,0,0,1
1241,WISEA J233854.77-000711.6,23h38m54.7877s,-00d07m11.692s,354.7282821043,-0.1199146539,G,208562.61510602,0.69569,SLS,30.1692373257913,2,0,30,3,1,4,0,0,0,1
1243,WISEA J233939.60+002157.3,23h39m39.6095s,+00d21m57.358s,354.9150398,0.365933,G,108395.95903906,0.36157,SLS,30.2301726119191,2,0,33,4,1,4,0,0,0,1
1244,SDSS J233750.18+004645.1,23h37m50.1813s,+00d46m45.141s,354.4590890735,0.7792060767,G,214714.35634418,0.71621,SLS,30.2473513483494,2,0,22,3,1,3,0,0,0,1
1245,WISEA J233940.09+002121.0,23h39m40.0962s,+00d21m21.057s,354.9170675,0.3558494,G,20379.7563882339,0.06797955,SLS,30.2490235989744,15,0,74,12,7,10,0,0,1,1
1246,WISEA J233539.72+001509.7,23h35m39.7289s,+00d15m09.737s,353.9155373,0.2527049,G,170631.94396324,0.5691669,SLS,30.2516180869657,4,0,50,7,6,8,0,0,0,1
1248,WISEA J233603.64+003448.9,23h36m03.6460s,+00d34m48.941s,354.0151917,0.5802614,G,26226.144018298,0.087481,SLS,30.3196554675985,11,0,75,9,7,10,0,0,1,1
1255,WISEA J233551.21+002956.6,23h35m51.2199s,+00d29m56.662s,353.9634164,0.4990728,G,76087.3258404,0.2538,SLS,30.4267420781051,2,0,27,2,1,4,0,0,0,1
1256,WISEA J233922.18-000010.4,23h39m22.1890s,-00d00m10.497s,354.8424542,-0.002916,G,27852.724959744,0.09290669,SLS,30.4370651176754,14,0,71,10,7,10,0,0,1,1
1257,WISEA J233924.33+003234.1,23h39m24.3383s,+00d32m34.135s,354.8514098,0.5428155,G,139064.547616985,0.4638694,SLS,30.4561025369623,6,0,47,5,4,8,0,0,0,1
1259,WISEA J233640.20+004304.8,23h36m40.2010s,+00d43m04.887s,354.1675045,0.7180242,*,17.5247578625854,5.84563e-05,SLS,30.4836139715971,0,0,30,6,1,4,0,0,0,1
1264,SDSS J233539.02+002004.3,23h35m39.0267s,+00d20m04.314s,353.9126115601,0.3345317915,G,231089.02040014,0.77083,SLS,30.5905314516306,2,0,22,3,1,4,0,0,0,1
1266,WISEA J233747.75+004711.5,23h37m47.7697s,+00d47m11.910s,354.4490404594,0.7866416994,G,187885.92927776,0.62672,SLS,30.6509516648835,2,0,31,3,1,4,0,0,0,1
1267,WISEA J233758.49-001347.4,23h37m58.4972s,-00d13m47.415s,354.4937386,-0.2298375,G,21386.6543272956,0.0713382,SLS,30.7178563440915,1,0,42,7,1,4,0,0,0,1
1269,SDSS J233826.58+004508.4,23h38m26.5841s,+00d45m08.445s,354.6107672417,0.752346004,G,137197.02047912,0.45764,SLS,30.7688557264251,2,0,19,2,1,4,0,0,0,1
1270,WISEA J233626.77-000803.6,23h36m26.7717s,-00d08m03.629s,354.1115489,-0.1343415,QSO,222579.171645844,0.7424442,SLS,30.8026121682522,43,0,57,16,27,8,0,1,0,3
1271,WISEA J233943.65+001452.7,23h39m43.6579s,+00d14m52.750s,354.931908,0.2479862,*,8.11212189487171,2.7059126e-05,SLS,30.8122518660614,0,0,31,7,2,4,0,0,0,2
1272,SDSS J233853.20+004130.0,23h38m53.2080s,+00d41m30.074s,354.7217,0.69168734,G,245044.79102118,0.81738144,SLS,30.8146402677051,1,0,15,2,1,4,0,0,0,1
1273,WISEA J233856.26-000743.7,23h38m56.2614s,-00d07m43.759s,354.7344226,-0.1288221,G,25226.336170868,0.084146,SUN,30.8172817858927,19,0,57,11,7,6,0,1,1,1
1276,2MASS J23353836+0020477,23h35m38.3760s,+00d20m47.778s,353.9099,0.346605,G,21563.5468671385,0.07192825,SLS,30.8423424619114,3,0,19,3,1,4,0,0,0,1
1277,WISEA J233538.26+002041.0,23h35m38.2683s,+00d20m41.037s,353.9094514,0.3447326,G,58089.8942030597,0.19376703,SLS,30.8539396113881,13,0,62,5,4,10,0,0,1,1
1278,WISEA J233539.95+001005.6,23h35m39.9574s,+00d10m05.674s,353.9164893,0.1682429,G,140139.321566463,0.46745446,SLS,30.8540219001964,5,0,27,3,1,4,0,0,0,1
1279,WISEA J233538.98+002151.7,23h35m38.9802s,+00d21m51.727s,353.9124178,0.3643686,G,58316.3034631905,0.19452225,SLS,30.8564482989956,12,0,47,6,4,6,0,0,1,1
1281,WISEA J233800.79+004704.5,23h38m00.7403s,+00d47m04.302s,354.5030848496,0.7845285107,G,81441.61914028,0.27166,SLS,30.8848667334748,2,0,31,3,1,4,0,0,0,1
1282,SDSS J233907.54-000522.1,23h39m07.5496s,-00d05m22.160s,354.7814569466,-0.0894890791,G,232830.81458112,0.77664,SLS,30.9057389623438,2,0,15,1,1,4,0,0,0,1
1283,WISEA J233905.18+003910.0,23h39m05.1881s,+00d39m10.022s,354.7716173,0.6527839,G,140890.46356168,0.46996,SLS,30.926321877698,2,0,35,4,1,4,0,0,0,1
1284,WISEA J233655.30-001212.4,23h36m55.3425s,-00d12m11.197s,354.2305939575,-0.2031103183,G,222338.07855112,0.74164,SLS,30.9302981786514,2,0,27,2,1,4,0,0,0,1
1285,WISEA J233915.54-000317.7,23h39m15.5300s,-00d03m18.100s,354.81470833333,-0.05502777778,G,7031.410855556,0.023454262,SLS,30.9726395473528,19,0,42,11,7,4,0,0,0,2
1286,WISEA J233910.91+003750.0,23h39m10.9128s,+00d37m50.367s,354.7954700184,0.6306577141,G,259062.65465612,0.86414,SLS,30.9976861840977,2,0,31,3,1,4,0,0,0,1
1288,WISEA J233846.98+004247.9,23h38m46.9805s,+00d42m47.990s,354.6957522,0.7133307,G,67484.1486960036,0.22510289,SLS,31.0130355450625,1,0,28,4,1,4,0,0,0,1
1293,WISEA J233613.39-000540.3,23h36m13.3488s,-00d05m39.902s,354.0556201595,-0.0944172423,G,190248.2938468,0.6346,SLS,31.1693205946102,2,0,27,2,1,4,0,0,0,1
1294,WISEA J233909.46+003831.2,23h39m09.4675s,+00d38m31.258s,354.7894479,0.6420163,QSO,376558.933674753,1.2560654,SLS,31.2103436359908,38,0,50,17,25,8,0,1,0,1
1295,WISEA J233646.55-001134.6,23h36m46.5525s,-00d11m34.687s,354.1939689,-0.1929686,G,26792.8177182588,0.08937122,SLS,31.2502082262519,5,0,56,8,5,8,0,0,0,1
1297,SDSS J233537.36+002204.8,23h35m37.3678s,+00d22m04.848s,353.9056994961,0.3680134928,G,216588.05920668,0.72246,SLS,31.2912689528731,2,0,15,1,1,4,0,0,0,1
1299,2MASS J23391964-0002333,23h39m19.6490s,-00d02m33.338s,354.831871,-0.042594,*,8.00966902152004,2.671738e-05,SLS,31.3066145677164,0,0,11,3,1,4,0,0,0,1
1300,SDSS J233937.62+000526.1,23h39m37.6272s,+00d05m26.134s,354.90678,0.090593,*,245223.107575198,0.81797624,SLS,31.3144584631239,0,0,5,2,1,4,0,0,0,1
1301,SDSS J233750.98+004748.5,23h37m50.9865s,+00d47m48.594s,354.4624439138,0.7968318584,G,260765.47581756,0.86982,SLS,31.3177341734167,2,0,15,1,1,4,0,0,0,1
1302,SDSS J233813.69-001336.6,23h38m13.6973s,-00d13m36.666s,354.5570721429,-0.2268516855,G,223090.5576207,0.74415,SLS,31.3237091521801,2,0,9,2,1,4,0,0,0,1
1303,SDSS J233557.30-000111.9,23h35m57.3016s,-00d01m11.906s,353.9887568586,-0.0199739929,G,213005.53933358,0.71051,SLS,31.3638131833026,2,0,15,1,1,4,0,0,0,1
1304,WISEA J233603.07-000308.8,23h36m03.0552s,-00d03m08.463s,354.01273,-0.052351,*,41.6482085451893,0.00013892347,SLS,31.3750233579507,0,0,17,3,1,4,0,0,0,1
1305,WISEA J233941.68+000811.3,23h39m41.6989s,+00d08m11.444s,354.9237454147,0.1365124123,G,154986.70493684,0.51698,SLS,31.4207321550154,2,0,31,3,1,4,0,0,0,1
1309,WISEA J233907.98+003916.5,23h39m07.9840s,+00d39m16.586s,354.7832669,0.6546073,G,27291.8822230914,0.09103592,SLS,31.487078205778,4,0,52,8,1,6,0,0,1,1
1311,WISEA J233843.34-001043.2,23h38m43.3680s,-00d10m43.212s,354.6807,-0.17867,*,24.4093747414968,8.142091e-05,SLS,31.5060444887666,0,0,17,3,1,4,0,0,0,1
1313,WISEA J233820.15-001319.2,23h38m20.1574s,-00d13m19.267s,354.5839895,-0.2220187,G,20459.122244395,0.068244286,SLS,31.5130547205165,9,0,45,8,4,4,0,0,0,1
1318,WISEA J233534.46+001428.2,23h35m34.4619s,+00d14m28.290s,353.8935916,0.2411919,G,139744.354596406,0.466136992,SUN,31.6059298540657,8,0,48,5,4,8,0,0,0,1
1319,SDSS J233534.51+001357.4,23h35m34.5154s,+00d13m57.475s,353.8938142831,0.2326321656,G,116418.40521514,0.38833,SLS,31.6313620207303,2,0,15,1,1,4,0,0,0,1
1321,WISEA J233642.22+004440.5,23h36m42.2267s,+00d44m40.526s,354.1759448,0.7445908,G,127230.821934804,0.42439634,SLS,31.641386230059,2,0,27,3,1,4,0,0,0,1
1323,SDSS J233649.75-001223.6,23h36m49.7640s,-00d12m23.594s,354.20735,-0.20655409,G,42337.9800263294,0.1412243,SLS,31.656371206739,5,0,24,8,6,5,0,0,0,2
1324,WISEA J233621.18+004115.6,23h36m21.0370s,+00d41m15.993s,354.0876542528,0.6877760453,G,140200.94090828,0.46766,SLS,31.6867664302434,2,0,31,3,1,4,0,0,0,1
1326,SDSS J233831.92+004534.8,23h38m31.9290s,+00d45m34.838s,354.6330375233,0.7596774198,G,183694.83071492,0.61274,SLS,31.6943233600399,2,0,19,2,1,3,0,0,0,1
1328,WISEA J233946.24+002123.7,23h39m46.2424s,+00d21m23.702s,354.9426769,0.3565839,G,20339.5602154653,0.06784547,SLS,31.7740300360795,3,0,44,9,2,4,0,1,0,1
1329,SDSS J233556.31-000134.3,23h35m56.3179s,-00d01m34.350s,353.9846579945,-0.0262085879,G,179683.60762688,0.59936,SLS,31.7790387212168,2,0,15,1,1,4,0,0,0,1
1331,WISEA J233549.61+003208.9,23h35m49.6176s,+00d32m08.723s,353.95674,0.53575638,QSO,542239.865152615,1.8087175,SLS,31.8030976357194,24,0,26,10,13,4,0,2,0,1
1332,SDSS J233627.83-000931.3,23h36m27.8365s,-00d09m31.333s,354.1159857229,-0.158703727,G,267270.97215616,0.89152,SLS,31.8319924156963,2,0,15,1,1,4,0,0,0,1
1334,SDSS J233931.33+000047.2,23h39m31.3350s,+00d00m47.299s,354.8805627317,0.0131386587,G,216612.04260332,0.72254,SLS,31.8809345941148,2,0,5,1,1,4,0,0,0,1
1335,2MASX J23394712+0012210,23h39m47.1276s,+00d12m21.222s,354.946365,0.205895,G,20544.0876240866,0.0685277,SLS,31.9153653087942,25,0,60,13,10,10,0,0,1,1
1336,WISEA J233750.67-001513.0,23h37m50.6732s,-00d15m13.088s,354.4611385,-0.2536357,QSO,542098.243195456,1.8082451,SLS,31.9176442999307,20,0,22,7,11,4,0,1,0,1
1337,SDSS J233539.23+000640.9,23h35m39.2383s,+00d06m40.962s,353.9134932662,0.1113784897,G,212633.79668566,0.70927,SLS,31.9199206100567,2,0,19,2,1,4,0,0,0,1
1342,WISEA J233612.47+003945.4,23h36m12.4742s,+00d39m45.462s,354.0519762,0.6626285,G,150965.55871844,0.5035669,SLS,31.9629274341656,1,0,35,5,1,4,0,0,0,1
1344,WISEA J233908.79-000637.7,23h39m08.7970s,-00d06m37.738s,354.7866542,-0.1104829,QSO,144614.761284017,0.48238292,SLS,32.0273640674198,42,0,66,17,23,8,0,1,0,2
1345,SDSS J233639.69+004448.3,23h36m39.6979s,+00d44m48.349s,354.1654079112,0.7467637479,G,185385.66017804,0.61838,SLS,32.0525391785266,2,0,18,2,1,4,0,0,0,1
1346,SDSS J233948.85+001705.5,23h39m48.8526s,+00d17m05.574s,354.9535526491,0.2848818797,G,209027.29341592,0.69724,SLS,32.0665665706459,2,0,15,1,1,4,0,0,0,1
1347,SDSS J233604.23-000434.8,23h36m04.2349s,-00d04m34.828s,354.0176455681,-0.0763413658,G,207231.5365925,0.69125,SLS,32.0780003237005,2,0,19,2,1,4,0,0,0,1
1349,WISEA J233610.98-000626.0,23h36m11.0304s,-00d06m26.233s,354.04596,-0.107287,G,20008.5101966243,0.066741206,SLS,32.1267790191594,3,0,40,7,2,4,0,0,0,1
1350,SDSS J233857.12+004226.2,23h38m57.1298s,+00d42m26.299s,354.7380412175,0.7073053673,G,187751.02267166,0.62627,SLS,32.1503009784041,2,0,18,2,1,4,0,0,0,1
1352,WISEA J233554.69-000143.0,23h35m54.6960s,-00d01m44.950s,353.9779,-0.02915277778,G,312197.86991204,1.04138,SLS,32.2128133739937,2,0,16,3,1,0,0,0,0,1
1353,WISEA J233836.84+004535.3,23h38m36.8479s,+00d45m35.364s,354.653533,0.7598234,G,35720.364306362,0.11915031,SLS,32.2196770826333,1,0,42,7,1,4,0,0,0,1
1356,WISEA J233610.12-000624.5,23h36m10.1184s,-00d06m24.498s,354.04216,-0.10680499,G,20009.658101946,0.066745035,SLS,32.2654787703461,1,0,35,6,2,4,0,0,0,2
1359,SDSS J233541.70+002928.5,23h35m41.7043s,+00d29m28.521s,353.923768289,0.4912559518,G,222661.85440576,0.74272,SLS,32.3920401257616,2,0,18,2,1,3,0,0,0,1
1360,SDSS J233536.84+000655.8,23h35m36.8441s,+00d06m55.809s,353.9035171227,0.115502605,G,223938.97027684,0.74698,SLS,32.4147160156277,2,0,19,2,1,4,0,0,0,1
1361,WISEA J233533.56+001006.5,23h35m33.5640s,+00d10m06.551s,353.8898502,0.1684864,G,17295.030799322,0.057690013,SLS,32.4152469638587,10,0,66,7,3,10,0,0,1,1
1362,SDSS J233741.52+004901.2,23h37m41.5416s,+00d49m01.241s,354.42309,0.81701147,QSO,437431.972147128,1.459116,SLS,32.4215427692651,24,0,14,9,13,4,0,0,0,1
1363,WISEA J233931.88-000004.4,23h39m31.8538s,-00d00m04.145s,354.8827242464,-0.0011515866,G,173645.78752276,0.57922,SLS,32.4259346080401,2,0,31,3,1,4,0,0,0,1
1364,WISEA J233731.10-001544.8,23h37m31.1017s,-00d15m44.886s,354.3795905,-0.2624684,G,86902.5726008673,0.28987578,SLS,32.4351406934347,2,0,33,4,1,4,0,0,0,1
1365,SDSS J233655.70-001350.0,23h36m55.7076s,-00d13m50.044s,354.2321150392,-0.2305679259,G,219376.12906608,0.73176,SLS,32.4374774048086,2,0,19,2,1,4,0,0,0,1
1367,SDSS J233912.78-000617.9,23h39m12.7849s,-00d06m17.918s,354.803270517,-0.1049772223,G,216336.23354196,0.72162,SLS,32.488047024094,2,0,19,2,1,4,0,0,0,1
1369,SDSS J233933.98+000038.7,23h39m33.9936s,+00d00m38.665s,354.89164,0.010740462,G,1210.27519391792,0.0040370435,SLS,32.5300752671947,0,0,19,3,1,4,0,0,0,1
1371,WISEA J233713.56+004825.9,23h37m13.5650s,+00d48m25.983s,354.3065211,0.8072177,*,5.9447645251568,1.98296e-05,SLS,32.5425852820173,0,0,22,4,1,4,0,0,0,1
1372,WISEA J233948.84+001053.6,23h39m48.8423s,+00d10m53.615s,354.9535099,0.1815599,*,1.44108927465483,4.8069564e-06,SLS,32.5642187216625,0,0,23,4,1,3,0,0,0,1
1374,WISEA J233551.27-000108.5,23h35m51.2731s,-00d01m08.512s,353.9636382,-0.0190311,G,73242.3283911504,0.24431011,SLS,32.5851257035066,5,0,56,8,4,8,0,0,0,2
1376,WISEA J233819.14+004746.4,23h38m19.1444s,+00d47m46.406s,354.5797687,0.796224,G,108168.764322689,0.36081216,SLS,32.6286609029301,0,0,12,2,1,0,0,0,0,1
1377,WISEA J233741.65-001602.7,23h37m41.6552s,-00d16m02.705s,354.4235637,-0.2674182,G,87382.6362597118,0.2914771,SLS,32.6461580084056,3,0,53,6,4,8,0,0,0,1
1378,SDSS J233911.45-000651.0,23h39m11.4568s,-00d06m51.004s,354.7977368905,-0.1141679247,G,73131.37220452,0.24394,SLS,32.6471847729448,2,0,19,2,1,4,0,0,0,1
1382,WISEA J233948.40+000925.6,23h39m48.4057s,+00d09m25.622s,354.9516905,0.1571174,G,18135.4440933051,0.06049333,SLS,32.7464567879304,1,0,28,5,2,4,0,0,0,2
1384,WISEA J233914.35-000618.6,23h39m14.3594s,-00d06m18.694s,354.8098311,-0.1051929,G,28392.7003425651,0.094707854,SLS,32.7774993392695,6,0,56,9,6,8,0,0,0,2
1385,SDSS J233821.41-001433.5,23h38m21.4141s,-00d14m33.539s,354.589225692,-0.2426497157,G,363087.63965754,1.21113,SLS,32.7870986019744,2,0,19,2,1,4,0,0,0,1
1386,WISEA J233529.92+001927.2,23h35m29.9424s,+00d19m26.414s,353.87476,0.324004,G,36040.6131027336,0.120218545,SLS,32.7871979903897,1,0,36,6,1,4,0,0,0,1
1387,WISEA J233550.54+003428.4,23h35m50.5320s,+00d34m28.497s,353.96055,0.57458249,QSO,488318.743968048,1.628856,SLS,32.812427474173,22,0,24,10,13,4,0,0,0,1
1389,WISEA J233920.44+003755.1,23h39m20.4108s,+00d37m56.121s,354.8350450697,0.6322558278,G,152678.30301024,0.50928,SLS,32.8297673146447,2,0,31,3,1,4,0,0,0,1
1391,WISEA J233902.96+004211.0,23h39m02.9690s,+00d42m11.005s,354.7623709,0.7030572,G,107477.796669642,0.35850734,SLS,32.8408302501002,5,0,53,6,5,8,0,0,0,1
1392,SDSS J233811.02+004833.1,23h38m11.0304s,+00d48m33.177s,354.54596,0.809216,*,18.4774533252407,6.163415e-05,SLS,32.846029901743,0,0,5,2,1,4,0,0,0,1
1393,WISEA J233944.45+002734.6,23h39m44.4558s,+00d27m34.691s,354.9352328,0.4596366,*,17.2713726774989,5.7611098e-05,SLS,32.8519094050616,0,0,23,4,1,4,0,0,0,1
1394,SDSS J233939.13+003048.4,23h39m39.1389s,+00d30m48.458s,354.9130790267,0.5134608192,G,129387.42694822,0.43159,SLS,32.8638469956823,2,0,17,2,1,4,0,0,0,1
1395,WISEA J233802.96-001548.6,23h38m02.9634s,-00d15m48.656s,354.5123478,-0.2635157,G,89616.5637438954,0.29892868,SLS,32.8896150252489,5,0,53,6,4,8,0,0,0,1
1397,WISEA J233830.13+004713.1,23h38m30.1306s,+00d47m12.290s,354.6255445083,0.7867474271,G,76803.82981502,0.25619,SLS,33.0147389623728,2,0,31,3,1,4,0,0,0,1
1398,WISEA J233809.47-001537.0,23h38m09.4721s,-00d15m37.048s,354.5394672,-0.2602911,G,20600.9402658217,0.06871734,SLS,33.016129000791,1,0,36,6,1,4,0,0,0,1
1399,SDSS J233642.21-001302.9,23h36m42.2125s,-00d13m02.913s,354.1758856169,-0.2174758993,G,248219.16145026,0.82797,SLS,33.046991756529,2,0,15,1,1,3,0,0,0,1
1401,WISEA J233900.35+004257.9,23h39m00.3510s,+00d42m57.960s,354.7514626,0.7161002,G,54990.2020752671,0.18342757,SLS,33.0552428583635,26,0,71,17,16,10,1,0,1,1
1404,WISEA J233739.73-001630.1,23h37m39.7336s,-00d16m30.123s,354.4155568,-0.2750342,*,117582.460356534,0.39221287,SLS,33.1027605187198,2,0,21,4,2,4,0,0,0,1
1405,WISEA J233834.18-001340.4,23h38m34.1841s,-00d13m40.419s,354.6424339,-0.2278942,G,85068.0466167787,0.28375646,SLS,33.1050848792189,1,0,36,6,1,4,0,0,0,1
1408,WISEA J233529.07+001148.0,23h35m29.0365s,+00d11m48.186s,353.8709856491,0.196718573,G,237465.6059818,0.7921,SLS,33.2385311291504,2,0,31,3,1,3,0,0,0,1
1409,SDSS J233557.51+003739.2,23h35m57.5113s,+00d37m39.286s,353.9896307639,0.6275794685,G,133101.85550284,0.44398,SLS,33.2785749585782,2,0,19,2,1,4,0,0,0,1
1410,WISEA J233939.51+003137.0,23h39m39.5175s,+00d31m37.059s,354.9146563,0.5269609,G,137991.422526027,0.46028984,SLS,33.3064740412713,4,0,27,3,1,4,0,0,0,1
1411,SDSS J233931.34-000156.3,23h39m31.3416s,-00d01m56.380s,354.88059,-0.032327975,*,414489.814672254,1.3825892,SLS,33.3196027808919,3,0,13,4,1,4,0,0,0,1
1413,WISEA J233821.91-001508.2,23h38m21.9188s,-00d15m08.207s,354.5913284,-0.2522799,G,27181.582581944,0.090668,SUN,33.3755328880411,19,0,86,11,9,10,1,0,1,2
1415,SDSS J233942.24+000245.4,23h39m42.2447s,+00d02m45.485s,354.9260197001,0.0459681115,G,168462.37592394,0.56193,SLS,33.4130246518611,2,0,19,2,1,4,0,0,0,1
1416,SDSS J233931.69+003511.3,23h39m31.6957s,+00d35m11.373s,354.8820656623,0.5864926423,G,142026.6769775,0.47375,SLS,33.4203230396496,2,0,19,2,1,4,0,0,0,1
1417,WISEA J233537.49+002938.3,23h35m37.4926s,+00d29m38.223s,353.906219558,0.4939510189,G,114430.7812186,0.3817,SLS,33.4235515229012,2,0,31,3,1,4,0,0,0,1
1418,WISEA J233856.87-001053.0,23h38m56.8770s,-00d10m53.005s,354.7369877,-0.1813905,G,27239.106758785,0.09085988,SLS,33.4510633609303,11,0,62,6,3,8,0,0,0,1
1419,SDSS J233550.19+003529.8,23h35m50.1902s,+00d35m29.877s,353.9591260733,0.5916325091,G,157262.12969306,0.52457,SLS,33.4511749188175,2,0,15,1,1,4,0,0,0,1
1422,SDSS J233546.14-000048.5,23h35m46.1424s,-00d00m48.505s,353.9422603243,-0.0134736767,G,197122.53490874,0.65753,SLS,33.4937245218613,2,0,19,2,1,4,0,0,0,1
1423,WISEA J233914.74+004028.1,23h39m14.7481s,+00d40m28.109s,354.8114506,0.6744749,G,41942.3858904509,0.13990474,SLS,33.5209914466503,1,0,38,7,1,4,0,0,0,1
1425,WISEA J233910.66+004128.5,23h39m10.6920s,+00d41m28.649s,354.79455,0.69129141,G,47611.2094455662,0.1588139,SLS,33.5579579507829,1,0,35,5,1,4,0,0,0,1
1426,SDSS J233527.37+001219.8,23h35m27.3762s,+00d12m19.880s,353.8640676804,0.2055222718,G,212426.93988964,0.70858,SLS,33.578073550271,2,0,19,2,1,4,0,0,0,1
1428,WISEA J233737.38+005013.3,23h37m37.4308s,+00d50m11.310s,354.4059616566,0.8364751723,G,140917.4448829,0.47005,SLS,33.5978525964537,2,0,31,3,1,4,0,0,0,1
1429,SDSS J233747.34-001700.4,23h37m47.3466s,-00d17m00.466s,354.4472775813,-0.2834629318,G,136222.69499062,0.45439,SLS,33.65007272349,2,0,9,2,1,4,0,0,0,1
1431,WISEA J233539.04+000206.5,23h35m39.0441s,+00d02m06.566s,353.9126839,0.0351573,G,86042.7318562283,0.28700766,SLS,33.6668559820334,4,0,53,6,5,8,0,0,0,1
1432,WISEA J233656.11+004824.5,23h36m56.1480s,+00d48m24.285s,354.23395,0.806746,*,17.0108386414589,5.674205e-05,SLS,33.6901991859364,0,0,26,5,1,4,0,0,0,1
1433,WISEA J233654.36+004817.6,23h36m54.3672s,+00d48m17.341s,354.22653,0.804817,*,36.8084760222959,0.00012277986,SLS,33.7308914938692,0,0,17,3,1,3,0,0,0,1
1435,WISEA J233746.83+005018.8,23h37m46.8360s,+00d50m18.264s,354.44515,0.83840676,G,109494.788335367,0.3652353,SLS,33.7404386961723,2,0,35,5,1,4,0,0,0,1
1437,SDSS J233615.99+004253.5,23h36m15.9936s,+00d42m53.595s,354.06664,0.7148877,*,57.167088048467,0.00019068888,SLS,33.7444804948743,0,0,0,1,1,0,0,0,0,1
1438,SDSS J233755.62-001657.8,23h37m55.6207s,-00d16m57.872s,354.4817529259,-0.2827424196,G,117644.55636836,0.39242,SLS,33.7739537456144,2,0,5,1,1,4,0,0,0,1
1443,WISEA J233545.51+003425.6,23h35m45.5232s,+00d34m25.683s,353.93968,0.57380106,G,83501.0674139076,0.27852958,SLS,33.844630998594,10,0,25,8,7,4,0,0,0,2
1445,WISEA J233548.64+003540.2,23h35m48.6439s,+00d35m40.251s,353.9526832,0.5945144,G,53750.9379999341,0.17929383,SLS,33.8679038852278,6,0,42,6,3,4,0,0,0,1
1447,SDSS J233609.07+004137.7,23h36m09.0785s,+00d41m37.754s,354.037827466,0.6938208096,G,143549.62266414,0.47883,SLS,33.9106731200607,2,0,19,2,1,4,0,0,0,1
1448,WISEA J233946.11+000339.5,23h39m46.1158s,+00d03m39.533s,354.9421493,0.0609814,G,58864.9836198221,0.19635245,SLS,33.9426284627221,1,0,42,8,2,4,0,0,0,1
1452,WISEA J233941.79+003211.3,23h39m41.7942s,+00d32m11.379s,354.9241428,0.5364944,G,40286.2663981182,0.13438052,SLS,34.073351619533,20,0,75,15,13,10,1,0,1,1
1453,WISEA J233937.48-000057.3,23h39m37.4819s,-00d00m57.323s,354.9061748,-0.0159232,*,8.14176957021316,2.715802e-05,SLS,34.0884535182806,0,0,23,4,1,4,0,0,0,1
1454,WISEA J233549.80+003629.7,23h35m49.8010s,+00d36m29.762s,353.9575045,0.6082674,*,13.4253076529107,4.4782006e-05,SLS,34.1039512312366,0,0,23,4,1,4,0,0,0,1
1456,WISEA J233659.41-001556.8,23h36m59.4216s,-00d15m56.462s,354.24759,-0.265684,*,520.312055459384,0.0017355742,SLS,34.1305903287251,0,0,20,4,1,4,0,0,0,1
1459,WISEA J233924.12+003855.6,23h39m24.1709s,+00d38m56.024s,354.8507122766,0.6488955923,G,205288.88146466,0.68477,SLS,34.1933277778369,2,0,27,2,1,4,0,0,0,1
1460,WISEA J233904.59+004337.6,23h39m04.5912s,+00d43m37.632s,354.7691303,0.72712,G,54953.4475199163,0.18330497,SLS,34.2248735315571,10,0,63,7,4,10,0,0,1,1
1461,WISEA J233734.10+005049.6,23h37m34.1861s,+00d50m47.698s,354.39244208333,0.84658277778,G,140953.41997786,0.47017,SLS,34.2325371407284,2,0,20,4,1,0,0,0,0,1
1462,WISEA J233658.17+004909.0,23h36m58.2048s,+00d49m09.235s,354.24252,0.819232,*,0.0234848043082888,7.8336875e-08,SLS,34.2356696022759,0,0,24,5,1,4,0,0,0,1
1464,GALEXMSC J233526.66+002404.1,23h35m26.7101s,+00d24m03.380s,353.86129208333,0.40093888889,G,323613.96671268,1.07946,SLS,34.2923257704314,2,0,3,2,1,0,0,0,0,1
1465,WISEA J233827.61+004849.4,23h38m27.5779s,+00d48m49.796s,354.6149081667,0.8138322211,G,185571.531502,0.619,SLS,34.302889654554,2,0,31,3,1,4,0,0,0,1
1466,WISEA J233814.40+004951.0,23h38m14.4038s,+00d49m51.043s,354.5600162,0.8308455,*,17.5030013243234,5.8383728e-05,SLS,34.3077661125818,0,0,23,4,1,3,0,0,0,1
1470,SDSS J233526.51+002420.0,23h35m26.5140s,+00d24m20.006s,353.8604752905,0.4055572403,G,137967.48709618,0.46021,SLS,34.4013841536742,2,0,19,2,1,3,0,0,0,1
1472,WISEA J233900.92-001122.9,23h39m00.9238s,-00d11m22.902s,354.7538495,-0.1896951,*,27.078717793755,9.032488e-05,SLS,34.4415290979227,0,0,31,6,1,4,0,0,0,1
1473,WISEA J233913.19-000854.3,23h39m13.1905s,-00d08m54.379s,354.8049608,-0.1484386,*,16.6256359117596,5.5457152e-05,SLS,34.4439082862782,0,0,23,4,1,4,0,0,0,1
1478,WISEA J233801.21-001732.2,23h38m01.2171s,-00d17m32.272s,354.5050713,-0.2922979,G,83460.0677973516,0.27839282,SLS,34.5247859173121,2,0,28,4,1,4,0,0,0,1
1479,SDSS J233607.45+004206.4,23h36m07.4504s,+00d42m06.427s,354.0310436639,0.7017852938,G,142935.04812524,0.47678,SLS,34.5379923408852,2,0,19,2,1,4,0,0,0,1
1484,SDSS J233841.43-001431.2,23h38m41.4348s,-00d14m31.286s,354.6726451175,-0.2420239218,G,165665.3122908,0.5526,SLS,34.6388080640746,2,0,19,2,1,4,0,0,0,1
1486,SDSS J233652.84+004909.1,23h36m52.8453s,+00d49m09.189s,354.2201888765,0.81921942,G,193084.33049948,0.64406,SLS,34.6731329781642,2,0,19,2,1,4,0,0,0,1
1487,2MASS J23395493+0007558,23h39m54.9624s,+00d07m55.405s,354.97901,0.13205714,G,17971.5196758179,0.059946537,SLS,34.6928900138141,5,0,30,7,2,4,0,0,0,1
1488,GALEXMSC J233744.31-001803.1,23h37m44.2519s,-00d18m06.030s,354.43438291667,-0.301675,G,177788.91929232,0.59304,SLS,34.7125081348251,2,0,4,2,1,0,0,0,0,1
1489,WISEA J233535.41+000133.9,23h35m35.4191s,+00d01m33.962s,353.8975796,0.0261007,G,57507.7572081153,0.19182523,SLS,34.7189039110804,1,0,49,7,1,6,0,0,1,1
1491,SDSS J233534.61+000156.1,23h35m34.6129s,+00d01m56.174s,353.8942206355,0.0322705951,G,86370.2071498,0.2881,SLS,34.7428125469314,2,0,15,1,1,4,0,0,0,1
1492,WISEA J233957.00+000954.4,23h39m57.0045s,+00d09m54.414s,354.987519,0.1651151,G,54519.1231963888,0.18185622,SLS,34.7515161871455,3,0,44,8,1,4,0,0,0,1
1494,WISEA J233958.36+002120.9,23h39m58.3893s,+00d21m21.152s,354.9932889675,0.3558756444,G,233889.08195786,0.78017,SLS,34.7731168158845,2,0,30,3,1,4,0,0,0,1
1496,SDSS J233754.22-001801.7,23h37m54.2210s,-00d18m01.759s,354.4759210246,-0.3004886818,G,176250.98398278,0.58791,SLS,34.7963446095479,2,0,19,2,1,3,0,0,0,1
1498,SDSS J233953.43+000600.7,23h39m53.4358s,+00d06m00.766s,354.9726494522,0.1002128973,G,82526.86783824,0.27528,SLS,34.855592373258,2,0,23,3,1,4,0,0,0,1
1501,SDSS J233542.17-000204.6,23h35m42.1784s,-00d02m04.602s,353.9257435326,-0.0346116954,G,116085.63558676,0.38722,SLS,35.0041695164471,2,0,15,1,1,4,0,0,0,1
1503,WISEA J233541.38-000149.8,23h35m41.4081s,-00d01m49.497s,353.922534,-0.030416,*,32.3479150044317,0.00010790103,SLS,35.0341419962846,0,0,21,4,1,4,0,0,0,1
1504,WISEA J233609.60-001002.7,23h36m09.6017s,-00d10m02.740s,354.0400072,-0.1674278,G,28510.5355669368,0.09510091,SLS,35.0361416522269,10,0,62,9,5,8,0,0,0,1
1505,SDSS J233534.89+000106.4,23h35m34.8960s,+00d01m06.433s,353.8954,0.018453648,G,57905.6147770517,0.19315234,SLS,35.0372839725529,1,0,15,2,1,4,0,0,0,1
1507,WISEA J233816.43+005029.8,23h38m16.4307s,+00d50m29.870s,354.5684615,0.8416306,G,54886.0331898858,0.1830801,SLS,35.061307420852,37,0,76,20,21,10,0,1,1,2
1511,WISEA J233643.70+004848.6,23h36m43.7154s,+00d48m49.093s,354.1821478263,0.8136370369,G,177516.10815554,0.59213,SLS,35.2169631455056,2,0,30,3,1,4,0,0,0,1
1512,SDSS J233558.24-000735.7,23h35m58.2410s,-00d07m35.722s,353.9926711475,-0.1265897057,G,276507.57778714,0.92233,SLS,35.2171383563162,2,0,15,1,1,4,0,0,0,1
1513,SDSS J233528.16+002838.2,23h35m28.1666s,+00d28m38.223s,353.8673609757,0.4772843919,G,216788.92015354,0.72313,SLS,35.2278914554474,2,0,19,2,1,4,0,0,0,1
1514,WISEA J233925.98-000648.8,23h39m25.9526s,-00d06m48.733s,354.8581361142,-0.1135369306,G,359640.02639054,1.19963,SLS,35.2395659063894,2,0,31,3,1,4,0,0,0,1
1515,WISEA J233614.73+004433.3,23h36m14.6627s,+00d44m33.169s,354.0610947884,0.7425469544,G,111258.97701296,0.37112,SLS,35.2547366744588,2,0,31,3,1,4,0,0,0,1
1516,WISEA J233952.49+002906.6,23h39m52.4906s,+00d29m06.615s,354.9687109,0.485171,QSO,472363.48956083,1.575635,SLS,35.2654721859776,24,0,26,11,14,4,0,0,0,1
1517,WISEA J233957.47+000804.2,23h39m57.4755s,+00d08m04.252s,354.9894816,0.1345145,G,17916.043081465,0.059761487,SLS,35.2656135367431,0,0,12,2,1,0,0,0,0,1
1518,SPRC 238,23h39m57.6000s,+00d08m06.600s,354.99,0.13516666667,G,18043.608669646,0.060187,SUN,35.2863589139316,31,0,45,16,14,6,4,0,2,1
1520,WISEA J233951.19+000302.6,23h39m51.1954s,+00d03m02.606s,354.9633145,0.0507239,G,81955.5593468786,0.27337432,SLS,35.3513701542194,4,0,53,6,4,8,0,0,0,1
1522,SDSS J234001.02+002116.2,23h40m01.0249s,+00d21m16.219s,355.0042704742,0.3545054101,G,106756.0942938,0.3561,SLS,35.4149955452918,2,0,19,2,1,4,0,0,0,1
1523,SDSS J233559.23+004121.8,23h35m59.2331s,+00d41m21.894s,353.9968046328,0.6894150407,G,124506.80573198,0.41531,SLS,35.4323954288895,3,0,19,3,2,4,0,0,0,1
1525,WISEA J233524.61+000632.5,23h35m24.5832s,+00d06m33.041s,353.85243,0.1091782,*,17.0348840951377,5.6822257e-05,SLS,35.4578623599495,0,0,25,6,2,4,0,0,0,1
1526,CGCG 381-021,23h39m41.2565s,-00d02m04.123s,354.9219023,-0.0344786,G,6979.56115035998,0.02328131,SLS,35.4737948044769,41,0,90,23,17,10,2,2,1,2
1527,GALEXMSC J233612.32+004421.5,23h36m12.0960s,+00d44m20.320s,354.0504,0.73897777778,G,263760.40247298,0.87981,SLS,35.4817166474897,2,0,3,2,1,0,0,0,0,1
1528,SDSS J233530.85+000210.1,23h35m30.8578s,+00d02m10.121s,353.8785744101,0.0361448202,G,116040.66671806,0.38707,SLS,35.5009442397628,2,0,15,1,1,4,0,0,0,1
1531,SDSS J233518.63+001350.0,23h35m18.6358s,+00d13m50.072s,353.8276494825,0.2305756768,G,56133.13983592,0.18724,SLS,35.598258630112,2,0,15,1,1,4,0,0,0,1
1533,SDSS J233947.11+003300.0,23h39m47.1193s,+00d33m00.095s,354.9463307114,0.5500266134,G,267957.49688498,0.89381,SLS,35.6287189505816,2,0,15,1,1,4,0,0,0,1
1534,WISEA J233938.77-000321.0,23h39m38.7791s,-00d03m21.047s,354.9115796,-0.0558466,G,20960.8665940097,0.069917925,SLS,35.6500013087726,17,0,85,10,8,10,1,0,1,1
1538,WISEA J233732.08+005216.0,23h37m32.0837s,+00d52m16.034s,354.3836822305,0.8711207041,G,220191.56455184,0.73448,SLS,35.7307232306326,2,0,31,3,1,3,0,0,0,1
1540,WISEA J233519.43+001058.0,23h35m19.4150s,+00d10m56.409s,353.83089583333,0.18233583333,G,202614.7327393,0.67585,SLS,35.7468685790626,2,0,15,3,1,0,0,0,0,1
1542,SDSS J233553.94+004024.8,23h35m53.9469s,+00d40m24.856s,353.9747787925,0.6735713381,G,171481.285976,0.572,SLS,35.749099333886,2,0,19,2,1,4,0,0,0,1
1544,SDSS J233526.41+000412.0,23h35m26.4136s,+00d04m12.023s,353.8600567193,0.0700065366,G,59155.04781256,0.19732,SLS,35.7646843127074,2,0,15,1,1,4,0,0,0,1
1546,WISEA J234000.96+000939.0,23h40m00.9656s,+00d09m39.063s,355.0040235,0.160851,G,20347.0370393678,0.06787041,SLS,35.7725695576948,16,0,75,11,6,10,0,0,1,1
1547,WISEA J233958.87+000718.4,23h39m58.8480s,+00d07m18.148s,354.9952,0.121708,G,17844.3366228134,0.0595223,SLS,35.7905131666284,2,0,36,6,1,4,0,0,0,1
1548,SDSS J233922.88+004139.2,23h39m22.8852s,+00d41m39.247s,354.8453552979,0.6942354214,G,261179.1894096,0.8712,SLS,35.7987690208508,2,0,23,3,1,4,0,0,0,1
1549,WISEA J233611.34+004436.4,23h36m11.3475s,+00d44m36.447s,354.0472816,0.7434577,G,76811.0847925036,0.2562142,SLS,35.8085206543438,20,0,57,10,10,8,0,1,0,1
1551,GALEXMSC J233957.86+002701.4,23h39m57.8110s,+00d27m03.420s,354.99087916667,0.45095,G,304915.91110722,1.01709,SLS,35.8605553953821,2,0,3,2,1,0,0,0,0,1
1552,SDSS J233736.44+005228.0,23h37m36.4480s,+00d52m28.067s,354.4018669833,0.8744630824,G,187640.0994622,0.6259,SLS,35.8827991859321,2,0,9,2,1,4,0,0,0,1
1553,WISEA J233651.08+005018.1,23h36m51.0825s,+00d50m18.111s,354.2128441,0.8383642,G,303356.99032562,1.01189,SLS,35.9033062585465,2,0,30,3,1,4,0,0,0,1
1554,GALEXASC J233806.54+005153.9,23h38m06.4930s,+00d51m56.250s,354.52705416667,0.865625,G,89416.09852308,0.29826,SLS,35.925442150133,2,0,8,3,1,0,0,0,0,1
1555,SDSS J233817.29+005120.3,23h38m17.2963s,+00d51m20.339s,354.5720682238,0.8556499037,G,313843.73050646,1.04687,SLS,35.9298323409568,2,0,19,2,1,4,0,0,0,1
1557,WIG S00J233906881+00452296,23h39m06.8810s,+00d45m22.960s,354.77867083333,0.75637777778,G,140362.8288356,0.4682,SLS,35.9677248331576,2,0,0,1,1,0,0,0,0,1
1558,WISEA J233757.83+005219.0,23h37m57.8310s,+00d52m19.052s,354.4909626,0.8719591,G,54876.0051321657,0.18304665,SLS,35.97635139874,12,0,56,9,5,6,1,0,1,1
1559,SDSS J233734.79+005233.2,23h37m34.7967s,+00d52m33.241s,354.3949866348,0.8759003327,G,97993.16074646,0.32687,SLS,35.9832757927011,2,0,19,2,1,4,0,0,0,1
1560,WISEA J233614.96-001220.6,23h36m14.9662s,-00d12m20.620s,354.0623592,-0.2057278,G,26721.390666178,0.089132965,SLS,36.0007570261391,11,0,71,8,4,10,0,0,1,1
1563,WISEA J233524.96+000415.1,23h35m24.9748s,+00d04m15.179s,353.854061843,0.0708830741,G,136438.54556038,0.45511,SLS,36.0842510241455,2,0,31,3,1,4,0,0,0,1
1565,SDSS J233827.78+005042.6,23h38m27.7834s,+00d50m42.650s,354.6157644613,0.8451807396,G,183218.1607067,0.61115,SLS,36.0926283068881,2,0,15,1,1,4,0,0,0,1
1567,WISEA J233957.60+000509.1,23h39m57.5937s,+00d05m09.294s,354.989974,0.085915,*,8.33673959527346,2.780837e-05,SLS,36.1100180390324,0,0,23,4,1,4,0,0,0,1
1569,WISEA J233530.02+003206.5,23h35m30.0461s,+00d32m06.349s,353.8751921295,0.5350969555,G,351548.62794912,1.17264,SLS,36.1337061054948,2,0,21,3,1,4,0,0,0,1
1571,WISEA J233750.45-001928.2,23h37m50.4539s,-00d19m28.273s,354.4602246,-0.3245203,G,27214.017127975,0.09077619,SLS,36.1552408661856,13,0,61,8,4,8,0,0,0,1
1572,WISEA J233927.12-000758.4,23h39m27.1294s,-00d07m58.481s,354.8630393,-0.1329115,G,58981.9956141041,0.19674276,SLS,36.2380180976329,1,0,41,7,1,4,0,0,0,1
1573,SDSS J233636.39+004907.5,23h36m36.3920s,+00d49m07.505s,354.1516337159,0.8187516197,G,93403.33821448,0.31156,SLS,36.2701298665974,2,0,22,3,1,4,0,0,0,1
1574,WISEA J233808.09-001900.7,23h38m08.1274s,-00d19m00.688s,354.5338643998,-0.3168578134,G,121778.69436418,0.40621,SLS,36.2703237536859,2,0,35,4,1,4,0,0,0,1
1575,WISEA J233516.87+002141.5,23h35m16.8703s,+00d21m41.595s,353.8202932,0.3615543,G,116028.585082003,0.3870297,SLS,36.2910270990468,2,0,27,3,1,4,0,0,0,1
1576,WISEA J233936.98+003819.3,23h39m36.9898s,+00d38m19.335s,354.9041245,0.6387042,G,40064.9056429801,0.13364214,SLS,36.3106373494122,2,0,42,7,1,4,0,0,0,1
1577,WISEA J233518.42+000906.1,23h35m18.3587s,+00d09m05.424s,353.8264947669,0.1515067851,G,183961.64600254,0.61363,SLS,36.3443458228933,2,0,27,2,1,4,0,0,0,1
1578,SDSS J233755.53-001933.4,23h37m55.5304s,-00d19m33.424s,354.4813769171,-0.3259511078,G,134909.60402458,0.45001,SLS,36.3492196128104,2,0,15,1,1,4,0,0,0,1
1579,SDSS J233717.80+005230.3,23h37m17.8082s,+00d52m30.352s,354.3242008404,0.8750978187,G,168357.44856364,0.56158,SLS,36.3551158584631,2,0,5,1,1,4,0,0,0,1
1581,SDSS J233937.96+003805.7,23h39m37.9677s,+00d38m05.756s,354.9081990031,0.6349322332,G,395144.44719148,1.31806,SLS,36.3726212747775,4,0,15,2,2,4,0,0,0,1
1582,SDSS J233646.35+005021.7,23h36m46.3513s,+00d50m21.712s,354.1931307616,0.8393644719,G,54235.45357678,0.18091,SLS,36.3837429514072,2,0,19,2,1,4,0,0,0,1
1583,WISEA J233523.54+002852.8,23h35m23.5452s,+00d28m52.888s,353.8481052,0.4813579,QSO,220247.877567151,0.73466784,SLS,36.3975552072532,25,0,31,11,14,3,0,0,0,1
1584,WISEA J233517.75+002352.9,23h35m17.7536s,+00d23m52.972s,353.8239735,0.3980479,*,15.7862958747761,5.2657415e-05,SLS,36.4460277492074,0,0,23,4,1,4,0,0,0,1
1585,WISEA J234006.22+001442.0,23h40m06.2050s,+00d14m42.323s,355.0258543532,0.2450899154,G,144646.86306042,0.48249,SLS,36.4501595593326,2,0,35,4,1,4,0,0,0,1
1587,SDSS J233514.94+001845.1,23h35m14.9499s,+00d18m45.126s,353.812291518,0.3125351954,G,212747.7178197,0.70965,SLS,36.4755672108958,2,0,19,2,1,4,0,0,0,1
1589,GALEXMSC J233810.81+005218.2,23h38m10.7681s,+00d52m18.069s,354.54486708333,0.87168583333,G,321203.63535036,1.07142,SLS,36.4890133056227,2,0,3,2,1,0,0,0,0,1
1591,SDSS J233556.57+004213.8,23h35m56.5700s,+00d42m13.900s,353.98570833333,0.70386111111,G,6709.95179703142,0.02238199,SLS,36.5146481550501,25,0,33,12,9,4,0,2,0,2
1594,WISEA J233853.83+004812.4,23h38m53.8323s,+00d48m12.444s,354.7243014,0.8034568,G,50959.621388214,0.169983,SUN,36.5264587415758,31,0,88,21,16,8,0,1,0,1
1595,WISEA J233658.30-001822.9,23h36m58.3056s,-00d18m22.907s,354.24294,-0.3063631,G,14347.7891322714,0.047859073,SLS,36.5448397053734,6,0,56,9,6,8,0,0,0,2
1600,WISEA J233858.61-001428.4,23h38m58.6101s,-00d14m28.419s,354.744209,-0.2412277,G,19360.8727467014,0.06458092,SLS,36.6867696050966,11,0,62,9,3,8,0,0,0,1
1602,WISEA J233954.91+000143.1,23h39m54.9100s,+00d01m43.129s,354.9787918,0.0286471,G,40169.5182211992,0.13399109,SLS,36.7272226877106,13,0,63,10,6,8,0,0,0,1
1603,WISEA J233541.23-000450.4,23h35m41.2384s,-00d04m50.435s,353.9218269,-0.0806765,G,139106.69843658,0.46401,SLS,36.7442758064372,2,0,27,2,1,4,0,0,0,1
1605,GALEXMSC J233957.16+003015.9,23h39m57.1399s,+00d30m18.010s,354.98808291667,0.50500277778,G,227938.20166656,0.76032,SLS,36.7809135239138,2,0,4,2,1,0,0,0,0,1
1606,SDSS J233743.05+005324.2,23h37m43.0563s,+00d53m24.227s,354.4294014667,0.89006319,G,79705.82080846,0.26587,SLS,36.8089137390713,2,0,19,2,1,4,0,0,0,1
1607,WISEA J233557.04-000935.1,23h35m57.0459s,-00d09m35.139s,353.9876915,-0.1597609,G,81566.4527197912,0.2720764,SLS,36.8225376386788,5,0,39,7,6,4,0,0,0,1
1608,WISEA J233906.75+004628.3,23h39m06.7505s,+00d46m28.349s,354.7781273,0.7745415,G,42182.8524189373,0.14070685,SLS,36.8265356700125,1,0,23,6,1,0,0,0,0,1
1610,WISEA J233703.88+005217.6,23h37m03.8863s,+00d52m17.623s,354.2661931,0.8715622,G,56126.0827214587,0.18721646,SLS,36.8548029707604,5,0,52,7,5,8,0,0,0,1
1611,WISEA J233923.77+004256.9,23h39m23.7792s,+00d42m56.947s,354.84908,0.7158187,G,34766.2897983999,0.11596786,SLS,36.8726860499709,1,0,34,5,1,4,0,0,0,1
1614,SDSS J233811.49-001929.0,23h38m11.4900s,-00d19m29.083s,354.5478751247,-0.3247454089,G,185871.32396,0.62,SLS,36.9018152308621,2,0,5,1,1,4,0,0,0,1
1615,WISEA J233917.48+004427.9,23h39m17.4867s,+00d44m27.967s,354.8228613,0.7411022,*,15.6669940656999,5.2259467e-05,SLS,36.9210197717066,0,0,22,4,1,4,0,0,0,1
1616,WISEA J233555.60+004236.6,23h35m55.6062s,+00d42m36.671s,353.9816927,0.7101866,G,52047.7271082987,0.17361253,SLS,36.952783685172,1,0,36,6,1,4,0,0,0,1
1619,SDSS J233632.28-001615.5,23h36m32.2877s,-00d16m15.586s,354.1345321652,-0.2709960989,G,168798.1434769,0.56305,SLS,37.0327197834013,2,0,19,2,1,4,0,0,0,1
1622,SDSS J233528.94+003340.2,23h35m28.9467s,+00d33m40.206s,353.8706115481,0.5611685138,G,65870.39887176,0.21972,SLS,37.0757882085982,2,0,19,2,1,4,0,0,0,1
1624,WISEA J233512.30+001827.5,23h35m12.3093s,+00d18m27.629s,353.8012889409,0.3076748388,G,448369.6001848,1.4956,SLS,37.1188326619897,6,0,25,5,3,4,0,0,0,1
1625,WISEA J233948.70-000211.3,23h39m48.7231s,-00d02m11.866s,354.9530132767,-0.0366296965,G,133047.8928604,0.4438,SLS,37.1392208820089,2,0,31,3,1,4,0,0,0,1
1626,WISEA J233805.71-002001.6,23h38m05.6434s,-00d20m01.910s,354.5235145165,-0.3338639034,G,144092.24701312,0.48064,SLS,37.1630118422734,2,0,31,3,1,4,0,0,0,1
1627,WISEA J233525.65+003212.0,23h35m25.6553s,+00d32m12.088s,353.8568974,0.5366912,QSO,484270.946200132,1.615354,SLS,37.168193251751,23,0,26,10,13,4,0,0,0,1
1628,WISEA J233527.64+003317.0,23h35m27.6498s,+00d33m17.028s,353.8652077,0.55473,G,72405.2868629423,0.24151804,SLS,37.1890108721244,12,0,39,8,6,4,0,0,0,1
1630,WISEA J233738.72-002036.1,23h37m38.7258s,-00d20m36.101s,354.4113575,-0.3433614,G,17873.833202756,0.05962069,SLS,37.2046344236475,10,0,54,6,3,8,0,0,0,1
1632,SDSS J233516.02+002531.2,23h35m16.0204s,+00d25m31.288s,353.816751957,0.4253578379,G,146163.8128979,0.48755,SLS,37.2289553105385,2,0,19,2,1,4,0,0,0,1
1636,SDSS J233848.66-001634.7,23h38m48.6685s,-00d16m34.790s,354.7027856463,-0.2763306958,G,107358.67713438,0.35811,SLS,37.2891780025207,2,0,19,2,1,4,0,0,0,1
1637,WISEA J233934.40+004044.3,23h39m34.4023s,+00d40m44.330s,354.8933433,0.6789807,G,139113.006069896,0.46403104,SLS,37.3103313918756,3,0,12,3,2,0,0,0,0,1
1640,SDSS J233552.49+004231.0,23h35m52.4958s,+00d42m31.081s,353.9687326942,0.7086337902,G,66098.24113984,0.22048,SLS,37.4445352492542,3,0,5,2,2,3,0,0,0,1
1641,SDSS J233528.40-000101.1,23h35m28.4055s,-00d01m01.147s,353.8683562731,-0.0169855088,G,120471.5992473,0.40185,SLS,37.4517959209376,2,0,15,1,1,4,0,0,0,1
1642,WISEA J233807.42+005328.3,23h38m07.4273s,+00d53m28.357s,354.5309472,0.8912105,G,76894.103319973,0.25649112,SLS,37.4775585090894,2,0,34,5,1,4,0,0,0,1
1644,2MASS J23352401+0032039,23h35m24.0139s,+00d32m03.919s,353.850058,0.534422,G,17239.6462412537,0.05750527,SLS,37.4846675022005,12,0,40,5,3,8,0,0,0,1
1645,SDSS J233627.95+004924.8,23h36m27.9559s,+00d49m24.874s,354.1164830186,0.8235763668,G,162523.48733096,0.54212,SLS,37.5044843611901,2,0,19,2,1,4,0,0,0,1
1646,SDSS J233646.28+005133.7,23h36m46.2889s,+00d51m33.712s,354.1928706949,0.8593644973,G,97162.7356378,0.3241,SLS,37.5055735827399,2,0,15,1,1,4,0,0,0,1
1647,SDSS J233512.39+002225.9,23h35m12.3992s,+00d22m25.941s,353.801663675,0.3738725692,G,134316.01495774,0.44803,SLS,37.5058300806164,2,0,15,1,1,4,0,0,0,1
1648,WISEA J233541.48+003928.1,23h35m41.4810s,+00d39m28.138s,353.9228378,0.6578161,G,144979.629990668,0.483599991,SUN,37.5467649882021,7,0,45,9,7,8,0,0,0,1
1651,WISEA J233549.37-000841.5,23h35m49.3782s,-00d08m41.533s,353.9557428,-0.1448703,*,7.62828205022618,2.544521e-05,SLS,37.5876789045509,0,0,23,4,1,4,0,0,0,1
1654,SDSS J233735.87-002104.7,23h37m35.8723s,-00d21m04.707s,354.3994681186,-0.3513077377,G,187316.32360756,0.62482,SLS,37.6969966994838,2,0,15,1,1,4,0,0,0,1
1655,WISEA J233657.33+005243.1,23h36m57.3288s,+00d52m42.830s,354.23887,0.87856407,G,99741.6163158568,0.33270222,SLS,37.6990913225877,2,0,35,6,2,4,0,0,0,1
1660,WISEA J233655.72+005241.4,23h36m55.8099s,+00d52m40.306s,354.2325412632,0.8778629349,G,207447.38716226,0.69197,SLS,37.7696123145429,4,0,21,3,2,4,0,0,0,1
1661,WISEA J233844.65-001737.8,23h38m44.6585s,-00d17m37.819s,354.6860772,-0.2938387,G,22520.6642685493,0.07512085,SLS,37.7912871301758,1,0,36,6,1,4,0,0,0,1
1663,SDSS J233932.97+004153.5,23h39m32.9795s,+00d41m53.590s,354.8874149459,0.6982195251,G,185544.55018078,0.61891,SLS,37.8022127125424,2,0,15,1,1,4,0,0,0,1
1664,SDSS J233534.02-000405.6,23h35m34.0249s,-00d04m05.643s,353.8917705883,-0.0682343253,G,182411.71899468,0.60846,SLS,37.8095933918358,2,0,19,2,1,4,0,0,0,1
1665,SDSS J233638.25+005103.6,23h36m38.2562s,+00d51m03.653s,354.1594011744,0.8510148323,G,177372.2077757,0.59165,SLS,37.821269860441,2,0,15,1,1,4,0,0,0,1
1666,WISEA J233510.12+002037.3,23h35m10.1217s,+00d20m37.376s,353.792174,0.3437156,G,22824.1969372553,0.076133326,SLS,37.8334952957863,10,0,62,8,3,8,0,0,0,1
1670,WISEA J233828.09-001924.6,23h38m28.0920s,-00d19m24.636s,354.61705,-0.32351,G,10791.7328388165,0.035997346,SLS,37.9174131620573,17,0,71,11,6,10,0,0,1,1
1671,SDSS J233728.14+005423.5,23h37m28.1432s,+00d54m23.537s,354.3672635209,0.9065380822,G,99698.97983248,0.33256,SLS,37.9203615280912,2,0,19,2,1,4,0,0,0,1
1672,WISEA J233542.30+004024.7,23h35m42.3336s,+00d40m23.797s,353.92639,0.673277,G,55917.0494321936,0.1865192,SLS,37.9525909436093,1,0,36,6,1,4,0,0,0,1
1674,SDSS J233612.73+004733.9,23h36m12.7397s,+00d47m33.941s,354.0530822414,0.792761641,G,186252.06038166,0.62127,SLS,37.9643665655658,2,0,15,1,1,4,0,0,0,1
1675,WISEA J234010.46+001024.8,23h40m10.4638s,+00d10m24.880s,355.0435995,0.1735778,G,17902.7541811793,0.05971716,SLS,37.9728256796727,20,0,56,16,8,6,4,0,1,1
1676,WISEA J233951.02+003607.4,23h39m51.0266s,+00d36m07.442s,354.9626109,0.6020673,G,55866.1596624481,0.18634945,SLS,38.0041685810231,9,0,63,7,6,10,0,0,1,1
1677,WISEA J233857.51-001611.9,23h38m57.5179s,-00d16m11.982s,354.7396579,-0.2699951,G,27758.9288934096,0.09259382,SLS,38.0209248817952,1,0,36,6,1,4,0,0,0,1
1679,SDSS J233834.05+005213.4,23h38m34.0632s,+00d52m13.466s,354.64193,0.87040739,*,10.0273181321061,3.3447533e-05,SLS,38.048997200345,0,0,5,2,1,4,0,0,0,1
1681,SDSS J233508.24+001514.7,23h35m08.2464s,+00d15m14.729s,353.78436,0.25409147,*,30.3869185740113,0.00010135985,SLS,38.112064634041,0,0,0,1,1,0,0,0,0,1
1683,SDSS J233912.20-001354.3,23h39m12.2094s,-00d13m54.376s,354.8008727415,-0.2317713455,G,191234.61103362,0.63789,SLS,38.1464037816515,2,0,19,2,1,3,0,0,0,1
1686,SDSS J233610.52-001416.4,23h36m10.5238s,-00d14m16.484s,354.0438495066,-0.2379124499,G,89754.86400062,0.29939,SLS,38.2145659010821,2,0,19,2,1,4,0,0,0,1
1687,WISEA J233635.39-001758.7,23h36m35.3927s,-00d17m58.783s,354.1474699,-0.2996622,G,59180.8179722497,0.19740596,SLS,38.2296267240186,2,0,56,8,4,8,0,0,0,1
1688,WISEA J233514.57+000513.3,23h35m14.5703s,+00d05m13.363s,353.8107097,0.0870454,G,86130.0434116962,0.2872989,SLS,38.2389728136281,1,0,36,6,1,4,0,0,0,1
1689,WISEA J233512.21+002556.6,23h35m12.2175s,+00d25m56.609s,353.8009066,0.4323916,G,39031.9107704495,0.13019644,SLS,38.2535086444669,9,0,54,6,3,8,1,0,0,1
1690,WISEA J233539.51+004000.8,23h35m39.4615s,+00d39m59.867s,353.9144229328,0.6666297903,G,228984.47734498,0.76381,SLS,38.2694261682029,2,0,31,3,1,4,0,0,0,1
1691,SDSS J234013.61+001750.1,23h40m13.6197s,+00d17m50.181s,355.0567487647,0.2972726333,G,137247.98519698,0.45781,SLS,38.2744237602543,2,0,19,2,1,4,0,0,0,1
1694,WISEA J234000.13+000048.9,23h40m00.1342s,+00d00m48.993s,355.0005594,0.0136094,*,7.50915322139826,2.5047839e-05,SLS,38.2879905601973,0,0,29,6,1,4,0,0,0,1
1695,SDSS J233845.88-001802.4,23h38m45.8904s,-00d18m02.521s,354.69121,-0.30070053,*,34647.9662121142,0.115573175,SLS,38.2948495172112,3,0,13,6,3,4,0,0,0,1
1696,WISEA J234011.75+001004.8,23h40m11.7530s,+00d10m04.862s,355.0489712,0.1680173,G,18069.9256507791,0.060274784,SLS,38.3461697752141,14,0,65,8,5,10,0,0,1,1
1697,WISEA J233524.89+003429.3,23h35m24.8928s,+00d34m29.313s,353.85372,0.5748094,G,45685.7923840612,0.1523914,SLS,38.3531232359895,4,0,13,4,2,0,0,0,0,2
1700,WISEA J233940.63-000720.4,23h39m40.6337s,-00d07m20.413s,354.9193071,-0.1223371,G,56231.9664196997,0.18756965,SLS,38.387954066768,10,0,42,8,6,4,0,0,0,1
1701,SDSS J233942.33+004004.2,23h39m42.3408s,+00d40m04.270s,354.92642,0.667853,G,139389.726500329,0.46495408,SLS,38.4334672594081,4,0,15,2,1,4,0,0,0,1
1703,WISEA J233749.80+005500.1,23h37m49.8062s,+00d55m00.144s,354.4575259,0.9167067,G,41147.1054516423,0.13725197,SLS,38.4713012788351,11,0,71,9,6,10,1,0,1,1
1705,WISEA J233524.39+003436.4,23h35m24.3971s,+00d34m36.437s,353.8516546,0.5767882,G,45854.1768139461,0.15295307,SLS,38.518140323681,11,0,63,6,4,10,0,0,1,1
1707,SDSS J233541.81+004111.6,23h35m41.8148s,+00d41m11.694s,353.9242284903,0.686581761,G,265843.96005608,0.88676,SLS,38.5579142276364,2,0,19,2,1,4,0,0,0,1
1708,WISEA J233518.04+000152.5,23h35m18.0497s,+00d01m52.507s,353.8252074,0.0312522,G,13905.701683044,0.046384428,SLS,38.5596387026131,3,0,36,7,2,4,0,0,0,1
1709,WISEA J233551.18-001035.8,23h35m51.1898s,-00d10m35.870s,353.9632912,-0.1766306,G,73474.2028677905,0.24508356,SLS,38.5730265530767,12,0,21,9,6,0,0,0,0,1
1711,WISEA J233938.76+004124.8,23h39m38.7668s,+00d41m24.847s,354.9115285,0.6902353,G,141750.097449523,0.47282743,SLS,38.5796241211255,5,0,27,4,2,4,0,0,0,1
1714,WISEA J234014.22+002036.4,23h40m14.2320s,+00d20m35.120s,355.0593,0.34308888889,G,167565.99647452,0.55894,SLS,38.6136548164386,2,0,20,4,1,0,0,0,0,1
1715,WISEA J233518.00+003126.6,23h35m17.9890s,+00d31m26.028s,353.8249544656,0.5238967158,G,145402.34005458,0.48501,SLS,38.6146956159461,2,0,27,2,1,4,0,0,0,1
1716,WISEA J233856.45-001702.4,23h38m56.4570s,-00d17m02.492s,354.7352376,-0.2840256,*,1.64298393588926,5.4804045e-06,SLS,38.6185606609362,0,0,23,4,1,4,0,0,0,1
1718,SDSS J233507.36+001137.8,23h35m07.3680s,+00d11m37.824s,353.7807,0.19384024,*,2.07825965078222,6.932328e-06,SLS,38.6286725393111,0,0,0,1,1,0,0,0,0,1
1719,WISEA J233628.35+005045.3,23h36m28.3520s,+00d50m45.357s,354.1181335,0.8459326,G,38624.996471357,0.12883912,SLS,38.637167061432,1,0,36,6,1,4,0,0,0,1
1720,WISEA J233958.95-000039.2,23h39m58.9575s,-00d00m39.223s,354.9956564,-0.0108954,G,27758.2933333986,0.0925917,SLS,38.6536907096302,19,0,76,11,10,10,1,0,1,1
1721,WISEA J233507.67+002217.5,23h35m07.6205s,+00d22m18.037s,353.7817521686,0.3716770995,G,210930.97552422,0.70359,SLS,38.6667783248924,2,0,31,3,1,4,0,0,0,1
1722,SDSS J233520.47+003304.3,23h35m20.4757s,+00d33m04.331s,353.8353154857,0.5512031172,G,216588.05920668,0.72246,SLS,38.7097170437531,2,0,15,1,1,4,0,0,0,1
1723,WISEA J233739.14+005517.8,23h37m39.1320s,+00d55m18.735s,354.41305,0.92187105,G,7216.05363002311,0.024070164,SLS,38.7140023710171,2,0,36,8,3,4,0,0,0,2
1725,SDSS J233839.59-001913.3,23h38m39.5976s,-00d19m13.328s,354.66499,-0.32036888,G,87827.5162756855,0.29296106,SLS,38.7397484986887,1,0,15,2,1,4,0,0,0,1
1727,SDSS J234013.56+002301.6,23h40m13.5672s,+00d23m01.633s,355.05653,0.383787,G,27960.7581699089,0.09326705,SLS,38.7775157118636,2,0,24,5,1,4,0,0,0,1
1729,SDSS J233611.09+004816.7,23h36m11.0963s,+00d48m16.783s,354.0462347351,0.8046619867,G,124042.12742208,0.41376,SLS,38.7845061645374,2,0,19,2,1,4,0,0,0,1
1730,SDSS J233839.70-001916.9,23h38m39.7008s,-00d19m17.115s,354.66542,-0.32142102,G,87371.5799138608,0.29144022,SLS,38.8079451421252,4,0,36,5,5,8,0,0,0,1
1731,WISEA J233953.34+003645.2,23h39m53.3444s,+00d36m45.208s,354.9722685,0.6125578,G,48956.9358185841,0.16330276,SLS,38.8253907242682,1,0,33,5,1,4,0,0,0,1
1732,WISEA J233912.39-001444.9,23h39m12.3997s,-00d14m44.474s,354.8016655807,-0.2456873017,G,83938.89031542,0.27999,SLS,38.8454528807429,2,0,27,2,1,4,0,0,0,1
1733,WISEA J234012.69+002432.8,23h40m12.6988s,+00d24m32.891s,355.0529117,0.4091364,G,20348.8327961912,0.0678764,SLS,38.8458423044167,16,0,73,11,7,10,0,0,1,1
1734,WISEA J233811.05+005442.8,23h38m11.0562s,+00d54m42.898s,354.5460675,0.9119163,QSO,284710.199230478,0.949691,SLS,38.8679628791803,27,0,24,14,15,4,0,0,0,1
1736,WISEA J234013.90+002326.8,23h40m13.9050s,+00d23m26.807s,355.0579377,0.3907799,G,80853.2164829634,0.2696973,SLS,38.9323892813996,1,0,36,7,2,4,0,0,0,2
1738,WISEA J234012.71+000801.5,23h40m12.7291s,+00d08m03.811s,355.05303791667,0.13439194444,G,142176.5732065,0.47425,SLS,38.9782816065023,2,0,16,3,1,0,0,0,0,1
1739,WISEA J233607.02-001434.9,23h36m07.0294s,-00d14m34.973s,354.0292892,-0.2430482,G,82592.822179,0.2755,SLS,38.9818514849844,2,0,31,3,1,4,0,0,0,1
1740,WISEA J234014.98+002205.2,23h40m14.9868s,+00d22m05.201s,355.062445,0.3681114,G,35821.3433999901,0.11948714,SLS,38.9841221605156,1,0,42,7,1,4,0,0,0,1
1746,WISEA J233541.67+004158.4,23h35m41.6818s,+00d41m58.410s,353.9236744637,0.6995585589,G,147761.70669904,0.49288,SLS,39.0844198973666,2,0,30,3,1,4,0,0,0,1
1747,WISEA J233515.22+000211.1,23h35m15.2246s,+00d02m11.167s,353.8134362,0.0364353,G,5292.45570915326,0.017653732,SLS,39.0975925063368,1,0,18,4,2,0,0,0,0,1
1748,WISEA J233518.63+003302.0,23h35m18.6432s,+00d33m02.112s,353.82768,0.55058683,QSO,324878.071591083,1.0836766,SLS,39.1092203610777,25,0,17,8,13,4,0,0,0,1
1750,WISEA J233810.25+005500.4,23h38m10.2591s,+00d55m00.470s,354.5427466,0.9167973,G,45200.8061330563,0.15077366,SLS,39.1169368240425,2,0,42,7,1,4,0,0,0,1
1753,GALEXMSC J234000.63-000051.3,23h40m00.7080s,-00d00m51.361s,355.00295,-0.01426694444,G,214159.74029688,0.71436,SLS,39.1355906594255,2,0,4,2,1,0,0,0,0,1
1754,WISEA J233558.51-001304.4,23h35m58.5106s,-00d13m04.409s,353.9937945,-0.2178916,*,28.5862091791851,9.535333e-05,SLS,39.1395103598964,0,0,23,6,3,3,0,0,0,1
1758,WISEA J234016.91+001335.6,23h40m16.9127s,+00d13m35.618s,355.0704698,0.2265606,QSO,568453.567783906,1.896157,SLS,39.1932872611944,24,0,25,9,11,4,0,1,0,1
1759,WISEA J233834.63+005325.3,23h38m34.6104s,+00d53m24.822s,354.64421,0.89022839,QSO,485046.20949652,1.61794,SLS,39.21158537948,24,0,25,13,16,4,0,0,0,1
1761,SDSS J233503.78+001814.2,23h35m03.7864s,+00d18m14.234s,353.7657769885,0.3039539414,G,162694.36903202,0.54269,SLS,39.2370462823109,2,0,19,2,1,4,0,0,0,1
1764,UGC 12685,23h35m13.9211s,+00d02m30.174s,353.8080047,0.041715,G,5303.9488526156,0.017692069,SLS,39.2859248018396,30,0,47,16,10,9,0,5,4,2
1765,WISEA J233936.73-000952.6,23h39m36.7264s,-00d09m52.900s,354.9030269708,-0.1646945775,G,185079.87187088,0.61736,SLS,39.2951550188397,2,0,31,3,1,4,0,0,0,1
1767,WISEA J234015.52+002339.1,23h40m15.5227s,+00d23m39.187s,355.064678,0.3942187,G,39493.0905023647,0.13173477,SLS,39.3669972315281,2,0,36,6,1,4,0,0,0,1
1768,SDSS J233513.06+000244.2,23h35m13.0680s,+00d02m44.214s,353.80445,0.045615,G,5270.45813775505,0.017580356,SLS,39.4021361181328,1,0,0,2,2,0,0,0,0,1
1769,2MASX J23393260-0011105,23h39m32.5032s,-00d11m10.215s,354.88543,-0.18617097,G,17941.4295068085,0.059846167,SLS,39.4186263541771,11,0,51,6,5,10,0,0,1,1
1770,SDSS J233647.50+005343.6,23h36m47.5016s,+00d53m43.631s,354.1979234852,0.8954531617,G,100001.77021506,0.33357,SLS,39.4287043418743,2,0,19,2,1,4,0,0,0,1
1772,WISEA J233913.11+004832.3,23h39m13.2214s,+00d48m33.214s,354.8050895149,0.8092262988,G,264674.76946988,0.88286,SLS,39.4607466275961,2,0,34,4,1,3,0,0,0,1
1773,WISEA J234017.22+002135.4,23h40m17.2257s,+00d21m35.438s,355.071774,0.3598439,G,35365.0233038192,0.11796502,SLS,39.4725975829146,3,0,42,8,2,4,0,0,0,1
1774,SDSS J233509.42+000511.5,23h35m09.4248s,+00d05m11.557s,353.78927,0.086543847,*,48.3553842640596,0.0001612962,SLS,39.4776319704884,0,0,9,4,2,4,0,0,0,1
1775,WISEA J233825.19-002114.6,23h38m25.2510s,-00d21m16.392s,354.6052126632,-0.3545534679,G,256880.16556188,0.85686,SLS,39.4839950407611,2,0,30,3,1,4,0,0,0,1
1776,WISEA J234014.43+002535.4,23h40m14.4348s,+00d25m35.480s,355.0601452,0.4265223,G,20405.1458115019,0.06806424,SLS,39.4950687611453,13,0,37,9,6,5,0,0,0,1
1778,WISEA J233553.16-001223.4,23h35m53.1649s,-00d12m23.460s,353.9715205,-0.2065168,G,138779.92465736,0.46292,SLS,39.5204669492291,2,0,20,4,1,0,0,0,0,1
1780,WISEA J234000.54+003501.1,23h40m00.5401s,+00d35m01.172s,355.0022504,0.5836589,G,40270.7881135116,0.13432889,SLS,39.5368119710679,9,0,63,7,4,10,0,0,1,1
1781,GALEXMSC J233942.19+004155.3,23h39m42.1810s,+00d41m54.628s,354.92575416667,0.69850777778,G,192880.47162804,0.64338,SLS,39.5527509913435,2,0,4,2,1,0,0,0,0,1
1786,WISEA J233919.93-001416.7,23h39m19.8520s,-00d14m16.113s,354.8327169265,-0.237809406,G,235274.12311382,0.78479,SLS,39.6049238953938,2,0,30,3,1,4,0,0,0,1
1787,SDSS J233510.68+000334.8,23h35m10.6872s,+00d03m34.891s,353.79453,0.059692,G,187720.788602271,0.62616915,SLS,39.6747049787569,3,0,15,2,1,4,0,0,0,1
1789,WISEA J234018.96+001903.6,23h40m19.0344s,+00d19m05.214s,355.07931,0.31811509,WD*,49.0622079402108,0.00016365391,SLS,39.6860665118928,2,0,24,6,2,4,0,0,0,1
1790,WISEA J233722.02+005600.3,23h37m21.9823s,+00d56m01.466s,354.3415932014,0.9337405564,G,99651.0130392,0.3324,SLS,39.6981960821128,2,0,31,3,1,4,0,0,0,1
1792,WISEA J233956.34+003713.0,23h39m56.3499s,+00d37m13.040s,354.9847915,0.6202889,G,141828.81395522,0.47309,SLS,39.7083611353499,3,0,32,4,1,4,0,0,0,1
1793,WISEA J233802.36-002244.1,23h38m02.3671s,-00d22m44.161s,354.5098629,-0.3789336,G,34700.1555821651,0.11574726,SLS,39.7106377778483,11,0,71,10,7,10,0,0,1,1
1794,WISEA J234018.40+002121.3,23h40m18.4030s,+00d21m21.385s,355.0766792,0.3559403,G,35761.0281553651,0.11928595,SLS,39.7358525892983,10,0,54,7,5,8,1,0,0,1
1795,2MASX J23382754-0021215,23h38m27.5244s,-00d21m21.884s,354.614685,-0.356079,G,22525.2570890059,0.07513617,SLS,39.735863102994,14,0,59,8,6,10,0,0,1,1
1796,WISEA J233600.52-001418.5,23h36m00.5232s,-00d14m18.563s,354.0021802,-0.2384898,G,20541.4854255512,0.06851902,SLS,39.7661356640783,13,0,62,11,7,8,0,0,0,3
1798,SDSS J233934.46+004423.1,23h39m34.4610s,+00d44m23.194s,354.8935877933,0.7397761679,G,75661.62055004,0.25238,SLS,39.7780970317323,2,0,19,2,1,4,0,0,0,1
1799,SDSS J233752.38-002304.1,23h37m52.3920s,-00d23m04.180s,354.4683,-0.3844946,G,134518.764597085,0.4487063,SLS,39.7790625106233,1,0,23,4,1,4,0,0,0,1
1800,WISEA J233759.03-002254.6,23h37m59.0377s,-00d22m54.674s,354.4959908,-0.3818541,G,25014.0921043777,0.08343803,SLS,39.7792075493994,12,0,62,8,3,8,0,0,0,1
1801,WISEA J233618.47+005041.0,23h36m18.4767s,+00d50m40.663s,354.0769866087,0.8446288311,G,230909.14492534,0.77023,SLS,39.7839363568159,2,0,27,2,1,3,0,0,0,1
1802,WISEA J233510.85+000307.9,23h35m10.8480s,+00d03m07.873s,353.7952,0.052186984,G,44236.475725106,0.147557,SUN,39.7869107596054,4,0,41,7,2,4,0,0,0,1
1803,SDSS J233921.19+004728.2,23h39m21.1984s,+00d47m28.224s,354.8383269955,0.7911735739,G,154956.72569104,0.51688,SLS,39.8174194145177,2,0,23,3,1,4,0,0,0,1
1805,WISEA J233917.75-001458.7,23h39m17.7557s,-00d14m58.722s,354.8239824,-0.2496452,G,20775.4239732646,0.069299355,SLS,39.8392251784167,21,0,58,11,9,6,0,0,2,2
1807,SDSS J233523.52+003701.6,23h35m23.5239s,+00d37m01.669s,353.8480164001,0.6171303542,G,121547.85417152,0.40544,SLS,39.8946884310713,2,0,15,1,1,4,0,0,0,1
1808,SDSS J233503.74+002357.4,23h35m03.7437s,+00d23m57.440s,353.7655987934,0.3992890885,G,84547.46900516,0.28202,SLS,39.8976139169549,2,0,19,2,1,4,0,0,0,1
1809,WISEA J233945.88-000807.6,23h39m45.9701s,-00d08m07.198s,354.94154208333,-0.13533277778,G,232348.14872374,0.77503,SLS,39.9177297309131,2,0,16,3,1,0,0,0,0,1
1810,SDSS J233614.24+005012.1,23h36m14.2480s,+00d50m12.157s,354.0593670154,0.8367104322,G,81771.39084408,0.27276,SLS,39.9390715349192,2,0,15,1,1,4,0,0,0,1
1812,WISEA J233735.23+005630.6,23h37m35.2320s,+00d56m31.459s,354.3968,0.94207194444,G,226064.49880406,0.75407,SLS,39.9468621268802,2,0,12,2,1,0,0,0,0,1
1814,SDSS J233620.99+005115.2,23h36m20.9954s,+00d51m15.235s,354.0874810223,0.8542319564,G,154063.3441662,0.5139,SLS,39.9613216262533,2,0,19,2,1,4,0,0,0,1
1815,SDSS J233942.26-000919.5,23h39m42.2637s,-00d09m19.519s,354.9260989154,-0.155421983,G,182705.51560352,0.60944,SLS,39.9655612065617,2,0,19,2,1,4,0,0,0,1
1817,SDSS J233658.82+005512.2,23h36m58.8218s,+00d55m12.219s,354.2450911129,0.920060952,G,212744.71989512,0.70964,SLS,39.9914677528251,2,0,19,2,1,4,0,0,0,1
1819,SDSS J233502.72+002303.8,23h35m02.7241s,+00d23m03.877s,353.761350681,0.3844103136,G,179941.42914076,0.60022,SLS,39.9942172361221,2,0,19,2,1,4,0,0,0,1
1820,SDSS J233937.23+004400.0,23h39m37.2359s,+00d44m00.002s,354.9051497166,0.7333340453,G,202287.95896008,0.67476,SLS,40.0117272026189,2,0,19,2,1,4,0,0,0,1
1822,WISEA J233913.65+004911.8,23h39m13.6744s,+00d49m12.273s,354.8069767519,0.8200760887,G,184111.54223154,0.61413,SLS,40.0553641696097,2,0,35,4,1,4,0,0,0,1
1823,SDSS J233916.46+004842.0,23h39m16.4647s,+00d48m42.094s,354.8186030883,0.811692987,G,239312.32752308,0.79826,SLS,40.0603748668322,2,0,19,2,1,4,0,0,0,1
1824,SDSS J233531.54+004021.2,23h35m31.5485s,+00d40m21.212s,353.8814521028,0.6725591063,G,152786.22829512,0.50964,SLS,40.0630524699378,2,0,19,2,1,4,0,0,0,1
1826,WISEA J233553.25-001310.9,23h35m53.2515s,-00d13m10.913s,353.9718814,-0.2196981,G,20412.625633329,0.06808919,SLS,40.0897322179818,1,0,42,7,1,4,0,0,0,1
1827,WISEA J234011.43+003015.7,23h40m11.4385s,+00d30m15.711s,355.0476604,0.5043644,G,27916.3679006528,0.09311898,SLS,40.1072891382364,1,0,36,6,1,4,0,0,0,1
1829,GALEXMSC J233524.43+003757.3,23h35m24.5141s,+00d37m54.170s,353.85214208333,0.63171388889,G,146289.72573026,0.48797,SLS,40.1396906006617,2,0,4,2,1,0,0,0,0,1
1832,WISEA J233713.67+005611.1,23h37m13.6743s,+00d56m11.123s,354.3069766,0.9364232,QSO,212261.814203774,0.7080292,SLS,40.1535730706371,39,0,65,14,21,8,0,1,0,1
1833,WISEA J233611.26+005001.4,23h36m11.2656s,+00d50m01.326s,354.04694,0.83370176,G,82915.2249841824,0.27657542,SLS,40.1967149790987,1,0,36,6,1,4,0,0,0,1
1834,WISEA J233916.26-001543.2,23h39m16.2625s,-00d15m43.256s,354.8177608,-0.2620156,G,59251.37412724,0.19764131,SLS,40.2069283761318,2,0,34,5,1,4,0,0,0,1
1835,WISEA J234021.46+001610.0,23h40m21.4680s,+00d16m10.087s,355.0894503,0.2694688,G,39941.2202685831,0.13322957,SLS,40.2188840183999,23,0,68,14,12,10,1,1,1,1
1839,WISEA J233803.37-002314.5,23h38m03.3724s,-00d23m14.532s,354.514052,-0.3873701,G,34556.0681318313,0.115266636,SLS,40.2468960740623,12,0,58,7,4,8,0,0,0,1
1840,WISEA J233929.95+004611.0,23h39m29.9413s,+00d46m11.231s,354.8747556612,0.7697864226,G,184444.31185992,0.61524,SLS,40.280958626502,2,0,31,3,1,4,0,0,0,1
1841,WISEA J233528.76+003947.8,23h35m28.7899s,+00d39m47.204s,353.8699581844,0.6631124082,G,145893.9996857,0.48665,SLS,40.2916313134136,2,0,31,3,1,4,0,0,0,1
1842,WISEA J234018.39+002458.6,23h40m18.3961s,+00d24m58.613s,355.0766504,0.4162816,G,40286.6141573694,0.13438168,SLS,40.3279124174892,1,0,35,5,1,4,0,0,0,1
1843,SDSS J233922.67-001439.2,23h39m22.6734s,-00d14m39.254s,354.8444724986,-0.2442374506,G,292096.78560314,0.97433,SLS,40.3486034996833,3,0,5,2,2,4,0,0,0,1
1844,WISEA J233937.10-001120.2,23h39m37.1064s,-00d11m20.097s,354.90461,-0.188916,G,17961.001457429,0.059911452,SLS,40.3573522777001,3,0,36,7,2,4,0,0,0,1
1847,GALEXMSC J233609.99+005002.8,23h36m09.9730s,+00d50m01.168s,354.04155416667,0.83365777778,G,234974.33065582,0.78379,SLS,40.3749508799976,2,0,4,2,1,0,0,0,0,1
1848,SDSS J234010.42+003141.5,23h40m10.4280s,+00d31m41.520s,355.04345,0.5282,*,63.5839567427085,0.00021209325,SLS,40.382225599582,0,0,8,3,1,4,0,0,0,1
1849,SDSS J233742.28+005659.1,23h37m42.2898s,+00d56m59.103s,354.4262077209,0.9497508298,G,81720.42612622,0.27259,SLS,40.3872592001018,2,0,19,2,1,4,0,0,0,1
1850,WISEA J233646.56-002128.2,23h36m46.5658s,-00d21m28.237s,354.1940242,-0.3578436,QSO,385710.128434449,1.2865905,SLS,40.3961706605671,25,0,28,10,13,4,0,0,0,1
1854,SDSS J233505.69+002828.2,23h35m05.6919s,+00d28m28.223s,353.773716565,0.4745064231,G,152483.43791254,0.50863,SLS,40.5045775784164,2,0,23,3,1,4,0,0,0,1
1855,WISEA J233510.56+003153.4,23h35m10.5668s,+00d31m53.486s,353.7940286,0.5315239,G,64940.2058310022,0.21661721,SLS,40.5046506430392,5,0,43,9,3,4,2,0,0,1
1856,WISEA J233919.05-001534.1,23h39m19.0525s,-00d15m34.125s,354.8293856,-0.2594794,G,83551.4595281729,0.27869767,SLS,40.504710852067,4,0,33,4,2,4,0,0,0,1
1857,WISEA J234005.27-000140.8,23h40m05.2754s,-00d01m40.819s,355.0219811,-0.0280055,G,10944.3712694298,0.036506493,SLS,40.5258976199672,11,0,47,11,7,4,0,0,0,1
1860,WISEA J234012.58+003048.0,23h40m12.5808s,+00d30m47.073s,355.05242,0.513076,QSO,569071.440039844,1.898218,SLS,40.5557228298977,26,0,22,9,13,4,0,1,0,1
1862,WISEA J234020.48+002332.4,23h40m20.4828s,+00d23m32.461s,355.085345,0.3923505,G,40242.8084834065,0.13423556,SLS,40.5682151023633,10,0,66,8,6,10,0,0,1,1
1864,WISEA J233846.10+005344.8,23h38m46.0752s,+00d53m44.784s,354.69198,0.89577357,G,56103.16059012,0.18714,SLS,40.5926493363189,1,0,31,4,1,4,0,0,0,1
1866,WISEA J233957.43+003831.4,23h39m57.4344s,+00d38m31.412s,354.9893101,0.6420591,G,49018.0035422787,0.16350646,SLS,40.6299357957631,2,0,43,5,1,6,0,0,1,1
1867,WISEA J233543.20-001130.8,23h35m43.2095s,-00d11m30.858s,353.9300399,-0.1919052,G,86303.2784835515,0.28787675,SLS,40.641001569246,4,0,54,6,4,8,0,0,0,1
1869,SDSS J233500.59+002355.2,23h35m00.5946s,+00d23m55.202s,353.7524776019,0.3986672571,G,179224.92516614,0.59783,SLS,40.6648980339221,2,0,19,2,1,4,0,0,0,1
1871,SDSS J233543.70-001144.1,23h35m43.7052s,-00d11m44.179s,353.9321049881,-0.1956053348,G,138465.14257646,0.46187,SLS,40.7058499574992,2,0,19,2,1,4,0,0,0,1
1873,SDSS J233735.80-002406.1,23h37m35.8080s,-00d24m06.152s,354.3992,-0.401709,G,10559.0570169361,0.035221223,SLS,40.7201661973383,2,0,24,6,2,4,0,0,0,1
1874,SDSS J233706.10+005626.4,23h37m06.1040s,+00d56m26.463s,354.2754334583,0.9406842511,G,142620.26604434,0.47573,SLS,40.7636311414706,2,0,19,2,1,4,0,0,0,1
1875,WISEA J233937.95-001142.3,23h39m37.9624s,-00d11m43.278s,354.9081770603,-0.1953551141,G,235109.23726192,0.78424,SLS,40.7794500427149,2,0,30,3,1,4,0,0,0,1
1878,WISEA J233925.01-001445.3,23h39m25.0141s,-00d14m45.358s,354.8542255,-0.2459329,G,133243.747273211,0.4444533,SLS,40.7993482452652,4,0,31,4,1,4,0,0,0,1
1879,SDSS J233836.83+005454.3,23h38m36.8333s,+00d54m54.375s,354.6534720945,0.9151041991,G,182402.72522094,0.60843,SLS,40.8041928316496,2,0,23,3,1,4,0,0,0,1
1880,WISEA J233825.90-002235.7,23h38m25.9344s,-00d22m35.965s,354.60806,-0.376657,*,24.781743955654,8.2663e-05,SLS,40.8049459656019,0,0,17,3,1,4,0,0,0,1
1882,WISEA J233533.08-000853.8,23h35m33.0848s,-00d08m53.803s,353.8878534,-0.1482788,G,19964.4269148453,0.06659416,SLS,40.8207616520028,13,0,60,8,4,8,0,0,0,1
1884,WISEA J233611.10+005047.3,23h36m11.1080s,+00d50m47.398s,354.0462835,0.8464995,G,185040.89885134,0.61723,SLS,40.8589322088973,2,0,31,3,1,4,0,0,0,1
1885,WISEA J234002.81+003644.5,23h40m02.8162s,+00d36m44.598s,355.0117343,0.6123885,G,94003.822507854,0.313563,SUN,40.8627526881755,3,0,36,7,3,4,8,0,0,1
1886,SDSS J233642.19+005447.1,23h36m42.1966s,+00d54m47.174s,354.1758191911,0.9131040143,G,131932.66491664,0.44008,SLS,40.8821291263058,2,0,19,2,1,4,0,0,0,1
1890,SDSS J233503.07+000514.2,23h35m03.0773s,+00d05m14.281s,353.76282211,0.0873005239,G,188266.66569942,0.62799,SLS,40.98675876386,2,0,15,1,1,4,0,0,0,1
1891,WISEA J233522.47+003841.7,23h35m22.4705s,+00d38m41.706s,353.8436273,0.6449184,QSO,442379.447081502,1.475619,SLS,40.9950745573597,35,0,48,14,22,8,0,1,0,2
1895,GALEXMSC J233838.59+005500.8,23h38m38.5550s,+00d54m59.900s,354.66064583333,0.91663888889,G,280228.00219092,0.93474,SLS,41.0406024749512,2,0,4,2,1,0,0,0,0,1
1897,WISEA J233913.58+005025.9,23h39m13.5855s,+00d50m25.951s,354.8066065,0.8405421,*,7.91625309202232,2.6405778e-05,SLS,41.0484947997765,0,0,17,3,1,4,0,0,0,1
1898,SDSS J233821.06+005625.9,23h38m21.0684s,+00d56m25.975s,354.5877850502,0.9405487561,G,124884.54422906,0.41657,SLS,41.0975073057387,2,0,23,3,1,4,0,0,0,1
1900,WISEA J233947.10-000945.0,23h39m47.1060s,-00d09m45.352s,354.946275,-0.162598,*,6.07426497386168,2.0261567e-05,SLS,41.1687050238092,0,0,30,10,5,4,0,0,0,3
1901,WISEA J233613.19-001818.2,23h36m13.1995s,-00d18m18.275s,354.0549979,-0.3050765,G,22888.4766373449,0.07634774,SLS,41.1795349757597,12,0,47,4,4,8,0,0,0,1
1902,WISEA J233822.78-002312.7,23h38m22.7818s,-00d23m12.769s,354.5949245,-0.3868805,G,10505.6831668836,0.035043187,SLS,41.185763383606,2,0,36,7,2,4,0,0,0,1
1903,2MASS J23351821-0004073,23h35m18.2100s,-00d04m07.309s,353.825875,-0.068697,G,67232.8356763868,0.2242646,SLS,41.1894104505942,2,0,27,5,1,4,0,0,0,1
1904,MCG +00-60-030,23h40m19.8546s,+00d06m01.472s,355.0827278,0.1004089,G,18171.5355077388,0.060613718,SLS,41.1940595749092,24,0,73,14,9,11,0,1,2,1
1907,SDSS J233517.32+003702.1,23h35m17.3201s,+00d37m02.108s,353.8221671944,0.6172524164,G,59385.88800522,0.19809,SLS,41.2381272509737,2,0,9,2,1,3,0,0,0,1
1909,WISEA J233856.43-002002.6,23h38m56.4347s,-00d20m02.646s,354.7351446,-0.3340684,*,76.3842402908032,0.0002547904,SLS,41.2579496449797,0,0,23,4,1,4,0,0,0,1
1910,WISEA J233503.40+000401.6,23h35m03.4080s,+00d04m01.682s,353.7642002,0.0671339,G,17293.2539294234,0.057684086,SLS,41.2597897739978,4,0,36,6,1,4,0,0,0,1
1911,WISEA J233821.63+005635.5,23h38m21.6318s,+00d56m35.527s,354.5901325,0.943202,G,76950.6981401942,0.2566799,SLS,41.2865858902086,4,0,54,7,5,8,0,0,0,1
1912,SDSS J233750.97+005750.1,23h37m50.9778s,+00d57m50.186s,354.4624075031,0.9639405726,G,58435.54591336,0.19492,SLS,41.3179603145985,2,0,23,3,1,4,0,0,0,1
1915,SDSS J234011.41+003336.8,23h40m11.4135s,+00d33m36.803s,355.0475563675,0.5602232791,G,137194.02255454,0.45763,SLS,41.3632961355794,2,0,5,1,1,4,0,0,0,1
1917,WISEA J234015.46+000153.0,23h40m15.4728s,+00d01m53.126s,355.06447,0.031423968,G,94390.0301418725,0.31485125,SLS,41.4198566766626,1,0,31,4,1,4,0,0,0,1
1919,SDSS J233826.15-002314.4,23h38m26.1524s,-00d23m14.415s,354.6089684041,-0.3873376254,G,290363.9851959,0.96855,SLS,41.4358969172349,2,0,18,2,1,3,0,0,0,1
1920,WISEA J233955.16+004050.2,23h39m55.1423s,+00d40m50.180s,354.9797599227,0.6806055931,G,141594.97583798,0.47231,SLS,41.4568434806927,2,0,35,4,1,4,0,0,0,1
1922,WISEA J233517.24+003730.8,23h35m17.2427s,+00d37m30.833s,353.8218447,0.6252314,G,51459.3274489067,0.17164984,SLS,41.4941374928401,6,0,57,8,6,8,0,0,0,2
1923,SDSS J233948.47-000951.2,23h39m48.4757s,-00d09m51.299s,354.951982169,-0.164249854,G,199586.8289135,0.66575,SLS,41.4954609831216,2,0,9,2,1,4,0,0,0,1
1924,WISEA J233937.10+004610.7,23h39m37.1009s,+00d46m10.703s,354.9045872,0.7696398,G,17967.947049096,0.05993462,SLS,41.510052483177,3,0,17,5,2,0,0,0,0,1
1925,SDSS J234024.78+002248.1,23h40m24.7801s,+00d22m48.186s,355.1032506618,0.3800519296,G,145426.32345122,0.48509,SLS,41.5104621732305,2,0,19,2,1,4,0,0,0,1
1926,SDSS J233522.68-000635.2,23h35m22.6944s,-00d06m35.323s,353.84456,-0.10981213,QSO,411741.857043734,1.373423,SLS,41.5491510062449,22,0,14,7,11,4,0,0,0,1
1928,WISEA J233549.78-001423.9,23h35m49.7807s,-00d14m23.963s,353.9574198,-0.2399899,G,103344.306225531,0.3447195,SLS,41.5753957594042,1,0,27,3,1,4,0,0,0,1
1931,WISEA J234026.96+001802.0,23h40m26.9694s,+00d18m02.075s,355.1123726,0.3005764,G,59018.6032711505,0.19686487,SLS,41.6165654398984,14,0,55,8,7,8,1,1,0,1
1934,WISEA J233456.23+002318.7,23h34m56.2385s,+00d23m18.708s,353.7343271,0.38853,G,70780.0879647277,0.23609696,SLS,41.6342327297592,11,0,62,6,5,10,0,0,1,1
1937,SDSS J233545.24+004642.8,23h35m45.2478s,+00d46m42.891s,353.9385326874,0.7785808567,G,153766.54963278,0.51291,SLS,41.6948520178799,2,0,19,2,1,4,0,0,0,1
1938,WISEA J233748.06+005815.3,23h37m48.0696s,+00d58m15.324s,354.45029,0.9709234,*,28.3869191448051,9.468857e-05,SLS,41.6972352491735,0,0,23,4,1,4,0,0,0,1
1940,WISEA J233513.00+003602.1,23h35m13.0015s,+00d36m02.164s,353.8041732,0.6006012,*,12.6924398067633,4.2337422e-05,SLS,41.7044151769251,0,0,22,4,1,4,0,0,0,1
1943,WISEA J233510.17+003448.4,23h35m10.1767s,+00d34m48.427s,353.7924029,0.5801188,G,103175.514077903,0.34415647,SLS,41.7805576287128,1,0,27,3,1,4,0,0,0,1
1944,SDSS J233931.35-001443.5,23h39m31.3500s,-00d14m43.572s,354.880625259,-0.2454368647,G,214645.40407884,0.71598,SLS,41.8081920808228,2,0,9,2,1,4,0,0,0,1
1946,WISEA J233453.15+001524.2,23h34m53.1529s,+00d15m24.265s,353.7214705,0.2567403,G,146624.473988863,0.4890866,SLS,41.8783820177254,4,0,27,3,1,4,0,0,0,1
1947,WISEA J233830.57-002322.3,23h38m30.5760s,-00d23m22.364s,354.6274003,-0.3895456,G,24919.7821937703,0.083123446,SLS,41.8798077316215,1,0,41,7,1,4,0,0,0,1
1949,WISEA J233511.71-000238.1,23h35m11.7194s,-00d02m38.128s,353.7988312,-0.0439246,G,107445.886760412,0.3584009,SLS,41.8966804978394,2,0,27,3,1,4,0,0,0,1
1950,SDSS J233610.15+005153.3,23h36m10.1500s,+00d51m53.380s,354.0422920061,0.8648279791,G,187310.3277584,0.6248,SLS,41.9121731113285,2,0,19,2,1,4,0,0,0,1
1952,SDSS J233949.29-001016.7,23h39m49.2992s,-00d10m16.739s,354.9554135706,-0.1713165213,G,169706.51462464,0.56608,SLS,41.9248488323505,2,0,23,3,1,4,0,0,0,1
1955,SDSS J233456.77+000724.9,23h34m56.7790s,+00d07m24.986s,353.7365795024,0.123607355,G,86139.36695714,0.28733,SLS,41.9719764976284,2,0,15,1,1,4,0,0,0,1
1956,WISEA J233928.49-001534.9,23h39m28.4902s,-00d15m34.952s,354.8687095,-0.2597089,*,32.0936190498578,0.00010705279,SLS,41.9908312745528,0,0,17,3,1,4,0,0,0,1
1958,SDSS J233817.24-002422.8,23h38m17.2466s,-00d24m22.805s,354.5718608842,-0.4063348999,G,87710.27943706,0.29257,SLS,41.9917010727307,2,0,19,2,1,4,0,0,0,1
1959,WIG S00J233952999-00091617,23h39m52.9990s,-00d09m16.171s,354.97082916667,-0.15449194444,G,123091.78533022,0.41059,SLS,42.009751128197,2,0,0,1,1,0,0,0,0,1
1963,WISEA J233550.06-001507.3,23h35m50.0641s,-00d15m07.361s,353.9586007,-0.2520449,G,103315.634074848,0.34462386,SLS,42.0708838956099,1,0,27,3,1,4,0,0,0,1
1965,WISEA J233825.34-002359.3,23h38m25.3465s,-00d23m59.347s,354.6056105,-0.3998186,G,82930.8321795458,0.27662748,SLS,42.1024407412606,3,0,56,8,5,8,0,0,0,2
1967,WISEA J233908.73+005229.3,23h39m08.7398s,+00d52m29.398s,354.7864162,0.874833,G,3.90802972731707,1.3035784e-05,SLS,42.1138622872752,1,0,27,3,1,4,0,0,0,1
1970,SDSS J233902.52-002020.8,23h39m02.5272s,-00d20m20.826s,354.76053,-0.33911852,*,311593.338420483,1.0393635,SLS,42.2443979188876,1,0,5,2,1,4,0,0,0,1
1971,WISEA J233652.48+005706.1,23h36m52.4784s,+00d57m05.981s,354.21866,0.9516616,G,93099.76237566,0.31054738,SLS,42.248520730282,7,0,35,6,4,4,4,0,0,1
1974,SDSS J233542.52+004654.1,23h35m42.5289s,+00d46m54.174s,353.9272039784,0.7817150075,G,153733.5724624,0.5128,SLS,42.3022907891383,2,0,19,2,1,4,0,0,0,1
1975,WISEA J234024.37+000557.4,23h40m24.3796s,+00d05m57.450s,355.1015817,0.0992917,*,2.74186854390516,9.145889e-06,SLS,42.3051853246671,0,0,23,4,1,3,0,0,0,1
1977,WISEA J233549.46-001520.0,23h35m49.4632s,-00d15m20.007s,353.9560967,-0.2555575,G,103627.870917779,0.34566537,SLS,42.3284902344517,3,0,33,4,2,4,0,0,0,1
1979,2MASX J23402394+0005230,23h40m23.9155s,+00d05m22.974s,355.099648,0.089715,G,35836.9326078061,0.11953914,SLS,42.3414995003614,16,0,64,11,9,10,0,0,1,1
1981,SDSS J233552.72-001603.1,23h35m52.7232s,-00d16m03.124s,353.9696802276,-0.2675344743,G,154450.07643702,0.51519,SLS,42.3496032525822,2,0,19,2,1,4,0,0,0,1
1983,WISEA J233500.01+000256.5,23h35m00.0180s,+00d02m56.503s,353.750075,0.0490286,*,14.2222699274088,4.7440386e-05,SLS,42.4051226888039,0,0,23,5,2,4,0,0,0,1
1985,SDSS J233735.23+005900.0,23h37m35.2327s,+00d59m00.094s,354.3968032318,0.9833595193,G,256679.30461502,0.85619,SLS,42.4227937835654,2,0,15,1,1,3,0,0,0,1
1988,WISEA J233523.92+004147.1,23h35m23.8704s,+00d41m47.330s,353.84946,0.69648073,G,45953.7169037758,0.1532851,SLS,42.4596815400537,2,0,35,6,2,4,0,0,0,1
1990,WIG S00J233507530-00015170,23h35m07.5300s,-00d01m51.700s,353.781375,-0.03102777778,G,187990.85663806,0.62707,SLS,42.4879293003645,2,0,0,1,1,0,0,0,0,1
1991,WISEA J234007.20+003811.8,23h40m07.2097s,+00d38m11.888s,355.0300408,0.6366358,G,42246.1505985194,0.14091799,SLS,42.5416558489764,1,0,36,6,1,4,0,0,0,1
1993,SDSS J234017.72+000009.1,23h40m17.7216s,+00d00m09.161s,355.0738402976,0.0025447513,G,144871.70740392,0.48324,SLS,42.5846639572752,5,0,15,3,2,4,0,0,0,1
1994,WISEA J233903.93-002032.7,23h39m03.9314s,-00d20m32.714s,354.7663809,-0.3424206,G,265885.9310002,0.8869,SLS,42.5884040732372,2,0,31,3,1,3,0,0,0,1
1996,SDSS J234002.91+004001.8,23h40m02.9138s,+00d40m01.810s,355.0121409022,0.6671696777,G,197686.14472978,0.65941,SLS,42.5994046570254,2,0,15,1,1,4,0,0,0,1
1999,SDSS J234031.11+001553.7,23h40m31.1160s,+00d15m53.781s,355.12965,0.26493919,*,206105.546099498,0.6874941,SLS,42.6343347764747,0,0,5,3,2,4,0,0,0,2
2000,WISEA J233622.72+005431.9,23h36m22.7249s,+00d54m31.941s,354.0946872,0.9088727,G,25116.0844965139,0.08377824,SLS,42.6362808725093,2,0,41,7,1,4,0,0,0,1
2001,WIG S00J233507576+00352797,23h35m07.5761s,+00d35m27.970s,353.78156708333,0.59110277778,G,301096.5551923,1.00435,SLS,42.654002901361,2,0,0,1,1,0,0,0,0,1
2002,SDSS J233649.45-002406.9,23h36m49.4508s,-00d24m06.941s,354.2060451713,-0.4019281375,G,115228.22915688,0.38436,SLS,42.6764552857482,2,0,19,2,1,4,0,0,0,1
2004,WISEA J234027.16+002600.0,23h40m27.1615s,+00d26m00.044s,355.1131729,0.4333458,G,244065.357069195,0.8141144,SLS,42.6875566951183,11,0,36,11,8,4,0,0,0,1
2007,WISEA J234031.48+001502.9,23h40m31.4824s,+00d15m02.946s,355.1311769,0.2508185,G,28155.8643007451,0.093917854,SLS,42.7483070934229,1,0,36,6,1,4,0,0,0,1
2009,SDSS J234016.54-000110.0,23h40m16.5449s,-00d01m10.084s,355.06893717,-0.0194680219,G,135605.12252714,0.45233,SLS,42.8441376228622,2,0,19,2,1,4,0,0,0,1
2010,WISEA J233514.10+003854.2,23h35m14.1094s,+00d38m54.306s,353.8087892138,0.6484183577,G,162889.23412972,0.54334,SLS,42.8794056850543,2,0,31,3,1,4,0,0,0,1
2011,SDSS J233956.46+004248.1,23h39m56.4623s,+00d42m48.151s,354.9852595703,0.7133754714,G,142188.56490482,0.47429,SLS,42.8968681190775,2,0,19,2,1,4,0,0,0,1
2012,SDSS J233945.58-001247.8,23h39m45.5856s,-00d12m47.898s,354.93994,-0.213305,*,12.9575960429207,4.3221888e-05,SLS,42.9021159730663,0,0,5,2,1,4,0,0,0,1
2015,SDSS J233942.42-001338.0,23h39m42.4203s,-00d13m38.002s,354.9267513555,-0.2272228833,G,123130.75834976,0.41072,SLS,42.9134350998284,2,0,19,2,1,4,0,0,0,1
2017,WISEA J233902.37-002109.2,23h39m02.2924s,-00d21m09.883s,354.759551861,-0.3527455279,G,227692.371851,0.7595,SLS,42.9333696581897,2,0,31,3,1,4,0,0,0,1
2018,SDSS J234021.11+003151.8,23h40m21.1174s,+00d31m51.890s,355.0879892709,0.531080765,G,182504.65465666,0.60877,SLS,42.9336513164025,2,0,19,2,1,4,0,0,0,1
2020,SDSS J233553.56+005011.2,23h35m53.5631s,+00d50m11.304s,353.9731799,0.83647351,G,152187.542756494,0.507643,SUN,42.9437184858673,3,0,20,4,3,4,2,0,0,1
2022,GALEXMSC J233636.43-002315.7,23h36m36.4740s,-00d23m16.990s,354.151975,-0.38805277778,G,133335.69362008,0.44476,SLS,42.9845637251375,2,0,4,2,1,0,0,0,0,1
2024,WISEA J233609.99-002003.5,23h36m10.0056s,-00d20m03.134s,354.04169,-0.334204,G,22832.7901882714,0.07616199,SLS,43.0852713398665,2,0,36,6,1,4,0,0,0,1
2025,WISEA J233542.49+004757.1,23h35m42.3966s,+00d47m57.816s,353.9266528298,0.7993934589,G,356162.43387774,1.18803,SLS,43.0911145203854,3,0,35,4,1,4,0,0,0,1
2027,WISEA J233621.31+005452.3,23h36m21.3264s,+00d54m52.781s,354.08886,0.91466144,G,62726.8291198144,0.20923418,SLS,43.1051818756072,1,0,35,5,1,4,0,0,0,1
2029,SDSS J233849.61-002255.1,23h38m49.6187s,-00d22m55.117s,354.7067448042,-0.3819771503,G,92926.66820626,0.30997,SLS,43.1212582253805,2,0,19,2,1,3,0,0,0,1
2030,WISEA J233504.34-000140.4,23h35m04.3425s,-00d01m40.490s,353.7680939,-0.0279141,G,49876.6511129348,0.1663706,SLS,43.1275270390304,1,0,42,7,1,4,0,0,0,1
2033,WISEA J234031.05+000938.5,23h40m31.0592s,+00d09m38.588s,355.1294134,0.1607189,G,28038.125609545,0.09352512,SLS,43.1786147024839,11,0,47,12,8,4,0,0,0,3
2034,WISEA J233623.41+005514.3,23h36m23.4120s,+00d55m14.337s,354.09755,0.92064921,QSO,537509.88964652,1.79294,SLS,43.1890975038757,24,0,26,9,13,4,0,1,0,2
2035,SDSS J233456.15+002950.6,23h34m56.1552s,+00d29m50.618s,353.73398,0.497394,G,81954.7289217699,0.27337155,SLS,43.1908002727044,1,0,24,5,1,4,0,0,0,1
2036,WISEA J233950.20-001157.8,23h39m50.2030s,-00d11m57.850s,354.9591792,-0.1994028,QSO,77944.2103460062,0.2599939,SLS,43.1939135006819,5,0,63,11,7,8,0,0,0,1
2037,WISEA J234016.67-000155.7,23h40m16.6771s,-00d01m55.753s,355.069488,-0.0321536,G,135694.796447177,0.45262912,SLS,43.1952051734258,4,0,12,4,2,0,0,0,0,1
2039,WISEA J233535.76+004630.8,23h35m35.7615s,+00d46m30.855s,353.8990065,0.7752375,G,32.9754585650648,0.00010999429,SLS,43.2297772287537,0,0,33,4,1,4,0,0,0,1
2040,SDSS J233649.52-002444.0,23h36m49.5243s,-00d24m44.029s,354.206351287,-0.4122302763,G,88219.92661566,0.29427,SLS,43.2611544458461,2,0,19,2,1,4,0,0,0,1
2041,WISEA J233820.34-002534.1,23h38m20.3500s,-00d25m33.900s,354.58479166667,-0.42608333333,G,10642.875090891,0.03550081,SLS,43.3202008470592,13,0,42,9,6,4,0,0,0,1
2043,WISEA J233926.66-001741.3,23h39m26.6658s,-00d17m41.395s,354.8611078,-0.2948322,G,98127.9714189734,0.32731968,SLS,43.3464747574721,4,0,53,6,4,8,0,0,0,1
2044,SDSS J233615.76-002112.5,23h36m15.7686s,-00d21m12.528s,354.0657028005,-0.3534801932,G,270736.57297064,0.90308,SLS,43.3505877976074,2,0,23,3,1,4,0,0,0,1
2045,WISEA J233912.48-002010.0,23h39m12.4863s,-00d20m10.084s,354.8020266,-0.3361345,*,49955.0828157968,0.16663222,SLS,43.3541255557148,7,0,28,9,6,4,0,0,0,2
2047,SDSS J233958.94-000937.9,23h39m58.9406s,-00d09m37.956s,354.9955860301,-0.1605435067,G,123139.7521235,0.41075,SLS,43.4082539131518,2,0,19,2,1,4,0,0,0,1
2049,WISEA J234021.58+003252.6,23h40m21.5897s,+00d32m52.676s,355.0899572,0.5479658,G,80830.0964886024,0.26962018,SLS,43.4136013721194,1,0,27,3,1,4,0,0,0,1
2053,WISEA J233718.02+005940.9,23h37m18.0540s,+00d59m40.858s,354.325225,0.99468277778,G,99207.32020136,0.33092,SLS,43.4480776701751,2,0,16,3,1,0,0,0,0,1
2054,WISEA J234019.42-000103.4,23h40m19.4253s,-00d01m03.456s,355.0809391,-0.0176269,G,20712.1317895316,0.069088235,SLS,43.4554258779079,13,0,60,9,7,8,0,0,0,1
2055,WISEA J233952.69-001139.2,23h39m52.6983s,-00d11m39.225s,354.9695763,-0.1942293,*,41.6794379255391,0.00013902764,SLS,43.461375400027,0,0,23,4,1,4,0,0,0,1
2056,2MASX J23364435-0024339,23h36m44.3356s,-00d24m34.232s,354.184732,-0.409509,G,25152.1915001554,0.08389868,SLS,43.5070709649477,13,0,44,9,7,6,0,0,1,1
2057,SDSS J233803.88-002632.9,23h38m03.8868s,-00d26m32.954s,354.5161950163,-0.442487474,G,186180.11019174,0.62103,SLS,43.5402040694144,2,0,19,2,1,4,0,0,0,1
2064,WISEA J233539.76-001452.4,23h35m39.7618s,-00d14m52.441s,353.9156745,-0.2479004,QSO,452426.391726456,1.509132,SLS,43.6259465581602,27,0,29,12,15,4,0,0,0,2
2065,SDSS J233530.48+004540.9,23h35m30.4880s,+00d45m40.901s,353.8770335103,0.7613614791,G,264911.6055117,0.88365,SLS,43.6316550785273,2,0,19,2,1,3,0,0,0,1
2066,SDSS J233743.16+010014.6,23h37m43.1615s,+01d00m14.627s,354.4298398235,1.0040632227,G,197305.40830812,0.65814,SLS,43.648490804359,2,0,19,2,1,4,0,0,0,1
2067,SDSS J233639.20+005727.8,23h36m39.2016s,+00d57m27.844s,354.1633403651,0.9577346804,G,152138.67658584,0.50748,SLS,43.6514881272354,2,0,19,2,1,4,0,0,0,1
2068,WISEA J233933.71-001640.9,23h39m33.7128s,-00d16m40.983s,354.8904701,-0.2780509,G,122729.480148878,0.40938148,SLS,43.6739349646672,3,0,27,3,1,4,0,0,0,1
2070,SDSS J233445.78+001711.5,23h34m45.7824s,+00d17m11.502s,353.69076,0.28652849,*,11.5902162602464,3.86608e-05,SLS,43.7078735056758,0,0,13,5,2,4,0,0,0,1
2073,WISEA J233959.36+004317.5,23h39m59.3659s,+00d43m17.230s,354.99735791667,0.72145277778,G,254658.7034481,0.84945,SLS,43.7676390889246,2,0,12,2,1,0,0,0,0,1
2074,WISEA J233912.43-002040.9,23h39m12.4331s,-00d20m40.977s,354.8018048,-0.344716,G,49760.0618260186,0.1659817,SLS,43.7846653846888,1,0,28,4,1,4,0,0,0,1
2076,WISEA J234009.31-000635.7,23h40m09.3180s,-00d06m35.865s,355.0388253942,-0.1099627303,G,110236.68473118,0.36771,SLS,43.8228861429081,2,0,27,2,1,4,0,0,0,1
2077,WISEA J233914.61-002023.8,23h39m14.6198s,-00d20m23.885s,354.810916,-0.3399682,G,20325.7847520202,0.06779952,SLS,43.8330541941505,15,0,57,10,7,6,0,0,1,1
2079,SDSS J233953.00+004521.5,23h39m53.0086s,+00d45m21.509s,354.9708693132,0.755974751,G,174802.98641064,0.58308,SLS,43.8486975211336,2,0,19,2,1,4,0,0,0,1
2080,WISEA J233635.17-002408.4,23h36m35.1784s,-00d24m08.447s,354.1465768,-0.4023466,*,15.9026258412161,5.304545e-05,SLS,43.9011129644841,0,0,23,4,1,4,0,0,0,1
2081,WISEA J233548.93-001717.1,23h35m48.9361s,-00d17m17.410s,353.9539006355,-0.2881694821,G,154411.10341748,0.51506,SLS,43.9071512590325,2,0,31,3,1,4,0,0,0,1
2082,WISEA J233518.28-000904.4,23h35m18.1514s,-00d09m05.299s,353.8256310563,-0.1514719805,G,233787.15252214,0.77983,SLS,43.9102072091541,3,0,30,4,2,4,0,0,0,1
2086,SDSS J233446.74+002313.4,23h34m46.7424s,+00d23m13.513s,353.69476,0.387087,G,83312.3630512195,0.27790013,SLS,43.965705861327,5,0,15,2,2,4,0,0,0,1
2087,WISEA J233922.73-001912.5,23h39m22.7349s,-00d19m12.533s,354.8447288,-0.3201483,G,20855.4235906819,0.069566205,SLS,43.9800256263833,15,0,76,9,8,10,1,0,1,1
2092,WISEA J233446.29+002301.2,23h34m46.2967s,+00d23m01.274s,353.692903,0.3836873,G,20403.9358491414,0.068060204,SLS,44.0456629861163,18,0,72,7,6,10,0,0,1,1
2095,WISEA J234024.11+000008.1,23h40m24.1187s,+00d00m08.160s,355.1004949,0.0022669,G,20984.9564169722,0.06999828,SLS,44.0703919453823,28,0,75,14,12,10,1,0,1,1
2096,SDSS J233702.30+005939.2,23h37m02.3040s,+00d59m39.247s,354.2596003715,0.9942353489,G,135841.95856896,0.45312,SLS,44.1056213295079,2,0,19,2,1,4,0,0,0,1
2098,WISEA J233708.45-002647.1,23h37m08.4511s,-00d26m47.154s,354.2852129,-0.4464317,G,133223.031614364,0.4443842,SLS,44.1240572384917,4,0,27,3,1,4,0,0,0,1
2100,WISEA J233655.52-002604.7,23h36m55.5211s,-00d26m04.787s,354.2313381,-0.4346633,G,137448.981050446,0.45848045,SLS,44.1426057750026,4,0,27,3,1,4,0,0,0,1
2101,WISEA J234025.64+003218.6,23h40m25.6768s,+00d32m17.918s,355.1069870414,0.5383106875,G,189010.15099526,0.63047,SLS,44.1532250994378,2,0,31,3,1,4,0,0,0,1
2103,SDSS J233844.18-002436.7,23h38m44.1872s,-00d24m36.787s,354.684113514,-0.4102188263,G,98352.91169606,0.32807,SLS,44.1726996961892,2,0,15,1,1,4,0,0,0,1
2105,WISEA J233717.17-002711.4,23h37m17.1742s,-00d27m11.490s,354.3215594,-0.4531918,G,37041.0520132877,0.12355565,SLS,44.1813696030255,1,0,36,7,2,4,0,0,0,2
2107,WISEA J233503.27+003644.8,23h35m03.2733s,+00d36m44.870s,353.7636388,0.612464,G,140944.725996578,0.470141,SLS,44.1907004208144,4,0,31,4,1,4,0,0,0,1
2110,WISEA J233450.37+000423.3,23h34m50.3726s,+00d04m23.394s,353.7098862,0.0731651,G,218743.5669797,0.72965,SLS,44.2735912273645,3,0,35,5,2,4,0,0,0,1
2113,WISEA J233444.64+001125.8,23h34m44.6487s,+00d11m25.868s,353.6860364,0.190519,G,17515.4741895385,0.058425333,SLS,44.2900913452642,15,0,72,9,5,10,0,0,1,1
2118,WISEA J234004.37+004236.5,23h40m04.4122s,+00d42m35.981s,355.018384308,0.7099948678,G,174371.28527112,0.58164,SLS,44.3678340721232,4,0,24,5,2,4,0,0,0,1
2119,SDSS J233454.94+000038.5,23h34m54.9442s,+00d00m38.509s,353.728934516,0.0106970831,G,130280.80847306,0.43457,SLS,44.3820084035623,2,0,19,2,1,4,0,0,0,1
2120,WISEA J234009.13+004100.3,23h40m09.0864s,+00d40m58.898s,355.0378599944,0.683027319,G,181617.26898098,0.60581,SLS,44.4114327536372,2,0,27,2,1,4,0,0,0,1
2121,WISEA J234023.12-000120.1,23h40m23.1230s,-00d01m20.150s,355.0963459,-0.022264,G,242355.22097178,0.80841,SLS,44.4132972108592,2,0,31,3,1,4,0,0,0,1
2123,SDSS J233712.13-002714.6,23h37m12.1360s,-00d27m14.640s,354.3005666997,-0.454066741,G,256301.56611794,0.85493,SLS,44.4177136591191,2,0,18,2,1,4,0,0,0,1
2125,WISEA J233447.00+000703.4,23h34m47.0064s,+00d07m03.453s,353.6958601,0.117626,G,38487.9373554085,0.12838194,SLS,44.4348388850737,12,0,48,5,4,8,0,0,0,1
2127,WISEA J233907.24+005527.4,23h39m07.2419s,+00d55m27.458s,354.7801746,0.9242939,G,17997.3671819618,0.060032755,SLS,44.4863528398308,2,0,36,7,2,4,0,0,0,1
2128,WISEA J234026.39+000025.1,23h40m26.3929s,+00d00m25.182s,355.1099708,0.0069951,G,114077.02611816,0.38052,SLS,44.4943345583869,2,0,27,2,1,4,0,0,0,1
2129,SDSS J234033.28+002723.0,23h40m33.2830s,+00d27m23.040s,355.1386793128,0.4564001282,G,145594.2072277,0.48565,SLS,44.496424362085,2,0,19,2,1,4,0,0,0,1
2130,WISEA J233753.49+010100.3,23h37m53.4768s,+01d01m00.523s,354.47282,1.016812,QSO,328394.607144177,1.0954065,SLS,44.5252313354178,20,0,27,7,10,4,0,0,0,1
2131,SDSS J233521.37-001110.7,23h35m21.3778s,-00d11m10.759s,353.8390745084,-0.1863220293,G,272286.4999785,0.90825,SLS,44.5321005032181,2,0,15,1,1,4,0,0,0,1
2132,WISEA J234036.35+000920.8,23h40m36.3566s,+00d09m20.891s,355.1514859,0.1558032,G,39682.8681220524,0.1323678,SLS,44.5332472394421,6,0,24,8,2,0,0,0,0,1
2134,SDSS J234022.59+003511.3,23h40m22.5902s,+00d35m11.389s,355.0941259397,0.5864971865,G,287288.11457682,0.95829,SLS,44.5593668147911,2,0,18,2,1,4,0,0,0,1
2135,GALEXMSC J233537.42+004849.3,23h35m37.4189s,+00d48m48.510s,353.90591208333,0.813475,G,93010.6100945,0.31025,SLS,44.5605590906148,2,0,4,2,1,0,0,0,0,1
2136,SDSS J234037.45+002212.7,23h40m37.4520s,+00d22m12.736s,355.15605,0.37020448,G,28012.3872278558,0.093439266,SLS,44.5670793089623,1,0,15,2,1,4,0,0,0,1
2137,SDSS J233448.85+000439.1,23h34m48.8544s,+00d04m39.149s,353.70356,0.077541461,QSO,539817.781925941,1.8006383,SLS,44.5674509215094,23,0,14,8,12,4,0,1,0,2
2138,WISEA J234003.93+004307.3,23h40m03.9360s,+00d43m07.334s,355.0164,0.71870403,G,89956.624324854,0.300063,SLS,44.580286020036,1,0,35,5,1,4,0,0,0,1
2140,SDSS J233842.99-002513.6,23h38m42.9960s,-00d25m13.695s,354.67915,-0.420471,G,55443.0895477939,0.18493824,SLS,44.6422319322106,1,0,16,3,1,4,0,0,0,1
2141,SDSS J233955.38-001242.1,23h39m55.3812s,-00d12m42.154s,354.9807553,-0.2117094706,G,217217.62336848,0.72456,SLS,44.6543165720692,2,0,15,1,1,4,0,0,0,1
2143,WISEA J234026.05+003327.0,23h40m26.0569s,+00d33m27.065s,355.1085707,0.5575181,QSO,396305.723256789,1.3219336,SLS,44.6639211318001,34,0,47,15,21,8,0,1,0,2
2144,WISEA J233456.00+003359.7,23h34m56.0055s,+00d33m59.743s,353.7333566,0.5665955,QSO,529706.741653467,1.7669115,SLS,44.6735201326181,27,0,26,11,14,4,0,1,0,1
2146,WISEA J233843.39-002513.6,23h38m43.3985s,-00d25m13.668s,354.6808271,-0.4204635,G,89230.0653111927,0.29763946,SLS,44.6770706212625,0,0,28,4,1,4,0,0,0,1
2148,WISEA J234000.23+004432.2,23h40m00.2352s,+00d44m32.253s,355.00098,0.7422925,G,39850.7578943816,0.13292782,SLS,44.7104935877112,2,0,42,7,1,4,0,0,0,1
2150,SDSS J234039.33+001431.7,23h40m39.3391s,+00d14m31.773s,355.1639130094,0.2421592924,G,190278.2730926,0.6347,SLS,44.7322670025999,3,0,23,3,1,4,0,0,0,1
2153,WISEA J233828.15+005945.2,23h38m28.1556s,+00d59m45.241s,354.617315,0.9959003,G,18785.9472593341,0.062663175,SLS,44.7615462620863,1,0,42,7,1,4,0,0,0,1
2154,SDSS J233915.29-002123.3,23h39m15.2936s,-00d21m23.378s,354.8137235278,-0.3564940692,G,228016.14770564,0.76058,SLS,44.762011727501,2,0,9,2,1,4,0,0,0,1
2155,WISEA J233849.64+005754.0,23h38m49.6752s,+00d57m54.064s,354.70698,0.96501777,G,52876.1286178672,0.17637578,SLS,44.7655119897289,1,0,37,6,1,4,0,0,0,1
2157,WISEA J233639.44-002532.6,23h36m39.4489s,-00d25m32.633s,354.1643706,-0.4257315,G,28003.1877964896,0.09340858,SLS,44.831013196628,11,0,67,9,8,10,0,0,1,1
2158,WISEA J233753.56-002807.0,23h37m53.5618s,-00d28m07.015s,354.4731743,-0.4686154,G,27936.4282131875,0.093185894,SLS,44.8341800961578,15,0,71,7,6,10,0,0,1,1
2160,SDSS J234029.52+003145.4,23h40m29.5368s,+00d31m45.244s,355.12307,0.52923447,G,113098.425589209,0.37725574,SLS,44.8696184444347,3,0,43,6,4,8,0,0,0,1
2161,WISEA J234039.73+001929.2,23h40m39.7346s,+00d19m29.244s,355.1655609,0.32479,*,31.9943742555992,0.000106721745,SLS,44.8760262652525,0,0,21,5,2,4,0,0,0,1
2162,WISEA J233441.16+001917.2,23h34m41.2450s,+00d19m18.141s,353.67185416667,0.32170583333,G,163296.9518726,0.5447,SLS,44.9194936972575,2,0,16,3,1,0,0,0,0,1
2163,WISEA J233527.68-001339.3,23h35m27.6892s,-00d13m39.357s,353.8653718,-0.2275992,QSO,271429.033590128,0.9053898,SLS,44.9387866947893,44,0,63,16,25,8,0,1,0,3
2164,SDSS J233938.42-001720.4,23h39m38.4288s,-00d17m20.479s,354.91012,-0.289022,G,27139.6805900893,0.09052823,SLS,44.9414397775032,0,0,0,1,1,0,0,0,0,1
2165,WISEA J233734.67+010134.5,23h37m34.6111s,+01d01m32.639s,354.3942129717,1.0257330417,G,258861.79370926,0.86347,SLS,44.9689104390409,2,0,33,4,1,3,0,0,0,1
2166,SDSS J233655.82+010010.0,23h36m55.8218s,+01d00m10.069s,354.2325911091,1.0027969787,G,137802.60124428,0.45966,SLS,44.9828302949681,2,0,19,2,1,4,0,0,0,1
2167,WISEA J233720.74+010119.1,23h37m20.7324s,+01d01m19.624s,354.3363852965,1.0221179698,G,188245.68022736,0.62792,SLS,45.0019765000633,2,0,31,3,1,4,0,0,0,1
2170,WISEA J234025.85-000117.2,23h40m25.8504s,-00d01m17.259s,355.1077103,-0.021461,*,42.9679848830427,0.00014332577,SLS,45.0187605251401,0,0,23,4,1,4,0,0,0,1
2172,WISEA J233811.06-002746.6,23h38m11.0613s,-00d27m46.687s,354.546089,-0.4629688,G,10567.0210035829,0.035247788,SLS,45.0267781084137,21,0,49,10,7,8,0,1,0,1
2173,SDSS J233939.20+005030.0,23h39m39.2064s,+00d50m30.037s,354.91336,0.841677,*,103.3921740873,0.00034487917,SLS,45.0375264971637,0,0,5,2,1,4,0,0,0,1
2174,SDSS J233624.07+005722.7,23h36m24.0756s,+00d57m22.725s,354.1003153281,0.956312748,G,185373.66847972,0.61834,SLS,45.0428583202041,2,0,19,2,1,4,0,0,0,1
2175,WIG S00J233538418+00494340,23h35m38.4180s,+00d49m43.399s,353.910075,0.82872194444,G,141505.03810058,0.47201,SLS,45.0564911877045,2,0,0,1,1,0,0,0,0,1
2177,WISEA J234032.00+000234.6,23h40m32.0082s,+00d02m34.675s,355.1333678,0.0429655,G,20792.4464888223,0.069356136,SLS,45.0877110489236,12,0,64,8,7,10,0,0,1,1
2182,WISEA J233455.68-000146.7,23h34m55.6872s,-00d01m46.790s,353.73203,-0.0296639,*,13.7712132874229,4.5935823e-05,SLS,45.1394560808052,0,0,23,4,1,4,0,0,0,1
2183,WISEA J233558.85-002041.4,23h35m58.8504s,-00d20m41.920s,353.99521,-0.344978,QSO,407511.185876438,1.359311,SLS,45.1469385954771,21,0,28,9,11,4,0,0,0,1
2184,WISEA J233751.71-002828.5,23h37m51.7184s,-00d28m28.558s,354.4654934,-0.4745995,G,10865.2749266884,0.036242656,SLS,45.1615893733144,20,0,71,13,11,10,0,0,1,2
2186,WISEA J233923.27+005345.1,23h39m23.2560s,+00d53m46.309s,354.8469,0.89619711,QSO,555981.422070715,1.8545544,SLS,45.1697950206835,21,0,26,9,12,4,0,1,0,1
2187,WISEA J233942.47+004955.6,23h39m42.4656s,+00d49m57.028s,354.92694,0.832508,G,5301.93124937326,0.017685339,SLS,45.1703669354135,7,0,45,11,5,4,0,0,0,1
2189,WISEA J233442.39+000900.4,23h34m42.4224s,+00d09m00.396s,353.67676,0.15011,*,15.4977597241966,5.1694962e-05,SLS,45.1866640592053,0,0,17,3,1,4,0,0,0,1
2190,WISEA J233455.62+003504.1,23h34m55.6249s,+00d35m04.181s,353.7317708,0.5844948,*,14.2318785754801,4.7472437e-05,SLS,45.1893346435601,0,0,23,4,1,4,0,0,0,1
2191,WISEA J233858.24-002412.4,23h38m58.3128s,-00d24m12.423s,354.74297,-0.403451,G,10647.5518532358,0.03551641,SLS,45.1958666151325,2,0,36,7,2,4,0,0,0,1
2195,SDSS J233524.62+004631.9,23h35m24.6277s,+00d46m31.947s,353.8526154509,0.7755410892,G,113900.14856794,0.37993,SLS,45.2921239782033,2,0,15,1,1,4,0,0,0,1
2196,WISEA J234013.17-000750.2,23h40m13.1719s,-00d07m50.212s,355.0548833,-0.1306147,G,163369.489655738,0.54494196,SLS,45.2994625995721,4,0,27,3,1,4,0,0,0,1
2197,SDSS J234033.36+000252.9,23h40m33.3600s,+00d02m52.982s,355.139,0.048050589,G,20722.0863980995,0.06912144,SLS,45.3157159295063,4,0,15,2,1,4,0,0,0,1
2199,WISEA J234041.92+001727.0,23h40m41.9238s,+00d17m27.096s,355.1746825,0.29086,G,58887.4050977559,0.19642724,SLS,45.3383965230298,1,0,31,4,1,4,0,0,0,1
2200,WISEA J233452.85+003350.4,23h34m52.8576s,+00d33m50.455s,353.7202401,0.5640153,G,19824.7853866636,0.066128366,SLS,45.3403201018091,12,0,62,8,4,8,0,0,0,1
2201,SDSS J233955.26-001346.5,23h39m55.2623s,-00d13m46.592s,354.9802597767,-0.229608902,G,226858.94881776,0.75672,SLS,45.3442195638445,2,0,19,2,1,4,0,0,0,1
2207,SDSS J233538.59+005017.4,23h35m38.5968s,+00d50m17.439s,353.9108199875,0.8381775493,G,146700.44139772,0.48934,SLS,45.445166998278,2,0,15,1,1,4,0,0,0,1
2208,SDSS J233704.05-002756.0,23h37m04.0536s,-00d27m56.211s,354.26689,-0.46561425,G,115280.590907594,0.38453466,SLS,45.4643535274369,2,0,15,2,1,4,0,0,0,1
2209,WISEA J233456.14-000250.5,23h34m56.1456s,-00d02m50.523s,353.7339403,-0.0473675,G,139268.5863639,0.46455,SLS,45.4786579508846,2,0,35,4,1,4,0,0,0,1
2211,SDSS J233511.41+004242.5,23h35m11.4108s,+00d42m42.581s,353.7975450363,0.7118282842,G,64236.52997566,0.21427,SLS,45.5268515103034,2,0,19,2,1,4,0,0,0,1
2212,WISEA J233951.58-001501.7,23h39m51.5857s,-00d15m01.728s,354.9649404,-0.2504802,G,28319.294960054,0.094463,SUN,45.5269444670596,19,0,79,11,10,10,0,0,1,2
2216,SDSS J233604.83-002213.7,23h36m04.8360s,-00d22m13.775s,354.0201501391,-0.3704932423,G,184956.9569631,0.61695,SLS,45.616902796413,2,0,15,1,1,4,0,0,0,1
2219,WISEA J233453.82+003509.5,23h34m53.8212s,+00d35m09.578s,353.724255,0.585994,G,19893.2082185228,0.0663566,SLS,45.6377603293266,1,0,36,6,1,4,0,0,0,1
2221,WISEA J234017.16+004008.8,23h40m17.1655s,+00d40m08.899s,355.0715231,0.6691388,G,139577.636413003,0.46558088,SLS,45.6778042999953,8,0,29,6,5,4,0,0,0,1
2222,WISEA J233758.11+010205.9,23h37m58.0980s,+01d02m06.113s,354.4920752836,1.0350315219,G,129576.29619676,0.43222,SLS,45.7116589522703,2,0,35,4,1,4,0,0,0,1
2223,WISEA J234036.68+000409.1,23h40m36.6832s,+00d04m09.105s,355.152847,0.069196,G,20400.9295303726,0.068050176,SLS,45.7468234209446,13,0,63,10,6,8,0,0,0,1
2224,WISEA J233503.04+003954.1,23h35m03.0845s,+00d39m53.359s,353.7628520982,0.6648220234,G,219457.07302974,0.73203,SLS,45.7490688088958,2,0,27,2,1,4,0,0,0,1
2227,GALEXASC J233457.37+003724.8,23h34m57.5410s,+00d37m24.981s,353.73975416667,0.62360583333,G,70586.1342361,0.23545,SLS,45.7709219931973,2,0,8,3,1,0,0,0,0,1
2229,WISEA J233937.80-001835.2,23h39m37.8054s,-00d18m35.275s,354.9075227,-0.3097988,G,27083.157720058,0.09033969,SLS,45.7903129024923,11,0,62,9,5,8,0,0,0,1
2231,SDSS J234030.46-000034.5,23h40m30.4611s,-00d00m34.506s,355.1269214821,-0.0095851167,G,114184.95140304,0.38088,SLS,45.8068974644731,2,0,15,1,1,4,0,0,0,1
2233,WISEA J233557.80+005431.8,23h35m57.8289s,+00d54m31.645s,353.9909538918,0.9087904258,G,145983.9374231,0.48695,SLS,45.8097185662323,2,0,31,3,1,4,0,0,0,1
2234,SDSS J233437.29+001731.7,23h34m37.2931s,+00d17m31.766s,353.6553882995,0.29215738,G,93343.37972288,0.31136,SLS,45.8355577677345,2,0,19,2,1,4,0,0,0,1
2236,WISEA J233553.22+005346.3,23h35m53.2252s,+00d53m45.760s,353.9717718229,0.8960445109,G,19141.7484433,0.06385,SLS,45.842830634113,2,0,31,3,1,4,0,0,0,1
2240,WISEA J233922.62-002133.8,23h39m22.6157s,-00d21m35.504s,354.8442324691,-0.3598624243,G,202440.85311366,0.67527,SLS,45.9244375062969,2,0,27,2,1,4,0,0,0,1
2241,WISEA J234027.93-000224.5,23h40m27.9304s,-00d02m24.586s,355.116377,-0.0401629,G,329720.73908214,1.09983,SLS,45.9491895817552,6,0,22,5,3,4,0,0,0,1
2242,SDSS J233755.49+010225.0,23h37m55.4981s,+01d02m25.052s,354.4812420669,1.0402922262,G,230420.4832188,0.7686,SLS,45.9686464632323,2,0,23,3,1,4,0,0,0,1
2244,SDSS J233704.11-002832.7,23h37m04.1108s,-00d28m32.730s,354.2671286546,-0.4757583514,G,124824.58573746,0.41637,SLS,46.0579064874616,2,0,19,2,1,4,0,0,0,1
2245,WISEA J233515.19+004453.3,23h35m15.1930s,+00d44m53.322s,353.8133042,0.7481452,G,25932.4193596479,0.08650124,SLS,46.0606922951438,1,0,38,6,1,4,0,0,0,1
2246,WISEA J233438.55+002342.0,23h34m38.5538s,+00d23m42.066s,353.6606409,0.3950185,QSO,416780.46888534,1.39023,SLS,46.0614189617764,40,0,57,15,25,8,0,1,0,2
2255,WISEA J233613.36-002411.4,23h36m13.3752s,-00d24m11.048s,354.05573,-0.40306894,QSO,561042.638263654,1.8714368,SLS,46.2477005573415,26,0,22,8,12,4,0,2,0,1
2262,WISEA J233934.50+005312.7,23h39m34.5030s,+00d53m12.739s,354.8937628,0.886872,*,3.27851413189527,1.0935946e-05,SLS,46.3814651117393,0,0,23,4,1,3,0,0,0,1
2264,SDSS J233436.27+002202.9,23h34m36.2791s,+00d22m02.930s,353.651163086,0.3674808058,G,200402.26439926,0.66847,SLS,46.4005198172467,2,0,23,3,1,4,0,0,0,1
2266,WISEA J234041.55+000612.9,23h40m41.5562s,+00d06m12.916s,355.1731509,0.1035879,G,21034.0924008384,0.07016218,SLS,46.4154156476555,22,0,80,11,9,10,1,0,1,1
2268,WISEA J233713.24+010231.0,23h37m13.2426s,+01d02m31.045s,354.3051778,1.041957,*,14.5814509715461,4.8638485e-05,SLS,46.4239052793911,0,0,23,4,1,3,0,0,0,1
2269,SDSS J233436.40+002259.9,23h34m36.4041s,+00d22m59.952s,353.6516840315,0.3833201962,G,84112.76994106,0.28057,SLS,46.4906994292265,2,0,15,1,1,4,0,0,0,1
2270,SDSS J233817.37-002858.5,23h38m17.3808s,-00d28m58.492s,354.57242,-0.48291455,G,22891.9212526873,0.07635923,SLS,46.4932178888055,5,0,44,6,4,8,0,0,0,1
2272,WISEA J233608.97+005704.7,23h36m08.9814s,+00d57m05.361s,354.037422887,0.9514894103,G,140048.0467547,0.46715,SLS,46.5182122246418,2,0,35,4,1,4,0,0,0,1
2273,WISEA J234025.40-000459.6,23h40m25.4272s,-00d04m59.209s,355.1059468357,-0.0831136834,G,242625.03418398,0.80931,SLS,46.5186193610624,2,0,31,3,1,4,0,0,0,1
2274,SDSS J234041.73+000556.7,23h40m41.7384s,+00d05m56.712s,355.1739101557,0.099086877,G,334412.49104984,1.11548,SLS,46.5209308511159,2,0,15,1,1,4,0,0,0,1
2275,SDSS J233436.79+000901.6,23h34m36.8000s,+00d09m01.700s,353.65333333333,0.15047222222,G,20498.6990459454,0.0683763,SLS,46.5693255035097,13,0,29,7,5,4,0,0,0,1
2278,WISEA J234024.50-000534.6,23h40m24.5043s,-00d05m34.687s,355.1021016,-0.0929688,G,82760.0853850919,0.27605793,SLS,46.5929178375199,7,0,34,7,5,4,0,0,0,1
2280,WISEA J233441.98+000307.7,23h34m41.9883s,+00d03m07.765s,353.6749513,0.0521571,G,17376.1087702107,0.05796046,SLS,46.6403310373958,17,0,72,9,6,10,0,0,1,1
2282,WISEA J233447.19+003350.3,23h34m47.2008s,+00d33m50.009s,353.69667,0.56389148,G,55462.6030388851,0.18500333,SLS,46.6486109446169,1,0,36,7,2,4,0,0,0,2
2283,WISEA J233913.97-002348.0,23h39m13.9319s,-00d23m47.687s,354.8080499184,-0.3965797756,G,202299.9506584,0.6748,SLS,46.6493382898469,2,0,31,3,1,4,0,0,0,1
2285,WISEA J233730.14+010310.9,23h37m30.1488s,+01d03m10.908s,354.3756202,1.0530301,G,25447.0553701459,0.08488224,SLS,46.6550133484788,13,0,56,10,8,7,3,0,1,1
2286,SDSS J233635.34+010018.8,23h36m35.3457s,+01d00m18.824s,354.1472738616,1.0052291321,G,189303.9476041,0.63145,SLS,46.6581959775733,2,0,19,2,1,4,0,0,0,1
2288,WISEA J233526.86-001559.3,23h35m26.8171s,-00d15m57.898s,353.86173791667,-0.26608277778,G,281127.37956492,0.93774,SLS,46.6806697710507,2,0,19,4,1,0,0,0,0,1
2289,WISEA J233841.00+010047.1,23h38m40.9168s,+01d00m47.904s,354.6704867089,1.0133066834,G,203768.9337026,0.6797,SLS,46.6995629329292,2,0,31,3,1,4,0,0,0,1
2290,WISEA J233439.33+000517.9,23h34m39.3406s,+00d05m18.137s,353.6639195043,0.0883716191,G,136531.48122236,0.45542,SLS,46.7017005545154,2,0,31,3,1,4,0,0,0,1
2294,SDSS J234020.54+004047.7,23h40m20.5400s,+00d40m47.714s,355.0855837219,0.679920581,G,202899.5355744,0.6768,SLS,46.7342892115523,2,0,5,1,1,4,0,0,0,1
2295,SDSS J233435.88+000922.5,23h34m35.8854s,+00d09m22.565s,353.6495225151,0.156268143,G,265541.1696735,0.88575,SLS,46.7399287001623,3,0,5,2,2,4,0,0,0,1
2299,SDSS J233723.82-002959.2,23h37m23.8206s,-00d29m59.294s,354.3492528357,-0.4998039003,G,215577.75862322,0.71909,SLS,46.7767011784045,2,0,22,3,1,4,0,0,0,1
2300,WISEA J234036.32+003241.8,23h40m36.3231s,+00d32m41.843s,355.1513464,0.5449565,G,12133.7939492428,0.04047398,SLS,46.7860808243392,12,0,56,9,6,8,0,0,0,1
2301,WISEA J233458.98-000700.3,23h34m58.9810s,-00d07m00.314s,353.7457544,-0.116754,QSO,336196.61592589,1.1214312,SLS,46.7946591811928,43,0,63,16,24,8,0,1,0,2
2304,WISEA J233734.40-003012.8,23h37m34.4077s,-00d30m12.820s,354.3933655,-0.5035612,G,10660.9285927117,0.03556103,SLS,46.8392607145489,17,0,72,10,7,10,0,0,1,1
2307,WISEA J233843.65+010044.3,23h38m43.6555s,+01d00m44.365s,354.6818982,1.0123238,G,35152.7852331781,0.11725707,SLS,46.8695494802706,11,0,73,10,5,10,0,0,1,1
2308,WISEA J233550.65-002122.7,23h35m50.6599s,-00d21m22.738s,353.961083,-0.3563163,G,49908.3541653683,0.16647635,SLS,46.8809217387561,11,0,62,10,8,8,0,0,0,2
2309,WISEA J233617.41-002525.9,23h36m17.4168s,-00d25m25.922s,354.0725703,-0.4238673,G,44594.0441856118,0.14874972,SLS,46.8951009872445,10,0,62,9,5,8,0,0,0,1
2311,SDSS J233749.45-003016.7,23h37m49.4589s,-00d30m16.778s,354.4560789698,-0.5046605447,G,470071.57621942,1.56799,SLS,46.9319181812932,8,0,11,3,4,4,0,0,0,1
2313,2MASX J23383708-0028105,23h38m37.1205s,-00d28m10.304s,354.654669,-0.469529,G,10686.10216541,0.035645,SUN,46.9485492940412,40,0,55,19,16,6,2,1,1,1
2314,WISEA J233751.18-003017.2,23h37m51.1859s,-00d30m17.250s,354.4632748,-0.5047917,G,25178.483298722,0.08398638,SLS,46.9621296751119,1,0,17,4,1,0,0,0,0,1
2315,WISEA J233751.79+010328.8,23h37m51.7939s,+01d03m28.865s,354.4658081,1.0580182,G,66173.6599284991,0.22073157,SLS,46.9645308010326,5,0,62,9,4,8,0,0,0,1
2316,SDSS J233541.39+005254.9,23h35m41.3939s,+00d52m54.973s,353.9224748492,0.8819369894,G,174761.01546652,0.58294,SLS,46.9776377196724,2,0,19,2,1,4,0,0,0,1
2317,WISEA J233503.20+004216.2,23h35m03.2085s,+00d42m16.279s,353.763369,0.7045222,QSO,179520.250716516,0.5988151,SLS,46.9803187964572,17,0,30,5,7,4,0,0,0,1
2318,SDSS J233504.02+004237.3,23h35m04.0232s,+00d42m37.356s,353.7667634045,0.7103766572,G,182867.40353084,0.60998,SLS,47.0034299677525,2,0,19,2,1,4,0,0,0,1
2319,WISEA J233652.77-002851.7,23h36m52.7722s,-00d28m51.763s,354.2198845,-0.4810454,G,28092.8871988855,0.093707785,SLS,47.0087737640256,16,0,57,10,7,6,0,0,1,2
2320,WISEA J233522.73+004834.3,23h35m22.7395s,+00d48m34.355s,353.844748,0.8095431,G,93217.8056559975,0.31094113,SLS,47.0103732031579,3,0,62,9,5,8,0,0,0,2
2322,WISEA J233436.84+000629.8,23h34m36.8146s,+00d06m29.283s,353.6533943407,0.1081341926,G,264962.57022956,0.88382,SLS,47.0456366128718,2,0,31,3,1,4,0,0,0,1
2323,WISEA J233547.51+005413.3,23h35m47.5150s,+00d54m13.393s,353.9479794,0.9037204,G,57424.2050500707,0.19154653,SLS,47.0603523349613,5,0,56,7,4,8,0,0,0,1
2324,WISEA J234009.67+004524.4,23h40m09.6705s,+00d45m24.408s,355.040294,0.7567802,G,35634.6311581854,0.118864335,SLS,47.1018961428905,15,0,71,10,7,10,0,0,1,1
2326,SDSS J233748.20+010340.4,23h37m48.2024s,+01d03m40.490s,354.4508434389,1.061247286,G,102930.74252972,0.34334,SLS,47.1131835921193,2,0,23,3,1,4,0,0,0,1
2330,WISEA J233955.99+004927.5,23h39m55.9961s,+00d49m27.592s,354.9833173,0.8243311,G,108714.332633607,0.36263198,SLS,47.1742932980711,2,0,33,5,2,4,0,0,0,1
2331,WISEA J234011.13-001153.3,23h40m11.1175s,-00d11m53.792s,355.0463232831,-0.1982757069,G,135692.06233996,0.45262,SLS,47.2018641075273,2,0,31,3,1,4,0,0,0,1
2333,WISEA J233452.58+003813.3,23h34m52.5698s,+00d38m13.359s,353.7190409344,0.6370443911,G,106396.3433442,0.3549,SLS,47.2446290901992,2,0,27,2,1,4,0,0,0,1
2334,WISEA J233617.49+005902.9,23h36m17.5776s,+00d59m03.958s,354.07324,0.984433,G,267734.541233965,0.8930663,SLS,47.2662307940373,0,0,35,5,1,4,0,0,0,1
2335,WISEA J234038.77+000047.2,23h40m38.7731s,+00d00m47.215s,355.1615546,0.0131153,*,16.6910122526606,5.5675224e-05,SLS,47.2667025228249,0,0,23,5,2,4,0,0,0,1
2336,SDSS J233450.10-000350.1,23h34m50.1096s,-00d03m50.104s,353.70879,-0.063918,G,17930.4532055437,0.059809554,SLS,47.2680290610095,3,0,16,4,2,4,0,0,0,1
2341,WISEA J233935.99+005409.6,23h39m35.9955s,+00d54m09.616s,354.8999813,0.9026711,*,40.6003619542893,0.00013542823,SLS,47.3596362730514,0,0,23,4,1,4,0,0,0,1
2342,SDSS J233432.05+001149.0,23h34m32.0574s,+00d11m49.047s,353.6335726038,0.196957559,G,89946.73117374,0.30003,SLS,47.3772410964694,2,0,19,2,1,4,0,0,0,1
2343,SDSS J233814.31+010315.2,23h38m14.3156s,+01d03m15.289s,354.5596485134,1.0542469992,G,187798.98946494,0.62643,SLS,47.4100006236193,2,0,19,2,1,4,0,0,0,1
2344,SDSS J233939.56-002019.3,23h39m39.5612s,-00d20m19.373s,354.9148384878,-0.3387147677,G,185445.61866964,0.61858,SLS,47.4107264601909,2,0,15,1,1,3,0,0,0,1
2345,WISEA J234018.94-000929.9,23h40m18.9456s,-00d09m29.850s,355.07894,-0.15829188,QSO,525720.671152653,1.7536154,SLS,47.4147061114681,22,0,22,7,11,4,0,1,0,1
2349,WISEA J233435.32+002714.5,23h34m35.4000s,+00d27m14.499s,353.6475,0.45402774,G,46872.3229660319,0.15634924,SLS,47.5062709267701,2,0,36,7,2,4,0,0,0,2
2350,WISEA J233847.74-002752.1,23h38m47.7167s,-00d27m51.940s,354.6988197644,-0.4644279876,G,202072.10839032,0.67404,SLS,47.5261313333262,2,0,31,3,1,4,0,0,0,1
2352,WISEA J234029.01-000528.8,23h40m29.0170s,-00d05m28.891s,355.1209044,-0.0913586,G,83196.6641479036,0.2775142,SLS,47.543159337418,0,0,12,2,1,0,0,0,0,1
2355,WISEA J233857.93+010003.6,23h38m57.9325s,+01d00m03.607s,354.7413854,1.0010022,*,13.2193424396608,4.409498e-05,SLS,47.5657594460906,0,0,23,4,1,4,0,0,0,1
2357,WISEA J233747.23-003056.9,23h37m47.2395s,-00d30m56.993s,354.4468316,-0.5158315,G,10572.0086507066,0.035264425,SLS,47.5788529420932,17,0,63,7,7,10,0,0,1,1
2361,WISEA J233622.81-002651.3,23h36m22.8183s,-00d26m51.312s,354.0950765,-0.4475869,G,22910.85314641,0.07642238,SLS,47.6074947740884,5,0,47,9,3,4,0,0,1,1
2363,SDSS J233942.62+005312.3,23h39m42.6209s,+00d53m12.345s,354.9275873825,0.8867625133,G,136645.4023564,0.4558,SLS,47.6492011567114,2,0,23,3,1,4,0,0,0,1
2365,WISEA J233459.90+004215.1,23h34m59.9088s,+00d42m15.165s,353.7496202,0.7042127,G,84084.3196367958,0.2804751,SLS,47.6633091534672,5,0,54,6,4,8,0,0,0,1
2366,WISEA J233857.55-002700.9,23h38m57.5570s,-00d27m00.982s,354.7398211,-0.4502728,G,49700.6099836726,0.16578339,SLS,47.6710735060254,14,0,48,8,8,6,1,0,1,1
2368,WISEA J233609.30-002515.9,23h36m09.3086s,-00d25m15.970s,354.038786,-0.421103,QSO,517844.103986636,1.727342,SLS,47.6828229256052,25,0,18,8,13,4,0,2,0,1
2370,CGCG 381-017,23h37m43.2911s,-00d31m05.198s,354.4303797,-0.5181108,G,10742.3663145501,0.035832677,SLS,47.6913936197692,32,0,54,17,17,7,1,1,2,3
2371,WISEA J233832.31-002919.0,23h38m32.3137s,-00d29m19.021s,354.6346404,-0.4886171,*,13.6825967353853,4.564023e-05,SLS,47.7023528436353,0,0,23,4,1,4,0,0,0,1
2372,SDSS J233631.41+010104.3,23h36m31.4169s,+01d01m04.394s,354.1309039384,1.0178872787,G,76096.31961414,0.25383,SLS,47.7176041087309,2,0,19,2,1,4,0,0,0,1
2373,SDSS J233430.54+001203.1,23h34m30.5479s,+00d12m03.110s,353.6272829726,0.2008638968,G,315891.3129946,1.0537,SLS,47.7297928763451,2,0,15,1,1,4,0,0,0,1
2374,WISEA J233649.43+010235.1,23h36m49.4359s,+01d02m35.115s,354.2059833,1.0430875,G,25261.8795646885,0.08426456,SLS,47.7307941508363,9,0,54,7,3,6,1,0,1,1
2376,WISEA J233511.58-001315.8,23h35m11.5854s,-00d13m15.821s,353.7982728,-0.2210616,G,49252.2193980158,0.16428772,SLS,47.7458278923616,14,0,67,8,5,10,1,0,1,1
2377,SDSS J233455.98+004050.1,23h34m55.9854s,+00d40m50.152s,353.7332728846,0.6805977809,G,152624.3403678,0.5091,SLS,47.758483238195,2,0,22,3,1,4,0,0,0,1
2379,WISEA J233818.12-003013.8,23h38m18.1440s,-00d30m13.837s,354.5756,-0.50384376,G,49236.114547172,0.164234,SLS,47.7619393744485,1,0,36,6,1,4,0,0,0,1
2383,WISEA J233431.06+001020.1,23h34m31.0620s,+00d10m20.190s,353.6294252,0.172275,G,25213.7568793303,0.08410404,SLS,47.7962934930474,6,0,48,6,5,8,0,0,0,2
2385,WISEA J233927.81-002259.3,23h39m27.8147s,-00d22m59.399s,354.8658949,-0.3831666,*,7.77891996576727,2.5947684e-05,SLS,47.8100140743326,0,0,23,4,1,4,0,0,0,1
2387,WISEA J233521.71+004933.1,23h35m21.7147s,+00d49m33.102s,353.8404783,0.8258619,G,92460.1851457628,0.30841398,SLS,47.8671407419865,8,0,33,6,5,4,0,0,0,1
2388,SDSS J233629.08+010101.2,23h36m29.0806s,+01d01m01.246s,354.1211692234,1.0170128581,G,137730.65105436,0.45942,SLS,47.8836978682795,2,0,19,2,1,4,0,0,0,1
2389,WISEA J233950.77-001833.2,23h39m50.7588s,-00d18m33.332s,354.961495,-0.309259,*,14.6522049895587,4.8874495e-05,SLS,47.9033925005465,0,0,23,5,2,4,0,0,0,1
2390,WISEA J233906.24-002615.2,23h39m06.2493s,-00d26m15.232s,354.7760389,-0.4375647,G,21445.167819248,0.07153338,SLS,47.9054963082794,28,0,72,14,11,10,0,3,1,2
2391,WIG S00J234045791+00041494,23h40m45.7910s,+00d04m14.941s,355.19079583333,0.07081694444,G,231880.47248926,0.77347,SLS,47.9166651380685,2,0,0,1,1,0,0,0,0,1
2393,WISEA J233702.21-003021.1,23h37m02.2114s,-00d30m21.183s,354.2592143,-0.5058843,G,27140.097301606,0.09052962,SLS,47.9238240256155,3,0,36,6,1,4,0,0,0,1
2395,WISEA J234029.61+003915.6,23h40m29.6109s,+00d39m15.687s,355.1233789,0.6543577,G,40222.2277311648,0.13416691,SLS,47.9448789395205,7,0,62,9,5,8,0,0,0,1
2396,SDSS J234035.73+003609.2,23h40m35.7370s,+00d36m09.226s,355.1489044559,0.6025628499,G,193665.927868,0.646,SLS,47.9509577834123,2,0,19,2,1,4,0,0,0,1
2398,SDSS J234025.13-000807.1,23h40m25.1372s,-00d08m07.145s,355.1047384491,-0.1353180725,G,145036.59325582,0.48379,SLS,47.9901531703541,2,0,19,2,1,3,0,0,0,1
2399,WISEA J233944.79+005312.3,23h39m44.7991s,+00d53m12.361s,354.9366629,0.886767,G,26933.5025241943,0.089840494,SLS,47.9998013464249,9,0,62,7,5,8,0,0,0,1
2400,WISEA J234011.37-001307.7,23h40m11.3711s,-00d13m07.715s,355.0473796,-0.2188098,G,25217.142735351,0.084115334,SLS,48.0054725013801,11,0,47,9,5,4,0,0,0,1
2401,WISEA J233722.12+010423.3,23h37m22.0989s,+01d04m23.780s,354.3420790087,1.0732723429,G,249751.10091064,0.83308,SLS,48.0195777871995,2,0,31,3,1,4,0,0,0,1
2402,WISEA J234050.88+000950.8,23h40m50.8863s,+00d09m50.836s,355.2120263,0.1641213,G,55327.3426776847,0.18455215,SLS,48.0481056325451,11,0,61,7,4,10,0,0,1,1
2404,WISEA J233952.14+005140.3,23h39m52.1352s,+00d51m39.967s,354.96723,0.861102,G,27027.2674121131,0.09015326,SLS,48.0714193963693,1,0,36,6,1,4,0,0,0,1
2405,GALEXMSC J233637.72+010202.3,23h36m37.7930s,+01d02m02.680s,354.15747083333,1.03407777778,G,137913.52445374,0.46003,SLS,48.0804192205874,2,0,4,2,1,0,0,0,0,1
2407,WISEA J233429.80+002251.9,23h34m29.8079s,+00d22m51.997s,353.6241997,0.3811105,G,19576.6004015536,0.06530051,SLS,48.1071262615894,11,0,58,7,4,8,1,0,0,1
2408,WISEA J233504.19-001125.7,23h35m04.1995s,-00d11m25.724s,353.7674983,-0.190479,G,21006.421556965,0.07006988,SLS,48.1084046027924,1,0,36,6,1,4,0,0,0,1
2409,WISEA J233428.32+001417.7,23h34m28.3819s,+00d14m17.120s,353.61825791667,0.23808888889,G,490475.4509109,1.63605,SLS,48.1097493719659,5,0,22,6,2,0,0,0,0,1
2411,WISEA J234022.63-000925.1,23h40m22.6345s,-00d09m25.139s,355.0943106,-0.1569831,G,10867.2718442512,0.036249317,SLS,48.1448639172317,25,0,72,17,14,10,0,1,1,3
2412,WISEA J233447.87+003754.1,23h34m47.8740s,+00d37m54.117s,353.699475,0.6316994,G,29451.254320895,0.09823881,SLS,48.1486462302981,5,0,40,6,1,4,0,0,0,1
2413,2MASS J23343740+0031290,23h34m37.4080s,+00d31m29.085s,353.655867,0.524746,G,56031.7979934177,0.18690196,SLS,48.1550082695806,3,0,22,4,1,4,0,0,0,1
2414,WISEA J233714.18+010418.7,23h37m14.1739s,+01d04m18.673s,354.3090582054,1.0718536219,G,331051.81759566,1.10427,SLS,48.1663721628212,5,0,25,5,3,4,0,0,0,1
2415,WISEA J234051.71+001016.6,23h40m51.7144s,+00d10m16.695s,355.2154769,0.1713044,G,54351.3983099115,0.18129675,SLS,48.1946589673659,2,0,41,8,2,4,0,0,0,1
2418,SDSS J233428.54+001207.2,23h34m28.5446s,+00d12m07.272s,353.6189359263,0.2020202415,G,163854.56584448,0.54656,SLS,48.2218605678557,2,0,19,2,1,4,0,0,0,1
2419,WISEA J233951.49+005204.6,23h39m51.4925s,+00d52m04.656s,354.9645521,0.86796,G,54545.8227126982,0.18194528,SLS,48.2633090372106,6,0,42,7,1,4,1,0,0,1
2420,SDSS J233557.58-002413.7,23h35m57.5884s,-00d24m13.790s,353.9899517108,-0.4038305745,G,202674.6912309,0.67605,SLS,48.2729560177437,2,0,15,1,1,4,0,0,0,1
2421,SDSS J233431.10+002552.9,23h34m31.1026s,+00d25m52.949s,353.6295943209,0.4313748962,G,127471.7531416,0.4252,SLS,48.2742729179372,2,0,23,3,1,4,0,0,0,1
2423,SDSS J234038.86-000200.5,23h40m38.8666s,-00d02m00.544s,355.1619445092,-0.0334845155,G,132388.3494528,0.4416,SLS,48.2956748051728,2,0,23,3,1,4,0,0,0,1
2424,WISEA J234043.47+000058.0,23h40m43.4732s,+00d00m58.061s,355.1811386,0.0161282,*,8.39749913232124,2.8011042e-05,SLS,48.3168354513144,0,0,23,4,1,4,0,0,0,1
2425,WISEA J233521.52+005009.2,23h35m21.5172s,+00d50m09.193s,353.8396550396,0.8358869678,G,153541.70528928,0.51216,SLS,48.318692249702,2,0,31,3,1,4,0,0,0,1
2426,SDSS J234023.08-000934.4,23h40m23.0808s,-00d09m34.448s,355.09617,-0.159569,G,10920.7497222866,0.0364277,SLS,48.3226332256007,2,0,15,3,2,4,0,0,0,1
2428,WISEA J233430.64+000738.0,23h34m30.6477s,+00d07m38.087s,353.6276989,0.1272464,G,25501.938375432,0.08506531,SLS,48.3266161976866,1,0,36,6,1,4,0,0,0,1
2429,WISEA J233952.61-001842.4,23h39m52.6409s,-00d18m42.141s,354.96933708333,-0.31170583333,G,238406.95429992,0.79524,SLS,48.3313713190667,2,0,15,3,1,0,0,0,0,1
2430,WISEA J233952.10+005202.1,23h39m52.1035s,+00d52m02.195s,354.9670982,0.8672766,G,55210.0668660397,0.18416096,SLS,48.3369382191741,3,0,43,5,1,6,0,0,1,1
2431,SDSS J233644.05+010249.7,23h36m44.0540s,+01d02m49.799s,354.1835585218,1.0471664386,G,89131.29568798,0.29731,SLS,48.3427570100905,2,0,19,2,1,4,0,0,0,1
2434,SDSS J233442.30-000209.4,23h34m42.3053s,-00d02m09.416s,353.6762723673,-0.0359489479,G,260036.98014462,0.86739,SLS,48.359276364551,2,0,18,2,1,3,0,0,0,1
2437,WISEA J233653.25+010331.9,23h36m53.2530s,+01d03m31.974s,354.2218877,1.0588819,G,23944.8823029207,0.07987153,SLS,48.4023293287372,8,0,58,7,3,8,0,0,0,1
2438,WIG S00J234049245+00053807,23h40m49.2451s,+00d05m38.068s,355.20518791667,0.09390777778,G,233850.10893832,0.78004,SLS,48.4190459509761,2,0,0,1,1,0,0,0,0,1
2441,WISEA J233521.65+005023.2,23h35m21.6553s,+00d50m23.294s,353.8402306,0.839804,G,76416.7797641945,0.25489894,SLS,48.4574217756894,1,0,42,7,1,4,0,0,0,1
2442,SDSS J233619.88-002727.8,23h36m19.8837s,-00d27m27.839s,354.0828487821,-0.4577331222,G,230504.42510704,0.76888,SLS,48.464659424334,2,0,15,1,1,4,0,0,0,1
2443,WISEA J234053.58+001159.2,23h40m53.5845s,+00d11m59.268s,355.2232691,0.1997968,*,13.5018008977393,4.503716e-05,SLS,48.4656859327639,0,0,23,4,1,4,0,0,0,1
2444,WISEA J233445.28+003717.7,23h34m45.2879s,+00d37m17.785s,353.6886999,0.6216072,G,29443.0771818106,0.098211534,SLS,48.4676409622026,7,0,54,8,2,6,0,0,1,1
2445,SDSS J233940.90+005436.7,23h39m40.9059s,+00d54m36.756s,354.9204414654,0.9102102111,G,165527.40776012,0.55214,SLS,48.4711030724707,2,0,19,2,1,4,0,0,0,1
2446,SDSS J233736.59-003151.7,23h37m36.5919s,-00d31m51.745s,354.4024665083,-0.5310402748,G,255021.45232228,0.85066,SLS,48.4727738161044,2,0,18,2,1,4,0,0,0,1
2447,SDSS J233427.51+002104.6,23h34m27.5162s,+00d21m04.639s,353.6146508712,0.3512888238,G,199757.71061456,0.66632,SLS,48.4774193389096,2,0,19,2,1,4,0,0,0,1
2451,SDSS J233456.95-000927.3,23h34m56.9582s,-00d09m27.307s,353.7373260666,-0.1575854612,G,220509.34455732,0.73554,SLS,48.5028174801646,2,0,19,2,1,4,0,0,0,1
2454,SDSS J233428.05+001025.6,23h34m28.0509s,+00d10m25.620s,353.6168789089,0.1737833333,G,107943.27242748,0.36006,SLS,48.5310770677067,2,0,15,1,1,4,0,0,0,1
2456,WISEA J234040.36-000146.4,23h40m40.3670s,-00d01m46.411s,355.1681961,-0.0295586,*,17.0978543017708,5.7032303e-05,SLS,48.5523900456709,0,0,23,4,1,4,0,0,0,1
2457,SDSS J233426.61+001355.2,23h34m26.6153s,+00d13m55.203s,353.6108974199,0.2320010027,G,198573.53040546,0.66237,SLS,48.5696639729549,2,0,15,1,1,4,0,0,0,1
2458,WISEA J233435.37+003115.5,23h34m35.3753s,+00d31m15.533s,353.6473971,0.5209814,G,91826.4298854,0.3063,SLS,48.5699198788316,2,0,27,2,1,4,0,0,0,1
2459,WISEA J233906.06-002701.3,23h39m06.0677s,-00d27m01.313s,354.7752824,-0.4503649,G,85304.44496161,0.284545,SLS,48.573747277932,1,0,21,5,1,0,0,0,0,1
2462,SDSS J233550.34+005638.4,23h35m50.3415s,+00d56m38.432s,353.9597563795,0.9440090423,G,141283.19168166,0.47127,SLS,48.6102679009947,2,0,19,2,1,4,0,0,0,1
2465,SDSS J233801.97-003144.5,23h38m01.9779s,-00d31m44.561s,354.5082414794,-0.5290447808,G,125556.07933498,0.41881,SLS,48.6372116949963,2,0,19,2,1,4,0,0,0,1
2466,SDSS J233532.71-002003.8,23h35m32.7123s,-00d20m03.870s,353.8863016453,-0.3344083887,G,288481.28855966,0.96227,SLS,48.6464599707342,2,0,18,2,1,4,0,0,0,1
2468,WISEA J233508.69-001350.0,23h35m08.6986s,-00d13m50.070s,353.7862443,-0.230575,G,49725.6996144826,0.16586708,SLS,48.6659576258363,11,0,71,8,4,10,0,0,1,1
2469,WISEA J234052.39+000814.5,23h40m52.3917s,+00d08m14.561s,355.218299,0.1373782,*,15.6197857473386,5.2101997e-05,SLS,48.6705124601423,0,0,23,4,1,4,0,0,0,1
2473,WISEA J233634.89+010227.6,23h36m34.8916s,+01d02m27.629s,354.145382,1.0410083,G,18904.3457937344,0.06305811,SLS,48.7133906058258,2,0,36,7,2,4,0,0,0,1
2475,SDSS J233512.50+004817.3,23h35m12.5070s,+00d48m17.303s,353.8021126258,0.8048064059,G,73176.34107322,0.24409,SLS,48.7313256289351,2,0,19,2,1,4,0,0,0,1
2478,WISEA J233425.63+001404.3,23h34m25.6371s,+00d14m04.358s,353.6068215,0.2345441,G,17342.9936953,0.05785,SUN,48.8057020422612,14,0,44,9,7,6,5,0,1,1
2480,SDSS J233944.77+005419.4,23h39m44.7764s,+00d54m19.492s,354.9365686497,0.9054144451,G,171109.54332808,0.57076,SLS,48.8547942307863,2,0,19,2,1,3,0,0,0,1
2481,WISEA J233425.60+001310.4,23h34m25.6023s,+00d13m10.416s,353.6066765,0.2195602,G,17123.1187115838,0.057116576,SLS,48.8692127784921,4,0,33,6,2,4,0,0,0,1
2482,SDSS J233426.04+002127.7,23h34m26.0403s,+00d21m27.700s,353.6085014025,0.3576947028,G,140185.95128538,0.46761,SLS,48.8815310852886,2,0,19,2,1,4,0,0,0,1
2483,SDSS J233506.46+004641.4,23h35m06.4685s,+00d46m41.416s,353.7769522169,0.7781711059,G,155133.60324126,0.51747,SLS,48.8883459400175,2,0,19,2,1,4,0,0,0,1
2484,WISEA J233715.12+010505.3,23h37m15.1138s,+01d05m04.682s,354.3129744008,1.0846340495,G,187658.08700968,0.62596,SLS,48.8948941268269,2,0,31,3,1,4,0,0,0,1
2485,WISEA J233512.29+004829.7,23h35m12.3143s,+00d48m30.005s,353.8013098053,0.8083347387,G,142464.37396618,0.47521,SLS,48.9057418181204,2,0,31,3,1,4,0,0,0,1
2486,WISEA J233819.19-003121.7,23h38m19.1991s,-00d31m21.849s,354.5799964429,-0.5227360246,G,167266.20401652,0.55794,SLS,48.9252215162003,2,0,27,2,1,4,0,0,0,1
2487,WISEA J233444.45+003755.9,23h34m44.4580s,+00d37m55.903s,353.6852417,0.6321953,G,25726.6118372309,0.08581474,SLS,48.9289149920815,14,0,65,7,5,10,0,0,1,1
2488,WIG S00J234044574+00331839,23h40m44.5740s,+00d33m18.388s,355.185725,0.55510777778,G,325712.51391868,1.08646,SLS,48.9325333677131,2,0,0,1,1,0,0,0,0,1
2489,WISEA J234052.51+000652.6,23h40m52.5120s,+00d06m52.626s,355.2188003,0.1146184,G,56905.369232633,0.18981588,SLS,48.9530073345977,5,0,56,9,5,8,0,0,0,2
2491,WISEA J233425.32+001244.2,23h34m25.3266s,+00d12m44.204s,353.6055276,0.2122791,G,17675.7225519057,0.058959864,SLS,48.9705157312055,11,0,37,8,5,5,0,0,0,1
2493,DEEP2 33029525,23h34m26.1408s,+00d10m39.356s,353.60892,0.17759888889,G,321902.1517775,1.07375,UUN,48.9764493213263,4,0,0,2,3,0,0,0,0,1
2494,DEEP2 33029583,23h34m25.8768s,+00d11m03.552s,353.60782,0.18432,G,259596.28523136,0.86592,UUN,48.9947088778705,4,0,0,2,3,0,0,0,0,1
2495,DEEP2 33023366,23h34m26.8224s,+00d09m10.983s,353.61176,0.15305083333,G,366253.44801402,1.22169,UUN,49.0085373905603,4,0,0,2,3,0,0,0,0,1
2497,WISEA J233552.69-002419.0,23h35m52.6776s,-00d24m19.461s,353.96949,-0.405406,G,22919.732999016,0.076452,SLS,49.0178159751421,1,0,36,7,2,4,0,0,0,2
2498,DEEP2 33029273,23h34m25.6200s,+00d11m20.569s,353.60675,0.18904694444,G,288517.26365462,0.96239,UUN,49.0272669231103,4,0,0,2,3,0,0,0,0,1
2499,WISEA J233630.60+010224.9,23h36m30.6598s,+01d02m25.282s,354.1277494047,1.0403561866,G,141687.91149996,0.47262,SLS,49.0436487823675,2,0,31,3,1,4,0,0,0,1
2502,SDSS J233620.09-002810.6,23h36m20.0940s,-00d28m10.653s,354.0837250569,-0.4696259264,G,168390.42573402,0.56169,SLS,49.0927520991044,2,0,19,2,1,4,0,0,0,1
2503,SDSS J233426.86+000835.2,23h34m26.8440s,+00d08m35.905s,353.61185,0.14330694444,G,23513.3224256069,0.0784320012,UUN?,49.095102537276,6,0,0,3,1,0,0,0,0,1
2504,WISEA J233432.35+003035.6,23h34m32.3544s,+00d30m35.665s,353.6348103,0.5099071,G,29476.6857151071,0.09832364,SLS,49.0969433684465,5,0,56,7,4,8,0,0,0,1
2506,WISEA J233519.45+005045.7,23h35m19.4461s,+00d50m44.882s,353.8310256724,0.8458005919,G,187469.21776114,0.62533,SLS,49.1043146063436,2,0,31,3,1,4,0,0,0,1
2507,WISEA J233839.51-003015.0,23h38m39.5107s,-00d30m15.012s,354.6646282,-0.5041701,*,17.6671592801354,5.89313e-05,SLS,49.1105143108658,0,0,21,4,1,4,0,0,0,1
2508,DEEP2 33023279,23h34m26.7192s,+00d08m40.776s,353.61133,0.14466,G,326255.123278037,1.08826995,SLS,49.1127258052966,4,0,0,2,3,0,0,0,0,1
2509,WISEA J233455.74+004320.3,23h34m55.7446s,+00d43m20.329s,353.7322693,0.7223136,QSO,405421.302672474,1.3523399,SLS,49.1264396468723,24,0,28,8,10,4,0,1,0,1
2512,DEEP2 33029425,23h34m25.6416s,+00d10m12.068s,353.60684,0.17001888889,G,322192.95046176,1.07472,UUN,49.1574707420674,5,0,0,2,3,0,0,0,0,1
2513,DEEP2 33029247,23h34m24.9912s,+00d11m33.140s,353.60413,0.19253888889,G,145423.32672581,0.485080004,UUN?,49.1616027813692,5,0,0,2,1,0,0,0,0,1
2514,DEEP2 33029492,23h34m24.6744s,+00d12m21.787s,353.60281,0.20605194444,G,163513.40742354,0.545422018,SLS,49.1638633136077,4,0,0,2,3,0,0,0,0,1
2515,DEEP2 33029371,23h34m25.4304s,+00d10m32.174s,353.60596,0.17560388889,G,330185.41739204,1.10138,SLS,49.1673618434322,4,0,0,2,3,0,0,0,0,1
2516,SDSS J234028.26+004218.6,23h40m28.2686s,+00d42m18.601s,355.1177861933,0.7051670455,G,136921.21141776,0.45672,SLS,49.1723265886553,2,0,15,1,1,4,0,0,0,1
2518,WISEA J234011.29+004816.2,23h40m11.2999s,+00d48m16.230s,355.0470833,0.8045085,G,196924.67188646,0.65687,SLS,49.2167714130915,2,0,31,3,1,4,0,0,0,1
2519,GALEXMSC J233744.61-003236.6,23h37m44.5049s,-00d32m37.060s,354.43543708333,-0.54362777778,G,226858.94881776,0.75672,SLS,49.2273471740694,2,0,4,2,1,0,0,0,0,1
2520,WISEA J233453.82+004247.4,23h34m53.8214s,+00d42m47.438s,353.724256,0.7131774,G,74817.3630173679,0.24956386,SLS,49.2367178394981,2,0,32,4,1,4,0,0,0,1
2521,2MASX J23391304+0100059,23h39m13.0392s,+01d00m05.277s,354.80433,1.001466,G,12117.8989531197,0.04042096,SLS,49.2462399236314,21,0,59,15,11,10,0,0,1,2
2522,WISEA J233426.20+000836.8,23h34m26.1912s,+00d08m36.617s,353.60913,0.14350484,G,273717.109588076,0.913022,SLS,49.2541987316923,5,0,12,4,4,0,0,0,0,1
2523,DEEP2 33029608,23h34m24.5280s,+00d11m46.647s,353.6022,0.19629083333,G,388977.71633042,1.29749,SLS,49.2542342816883,4,0,0,2,3,0,0,0,0,1
2525,WISEA J234034.71+003940.8,23h40m34.7175s,+00d39m40.830s,355.1446564,0.6613417,G,58824.3647396877,0.19621696,SLS,49.268479932715,1,0,28,4,1,4,0,0,0,1
2527,WISEA J233550.74+005730.6,23h35m50.7400s,+00d57m30.651s,353.9614167,0.9585142,G,62030.1863955369,0.20691043,SLS,49.2740009128961,1,0,36,6,1,4,0,0,0,1
2528,WISEA J233548.77+005710.9,23h35m48.7625s,+00d57m10.694s,353.9531770983,0.9529707442,G,305713.3590455,1.01975,SLS,49.2769847959622,6,0,21,4,4,4,0,0,0,1
2529,WIG S00J233505500-00134897,23h35m05.5001s,-00d13m48.968s,353.77291708333,-0.23026888889,G,168189.56478716,0.56102,SLS,49.2811270774996,2,0,0,1,1,0,0,0,0,1
2530,SDSS J233808.49+010523.7,23h38m08.4919s,+01d05m23.744s,354.5353832366,1.0899288793,G,136867.24877532,0.45654,SLS,49.2913634578771,2,0,19,2,1,3,0,0,0,1
2532,WISEA J233516.97-001713.8,23h35m16.9781s,-00d17m13.833s,353.8207422,-0.287176,*,27.2658482460386,9.094908e-05,SLS,49.3325320365643,0,0,23,4,1,4,0,0,0,1
2534,WISEA J233914.74-002646.1,23h39m14.7498s,-00d26m46.193s,354.8114578,-0.4461648,G,20587.7463997451,0.06867333,SLS,49.3452247909572,20,0,82,9,8,10,1,0,1,1
2535,DEEP2 33029603,23h34m23.6784s,+00d13m05.487s,353.59866,0.21819083333,G,324555.3150308,1.0826,UUN,49.3548012254835,4,0,0,2,3,0,0,0,0,1
2536,WISEA J233428.48+002800.6,23h34m28.4823s,+00d28m00.632s,353.6186766,0.4668424,G,127562.236501274,0.42550182,SLS,49.3652159666429,5,0,61,10,5,8,0,0,0,1
2539,WISEA J233423.44+001338.6,23h34m23.4460s,+00d13m38.629s,353.5976917,0.2273971,G,17230.121834863,0.0574735,SLS,49.3765880623833,18,0,76,9,7,10,0,0,1,1
2542,SDSS J233501.70-001248.5,23h35m01.7072s,-00d12m48.587s,353.7571134226,-0.2134964706,G,226912.9114602,0.7569,SLS,49.4252709996268,2,0,19,2,1,4,0,0,0,1
2546,WISEA J233631.30-002943.7,23h36m31.3128s,-00d29m43.400s,354.13047,-0.49538907,G,2500.03016513097,0.008339203,SLS,49.4559520953256,9,0,57,13,8,8,0,0,0,1
2548,DEEP2 33023188,23h34m24.5280s,+00d09m52.189s,353.6022,0.16449694444,G,392077.564350291,1.30782998,UUN?,49.4774991124189,5,0,0,2,1,0,0,0,0,1
2549,WISEA J233619.11+010142.1,23h36m19.1100s,+01d01m42.000s,354.079625,1.02833333333,G,182078.9493663,0.60735,SLS,49.4872591408971,8,0,41,7,4,4,0,0,0,1
2550,WISEA J234051.25+000313.9,23h40m51.2512s,+00d03m13.942s,355.2135467,0.0538729,*,1.66276858925874,5.546399e-06,SLS,49.5016639632918,0,0,31,6,1,4,0,0,0,1
2551,WISEA J233422.61+001541.6,23h34m22.5970s,+00d15m42.033s,353.5941545135,0.2616759685,G,164355.21924934,0.54823,SLS,49.5083497565764,2,0,27,2,1,4,0,0,0,1
2554,WIG S00J234058648+00184256,23h40m58.6481s,+00d18m42.559s,355.24436708333,0.31182194444,G,191789.22708092,0.63974,SLS,49.5562861970168,2,0,0,1,1,0,0,0,0,1
2556,WISEA J233913.63-002710.4,23h39m13.6382s,-00d27m10.437s,354.8068261,-0.4528992,G,49799.2776774496,0.16611251,SLS,49.5697274283541,5,0,26,6,1,0,0,0,0,1
2557,DEEP2 33023331,23h34m24.4560s,+00d09m17.305s,353.6019,0.15480694444,G,403793.45960478,1.34691,UUN?,49.5777486038533,4,0,0,2,1,0,0,0,0,1
2560,SDSS J233719.66+010557.6,23h37m19.6615s,+01d05m57.614s,354.3319231928,1.0993373455,G,187807.98323868,0.62646,SLS,49.636982490613,2,0,15,1,1,3,0,0,0,1
2561,WISEA J234054.05+000524.2,23h40m54.0567s,+00d05m24.283s,355.2252363,0.0900788,*,2.66258003419824,8.881411e-06,SLS,49.6427455729053,0,0,23,4,1,4,0,0,0,1
2562,WISEA J233529.68-002044.7,23h35m29.6122s,-00d20m44.004s,353.8733843202,-0.3455567368,G,154626.95398724,0.51578,SLS,49.6601853495767,2,0,31,3,1,4,0,0,0,1
2563,WISEA J234058.31+001147.2,23h40m58.3296s,+00d11m46.798s,355.24304,0.196333,G,17875.0203808897,0.05962465,SLS,49.6664184698736,1,0,36,6,1,4,0,0,0,1
2564,DEEP2 33029638,23h34m23.0064s,+00d11m21.915s,353.59586,0.18942083333,G,233285.902230496,0.778158009,SLS,49.6745739069748,4,0,0,2,3,0,0,0,0,1
2565,2MASX J23345840-0012055,23h34m58.4138s,-00d12m06.040s,353.743391,-0.201678,G,10580.7712844615,0.035293654,SLS,49.6763561321942,20,0,45,12,9,6,1,0,1,1
2566,SDSS J233422.00+001828.1,23h34m22.0056s,+00d18m28.139s,353.5916899873,0.3078166237,G,173549.8539362,0.5789,SLS,49.6831170710965,2,0,19,2,1,3,0,0,0,1
2567,SDSS J233520.16-001834.1,23h35m20.2104s,-00d18m34.183s,353.83421,-0.30949547,QSO,575594.084507042,1.9199752,SLS,49.6862771785559,23,0,13,8,12,4,0,1,0,1
2568,SDSS J234005.58+005035.4,23h40m05.5864s,+00d50m35.459s,355.0232770595,0.8431831093,G,108006.22884366,0.36027,SLS,49.6897273526788,2,0,15,1,1,4,0,0,0,1
2569,WISEA J233428.75+002936.1,23h34m28.7522s,+00d29m36.142s,353.619801,0.493373,G,56337.4184168012,0.1879214,SLS,49.6920775691061,7,0,69,8,3,10,0,0,1,1
2570,DEEP2 33029641,23h34m23.0064s,+00d11m07.090s,353.59586,0.18530277778,G,184259.932603023,0.614624977,SLS,49.7012258057929,4,0,0,2,3,0,0,0,0,1
2572,WISEA J233658.46+010511.9,23h36m58.4670s,+01d05m11.989s,354.2436125,1.0866636,QSO,327285.614883543,1.0917073,SLS,49.7279985357956,38,0,53,11,18,8,0,1,0,1
2573,DEEP2 33035642,23h34m21.8112s,+00d14m18.398s,353.59088,0.23844388889,G,79206.9637600083,0.264205992,UUN?,49.7495811223119,4,0,0,2,1,0,0,0,0,1
2574,SDSS J233507.01-001502.5,23h35m07.0174s,-00d15m02.586s,353.7792393318,-0.2507183477,G,140602.662802,0.469,SLS,49.7543989642616,2,0,19,2,1,4,0,0,0,1
2576,WISEA J233518.80-001819.1,23h35m18.8208s,-00d18m19.699s,353.82842,-0.305472,G,19651.1288066124,0.06554911,SLS,49.7625382354103,2,0,36,7,2,4,0,0,0,1
2577,WISEA J233629.25+010303.5,23h36m29.2549s,+01d03m03.555s,354.1218954,1.0509875,G,25277.8704943982,0.0843179,SLS,49.7649170322236,3,0,46,6,1,6,0,0,1,1
2578,WISEA J234025.90+004418.9,23h40m25.9489s,+00d44m19.085s,355.1081206613,0.7386348286,G,112697.98081136,0.37592,SLS,49.7686328410222,2,0,35,4,1,4,0,0,0,1
2579,DEEP2 33035566,23h34m21.7152s,+00d14m16.836s,353.59048,0.23801,G,144251.735101814,0.481171995,SLS,49.7747625073776,5,0,0,2,3,0,0,0,0,1
2580,WISEA J233424.03+002430.8,23h34m24.0250s,+00d24m31.936s,353.6001045407,0.4088713698,G,223117.53894192,0.74424,SLS,49.7789027458181,2,0,31,3,1,4,0,0,0,1
2581,DEEP2 33023426,23h34m23.5464s,+00d09m25.074s,353.59811,0.156965,G,301321.3995358,1.0051,SLS,49.7838237749937,5,0,0,2,3,0,0,0,0,1
2583,DEEP2 33029644,23h34m22.6104s,+00d10m55.084s,353.59421,0.18196777778,G,396511.50079996,1.32262,UUN,49.8220510692231,6,0,0,2,3,0,0,0,0,1
2586,WISEA J234059.91+001539.9,23h40m59.9178s,+00d15m39.979s,355.2496575,0.2611054,G,17895.2668645407,0.059692185,SLS,49.8376517957418,1,0,36,6,1,4,0,0,0,1
2587,DEEP2 33029251,23h34m22.6680s,+00d10m38.791s,353.59445,0.17744194444,G,396469.52985584,1.32248,SLS,49.8394601833862,5,0,0,2,3,0,0,0,0,1
2590,WISEA J233426.48+000505.2,23h34m26.4899s,+00d05m05.281s,353.6103748,0.0848004,*,35.6837176762961,0.00011902807,SLS,49.8740312213055,0,0,23,4,1,4,0,0,0,1
2591,WISEA J233458.38-001226.9,23h34m58.4400s,-00d12m27.345s,353.7435,-0.207596,*,7.28659899248492,2.4305478e-05,SLS,49.8770295996855,0,0,17,3,1,4,0,0,0,1
2593,WISEA J233503.35-001410.4,23h35m03.3720s,-00d14m10.129s,353.76405,-0.236147,G,56937.483000734,0.189923,SLS,49.9174289094505,1,0,35,5,1,4,0,0,0,1
2595,WISEA J233503.70+004733.2,23h35m03.7065s,+00d47m33.213s,353.7654438,0.7925594,G,56150.4468545203,0.18729773,SLS,49.9645012638791,20,0,67,11,9,10,1,0,1,1
2596,WISEA J233636.97+010358.7,23h36m36.9715s,+01d03m58.444s,354.1540480117,1.0662346112,G,200905.9157287,0.67015,SLS,49.9729997756239,2,0,30,3,1,4,0,0,0,1
2597,DEEP2 33023260,23h34m22.5888s,+00d09m43.797s,353.59412,0.16216583333,G,254493.519902289,0.848899007,UUN?,49.9768710948288,4,0,0,2,1,0,0,0,0,1
2598,SDSS J233519.92+005210.5,23h35m19.9244s,+00d52m10.550s,353.8330186809,0.8695972685,G,56043.20209852,0.18694,SLS,50.0235454483256,3,0,11,2,1,4,0,0,0,1
2599,WISEA J233420.79+001343.5,23h34m20.8080s,+00d13m43.564s,353.5867,0.22876786,G,59241.687832922,0.197609,SLS,50.0301217983867,4,0,27,4,4,4,0,0,0,2
2600,WISEA J234029.47-001016.2,23h40m29.4771s,-00d10m16.254s,355.1228216,-0.1711817,G,80659.3407003748,0.2690506,SLS,50.0450205207272,1,0,31,4,1,4,0,0,0,1
2602,SDSS J233440.84+003839.2,23h34m40.8426s,+00d38m39.259s,353.670177832,0.6442388528,G,57557.15401142,0.19199,SLS,50.0579583779152,2,0,15,1,1,4,0,0,0,1
2603,WISEA J233723.37+010628.6,23h37m23.3778s,+01d06m28.609s,354.3474075,1.1079472,G,57239.0322425379,0.19092886,SLS,50.0622918877374,6,0,62,10,6,8,0,0,0,2
2604,WISEA J233618.93-002907.3,23h36m18.9670s,-00d29m07.347s,354.079029264,-0.4853742967,G,258900.7667288,0.8636,SLS,50.0702695113986,2,0,27,2,1,4,0,0,0,1
2605,WISEA J233648.54+010457.0,23h36m48.5417s,+01d04m57.024s,354.2022574,1.0825067,G,41174.9471772167,0.13734484,SLS,50.0710826780586,1,0,36,6,1,4,0,0,0,1
2606,SDSS J233813.66-003247.4,23h38m13.6694s,-00d32m47.458s,354.5569558795,-0.5465162293,G,215892.54070412,0.72014,SLS,50.0780981869608,2,0,19,2,1,3,0,0,0,1
2607,SDSS J233516.56+005125.1,23h35m16.5613s,+00d51m25.135s,353.8190055425,0.8569820649,G,92396.0355556,0.3082,SLS,50.0890739893763,2,0,15,1,1,4,0,0,0,1
2610,WISEA J234049.15-000020.7,23h40m49.1593s,-00d00m20.941s,355.2048305731,-0.0058169929,G,231220.92908166,0.77127,SLS,50.0940785946613,2,0,27,2,1,3,0,0,0,1
2611,WISEA J233716.00+010619.8,23h37m15.9640s,+01d06m19.511s,354.3165167138,1.105419741,G,169592.5934906,0.5657,SLS,50.1050994522193,2,0,27,2,1,4,0,0,0,1
2612,WISEA J234009.55-001656.3,23h40m09.5543s,-00d16m56.398s,355.0398096,-0.2823329,QSO,309985.701364458,1.034001,SLS,50.1161719455778,25,0,27,9,12,4,0,0,0,1
2613,WISEA J233451.74+004339.1,23h34m51.7471s,+00d43m39.159s,353.7156132,0.7275444,QSO,427425.199691546,1.425737,SLS,50.1363658361961,26,0,28,10,12,4,0,1,0,1
2615,SDSS J233811.59-003256.7,23h38m11.5992s,-00d32m56.928s,354.54833,-0.54914692,G,107078.970771066,0.357177,SLS,50.1512030411414,2,0,15,4,2,4,0,0,0,1
2616,WIG S00J233525926+00534646,23h35m25.9260s,+00d53m46.460s,353.858025,0.89623888889,G,126929.12879262,0.42339,SLS,50.1534533211217,2,0,0,1,1,0,0,0,0,1
2617,DEEP2 33023355,23h34m21.7152s,+00d09m53.938s,353.59048,0.16498277778,G,377402.72952704,1.25888,SLS,50.1703465507439,4,0,0,2,3,0,0,0,0,1
2618,WISEA J233618.38+010222.3,23h36m18.3861s,+01d02m22.382s,354.076609,1.0395508,G,25322.8201763809,0.084467836,SLS,50.1752379765455,4,0,42,7,1,4,0,0,0,1
2620,WISEA J233927.69+005902.4,23h39m27.6915s,+00d59m02.451s,354.8653815,0.9840142,*,13.3123392593023,4.4405184e-05,SLS,50.1788592601872,0,0,23,4,1,4,0,0,0,1
2621,DEEP2 33023466,23h34m22.7280s,+00d08m07.627s,353.5947,0.13545194444,G,303252.06296532,1.01154,UUN,50.1880412981362,4,0,0,2,3,0,0,0,0,1
2622,WISEA J233717.54+010627.7,23h37m17.5472s,+01d06m27.781s,354.3231137,1.1077171,G,25595.3027406269,0.08537674,SLS,50.1949211626662,1,0,36,6,1,4,0,0,0,1
2626,SDSS J233429.30+003157.1,23h34m29.3040s,+00d31m57.119s,353.622100334,0.532533229,G,171283.42295372,0.57134,SLS,50.2264724792959,2,0,23,3,1,4,0,0,0,1
2627,WISEA J233658.86+010544.2,23h36m58.8427s,+01d05m44.049s,354.2451781395,1.0955691639,G,142686.2203851,0.47595,SLS,50.2307310811729,2,0,31,3,1,4,0,0,0,1
2630,WISEA J233552.60+005859.5,23h35m52.6009s,+00d58m59.555s,353.9691704,0.9832099,G,25826.4906925382,0.0861479,SLS,50.2595499501344,11,0,67,7,3,8,0,0,0,1
2631,DEEP2 33042288,23h34m19.5408s,+00d17m20.828s,353.58142,0.28911888889,G,406017.901655592,1.35432994,UUN?,50.269735650499,5,0,0,2,1,0,0,0,0,1
2632,SDSS J234053.12+000200.2,23h40m53.1211s,+00d02m00.284s,355.2213381427,0.0334124337,G,129642.25053752,0.43244,SLS,50.2943938994914,2,0,19,2,1,4,0,0,0,1
2633,WISEA J233850.56-003033.3,23h38m50.5635s,-00d30m33.366s,354.7106813,-0.5092684,G,119825.495535592,0.39969483,SLS,50.2953579990766,2,0,27,3,1,4,0,0,0,1
2634,WISEA J233911.68-002817.4,23h39m11.6831s,-00d28m17.443s,354.7986799,-0.4715122,G,20333.3185364897,0.06782465,SLS,50.335655259751,1,0,36,6,1,4,0,0,0,1
2636,DEEP2 33042373,23h34m19.2624s,+00d17m29.644s,353.58026,0.29156777778,G,224900.104897188,0.750186,SLS,50.3417169183688,4,0,0,2,2,0,0,0,0,1
2637,SDSS J233634.74+010410.4,23h36m34.7419s,+01d04m10.437s,354.1447581821,1.069565894,G,66565.91737432,0.22204,SLS,50.3420227690087,2,0,19,2,1,4,0,0,0,1
2638,SDSS J234008.40+005047.5,23h40m08.4075s,+00d50m47.520s,355.0350313314,0.8465334689,G,164505.11547834,0.54873,SLS,50.3427522651954,2,0,23,3,1,4,0,0,0,1
2639,WISEA J233630.57-003036.2,23h36m30.5771s,-00d30m36.226s,354.1274047,-0.510063,WD*,13.0718271623623,4.3602922e-05,SLS,50.3452160483222,1,0,30,6,1,4,0,0,0,1
2641,WISEA J233429.12+000054.6,23h34m29.1257s,+00d00m54.631s,353.6213573,0.0151753,G,108329.29119225,0.36134762,SLS,50.3739997332356,4,0,53,5,3,8,0,0,0,1
2642,WISEA J234101.86+001904.7,23h41m01.8652s,+00d19m04.789s,355.2577718,0.3179971,G,35644.3789099573,0.11889685,SLS,50.3767059298832,12,0,56,9,6,6,0,0,1,1
2643,WISEA J233948.54+005533.9,23h39m48.5334s,+00d55m33.101s,354.9522226503,0.9258615064,G,206485.05337208,0.68876,SLS,50.3988700588086,2,0,31,3,1,3,0,0,0,1
2645,WISEA J233912.85-002813.4,23h39m12.8512s,-00d28m13.424s,354.8035469,-0.4703956,G,20762.8551744629,0.06925743,SLS,50.40884668105,10,0,54,6,4,8,0,0,0,1
2647,SDSS J234021.69+004656.6,23h40m21.6929s,+00d46m56.617s,355.0903872557,0.7823938595,G,108848.64565064,0.36308,SLS,50.4234143873198,2,0,23,3,1,4,0,0,0,1
2648,DEEP2 33035907,23h34m18.9912s,+00d14m54.639s,353.57913,0.24851083333,G,351722.50757476,1.17322,UUN,50.4299698039081,5,0,0,2,2,0,0,0,0,1
2650,SDSS J234033.81-000917.4,23h40m33.8168s,-00d09m17.493s,355.1409034602,-0.1548594221,G,261499.96733966,0.87227,SLS,50.4541069982481,2,0,15,1,1,4,0,0,0,1
2651,GALEXMSC J233524.92-002045.6,23h35m25.0070s,-00d20m46.629s,353.85419583333,-0.34628583333,G,110821.28002428,0.36966,SLS,50.4591981410492,2,0,3,2,1,0,0,0,0,1
2652,SDSS J233901.96-002936.7,23h39m01.9613s,-00d29m36.737s,354.7581723619,-0.4935382903,G,148463.22105076,0.49522,SLS,50.4905771460694,2,0,19,2,1,4,0,0,0,1
2653,WISEA J233450.75+004356.1,23h34m50.7456s,+00d43m56.036s,353.71144,0.73223238,QSO,539884.24591388,1.80086,SLS,50.4990311188414,24,0,28,8,12,4,0,1,0,2
2654,SDSS J233906.11+010221.1,23h39m06.1192s,+01d02m21.125s,354.7754966958,1.0392016249,G,225779.69596896,0.75312,SLS,50.5003317097406,2,0,23,3,1,4,0,0,0,1
2655,SDSS J233522.22+005324.5,23h35m22.2229s,+00d53m24.560s,353.8425954197,0.8901555939,G,155811.13419634,0.51973,SLS,50.5129216144471,2,0,19,2,1,4,0,0,0,1
2658,2MASS J23341832+0016396,23h34m18.3144s,+00d16m39.836s,353.57631,0.27773238,G,85540.8972690838,0.28533372,SLS,50.5708445610073,1,0,21,3,1,4,0,0,0,1
2659,WISEA J233418.21+001601.9,23h34m18.2690s,+00d16m02.512s,353.5761209307,0.2673646831,G,225202.895279768,0.751196,SLS,50.5852490633798,4,0,27,3,3,4,0,0,0,1
2660,WISEA J234100.13+000805.4,23h41m00.1336s,+00d08m05.488s,355.250557,0.134858,G,40174.0930541083,0.13400635,SLS,50.603532870656,3,0,33,7,2,2,0,0,1,1
2661,WIG S00J233740863+01071251,23h37m40.8629s,+01d07m12.511s,354.42026208333,1.12014194444,G,188251.67607652,0.62794,SLS,50.6085593828239,2,0,0,1,1,0,0,0,0,1
2662,SDSS J234040.30-000642.4,23h40m40.3001s,-00d06m42.447s,355.1679171911,-0.1117908357,QSO,182213.8559724,0.6078,SLS,50.6111068103169,6,0,11,2,1,3,0,0,0,1
2663,SDSS J233430.97+003419.9,23h34m30.9704s,+00d34m19.959s,353.6290434179,0.5722108777,G,89383.1213527,0.29815,SLS,50.6140234563401,2,0,15,1,1,4,0,0,0,1
2664,DEEP2 33035537,23h34m18.3480s,+00d14m00.049s,353.57645,0.23334694444,G,299942.354229,1.0005,UUN,50.6292558941702,5,0,0,2,3,0,0,0,0,1
2666,WISEA J233418.33+001356.5,23h34m18.2952s,+00d13m57.662s,353.57623,0.23268388889,G,301207.47840176,1.00472,UUN,50.6444970573206,6,0,12,3,3,0,0,0,0,1
2667,DEEP2 33029275,23h34m19.2336s,+00d10m49.515s,353.58014,0.18042083333,G,145599.604691114,0.485668004,UUN?,50.6713242967257,5,0,0,2,1,0,0,0,0,1
2668,DEEP2 33035813,23h34m17.9232s,+00d15m55.166s,353.57468,0.26532388889,G,324444.39182134,1.08223,UUN,50.6731995397891,5,0,0,2,3,0,0,0,0,1
2670,SDSS J233909.32+010211.4,23h39m09.3264s,+01d02m11.455s,354.7888601535,1.0365154148,G,285885.08587338,0.95361,SLS,50.6999465002932,2,0,19,2,1,4,0,0,0,1
2671,DEEP2 33035752,23h34m18.0312s,+00d13m53.036s,353.57513,0.23139888889,G,377072.95782324,1.25778,UUN,50.7144800297079,4,0,0,2,3,0,0,0,0,1
2674,DEEP2 33035806,23h34m17.6520s,+00d16m12.504s,353.57355,0.27014,G,241455.84359778,0.80541,UUN,50.7379295480045,4,0,0,2,3,0,0,0,0,1
2676,WISEA J233451.65+004445.3,23h34m51.6770s,+00d44m45.661s,353.71532083333,0.74601694444,G,178673.30704342,0.59599,SLS,50.7575289896807,2,0,15,3,1,0,0,0,0,1
2677,DEEP2 33029470,23h34m17.9880s,+00d13m19.952s,353.57495,0.22220888889,G,129119.710484471,0.430696994,UUN?,50.7577927007599,4,0,0,2,1,0,0,0,0,1
2678,WISEA J233417.90+001328.9,23h34m17.9232s,+00d13m29.200s,353.57468,0.22477777778,G,414585.991090705,1.38291001,SLS,50.7642682361526,4,0,12,3,3,0,0,0,0,1
2680,WISEA J233525.16+005426.8,23h35m25.1611s,+00d54m26.864s,353.8548383,0.9074623,G,24931.6551742769,0.08316305,SLS,50.7818513071256,5,0,48,6,4,8,0,0,0,2
2681,WISEA J234033.21-001009.8,23h40m33.2336s,-00d10m10.265s,355.1384735223,-0.1695182802,G,185727.42358016,0.61952,SLS,50.7870987074851,2,0,27,2,1,4,0,0,0,1
2682,DEEP2 33035838,23h34m17.6952s,+00d14m05.787s,353.57373,0.23494083333,G,301099.55311688,1.00436,SLS,50.7874326842912,5,0,0,2,3,0,0,0,0,1
2683,SDSS J233421.07+002612.6,23h34m21.0816s,+00d26m12.547s,353.58784,0.43681869,G,25706.4777757516,0.08574758,SLS,50.7957797422621,1,0,15,3,2,4,0,0,0,2
2685,DEEP2 33035894,23h34m17.4528s,+00d15m31.561s,353.57272,0.25876694444,G,246134.408894422,0.821016014,UUN?,50.797595943098,4,0,0,2,1,0,0,0,0,1
2687,WISEA J233444.07+004141.5,23h34m43.9241s,+00d41m42.878s,353.68301708333,0.69524388889,G,153175.95849052,0.51094,SLS,50.8084027688252,2,0,16,3,1,0,0,0,0,1
2688,SDSS J233711.24+010652.9,23h37m11.2421s,+01d06m52.992s,354.2968424584,1.1147202257,G,154974.71323852,0.51694,SLS,50.8159440560149,2,0,19,2,1,4,0,0,0,1
2689,WIG S00J234103416+00200858,23h41m03.4159s,+00d20m08.581s,355.26423291667,0.33571694444,G,328326.70415244,1.09518,SLS,50.8268905567449,2,0,0,1,1,0,0,0,0,1
2691,WISEA J233728.62-003408.6,23h37m28.6257s,-00d34m08.684s,354.3692738,-0.5690791,UvES,384919.185992508,1.2839522,SLS,50.832966378525,7,0,24,8,7,4,0,0,0,2
2693,DEEP2 33023381,23h34m19.8696s,+00d08m22.322s,353.58279,0.13953388889,G,391960.65128752,1.30744,SLS,50.8523151189398,4,0,0,2,3,0,0,0,0,1
2694,WISEA J233535.31+005640.5,23h35m35.3170s,+00d56m40.511s,353.8971543,0.9445865,G,50839.290691422,0.16958162,SLS,50.8614486169746,11,0,23,8,5,0,1,0,0,1
2695,WISEA J233936.69-002510.1,23h39m36.6957s,-00d25m10.134s,354.9028988,-0.4194817,G,133811.035547711,0.44634557,SLS,50.8627381101924,4,0,27,3,1,4,0,0,0,1
2696,SDSS J233418.69+001015.4,23h34m18.6927s,+00d10m15.493s,353.5778863435,0.1709702639,G,301201.4825526,1.0047,SLS,50.8732494966276,4,0,15,2,3,4,0,0,0,1
2698,DEEP2 33036285,23h34m17.0736s,+00d15m37.094s,353.57114,0.26030388889,G,390731.50220972,1.30334,UUN,50.8905080613573,4,0,0,2,3,0,0,0,0,1
2700,SDSS J233552.68+005945.4,23h35m52.6805s,+00d59m45.436s,353.9695021494,0.9959546451,G,152141.67451042,0.50749,SLS,50.8956245297908,2,0,19,2,1,4,0,0,0,1
2701,WISEA J233420.23+000730.8,23h34m20.1936s,+00d07m31.256s,353.58414,0.12534888889,G,272787.146488133,0.909919977,SLS,50.9172565877543,4,0,12,3,3,0,0,0,0,1
2702,WISEA J233417.30+001318.0,23h34m17.3520s,+00d13m18.382s,353.5723,0.22177277778,G,356408.2636933,1.18885,SLS,50.9181491326479,4,0,12,3,3,0,0,0,0,1
2703,WISEA J233904.29-002949.3,23h39m04.2965s,-00d29m49.317s,354.7679021,-0.4970326,G,20906.676409094,0.069737166,SLS,50.9196321597888,11,0,62,9,5,8,0,0,0,1
2705,DEEP2 33023283,23h34m19.4976s,+00d08m28.428s,353.58124,0.14123,G,244940.631129572,0.817034,SLS,50.9277516235097,4,0,0,2,3,0,0,0,0,1
2706,DEEP2 33023360,23h34m18.6696s,+00d09m39.848s,353.57779,0.16106888889,G,391379.062912774,1.30550003,UUN?,50.9564587844596,4,0,0,2,1,0,0,0,0,1
2707,DEEP2 33036311,23h34m16.9560s,+00d14m13.318s,353.57065,0.23703277778,G,366214.47499448,1.22156,SLS,50.9659922328618,5,0,0,2,3,0,0,0,0,1
2708,WISEA J233431.08+003521.5,23h34m31.0262s,+00d35m21.203s,353.6292760021,0.5892231133,G,153286.88169998,0.51131,SLS,50.9675726490924,2,0,31,3,1,4,0,0,0,1
2709,WISEA J233417.21+001252.3,23h34m17.1984s,+00d12m53.002s,353.57166,0.21472277778,G,274681.84171792,0.91624,UUN,50.9855698765759,5,0,12,3,3,0,0,0,0,1
2711,WISEA J233436.23+003824.3,23h34m36.2393s,+00d38m24.300s,353.6509974,0.6400834,G,25761.2888308478,0.08593041,SLS,50.9864416289021,18,0,79,9,6,10,1,0,1,1
2712,DEEP2 33048882,23h34m17.2920s,+00d20m47.191s,353.57205,0.34644194444,G,225464.91388806,0.75207,UUN,50.998369964596,4,0,0,2,3,0,0,0,0,1
2713,SDSS J233837.71+010534.6,23h38m37.7134s,+01d05m34.680s,354.6571391753,1.0929667377,G,186120.15170014,0.62083,SLS,51.0165045883722,2,0,22,3,1,3,0,0,0,1
2714,DEEP2 33023315,23h34m20.4720s,+00d06m36.741s,353.5853,0.11020583333,G,390188.87786074,1.30153,UUN?,51.0188541884058,5,0,0,2,1,0,0,0,0,1
2716,WISEA J234059.58+002759.5,23h40m59.5861s,+00d27m59.550s,355.2482754,0.4665419,G,146918.891168091,0.49006867,SLS,51.033323044704,4,0,27,3,1,4,0,0,0,1
2717,DEEP2 33042858,23h34m16.4784s,+00d17m54.898s,353.56866,0.29858277778,G,275180.702064089,0.917904019,UUN?,51.0466923178914,5,0,0,2,1,0,0,0,0,1
2718,SDSS J234052.71-000044.1,23h40m52.7208s,-00d00m44.140s,355.21967,-0.012261194,QSO,554883.162380078,1.850891,SLS,51.0627930633168,24,0,13,8,12,4,0,1,0,1
2719,WISEA J234016.39-001626.7,23h40m16.3658s,-00d16m25.906s,355.068191,-0.273863,G,27529.042040766,0.091827,SLS,51.0639250139457,8,0,55,6,5,8,0,0,0,1
2720,SDSS J233928.14-002648.9,23h39m28.1486s,-00d26m48.953s,354.8672858707,-0.4469315238,G,210064.5753206,0.7007,SLS,51.0670891195446,2,0,15,1,1,4,0,0,0,1
2721,SDSS J233810.60+010707.5,23h38m10.6026s,+01d07m07.504s,354.544177586,1.1187512424,G,87206.62810762,0.29089,SLS,51.0787009851794,2,0,15,1,1,4,0,0,0,1
2722,2MASS J23405948+0004521,23h40m59.4868s,+00d04m52.168s,355.247862,0.081158,*,55453.5762879748,0.18497322,SLS,51.0864799208853,2,0,11,3,1,4,0,0,0,1
2723,WISEA J233839.07+010533.3,23h38m39.0241s,+01d05m33.348s,354.6626006562,1.0925967414,G,187100.4730378,0.6241,SLS,51.0878971413809,2,0,31,3,1,4,0,0,0,1
2724,WISEA J233944.28+005718.8,23h39m44.2432s,+00d57m17.382s,354.9343469874,0.9548283547,G,82952.5731286,0.2767,SLS,51.0980359813005,2,0,27,2,1,4,0,0,0,1
2725,WISEA J233654.89+010624.3,23h36m54.8924s,+01d06m24.340s,354.2287187,1.1067611,G,25591.8203514348,0.085365124,SLS,51.0994765565734,1,0,32,5,1,4,0,0,0,1
2727,DEEP2 33036477,23h34m16.4064s,+00d14m02.522s,353.56836,0.23403388889,G,330023.52946472,1.10084,UUN,51.1119364425237,5,0,0,2,3,0,0,0,0,1
2728,WISEA J233724.24+010732.6,23h37m24.2040s,+01d07m32.860s,354.35085,1.1257946,G,84013.7305046351,0.28023964,SLS,51.1122748260607,1,0,35,5,1,4,0,0,0,1
2729,WISEA J233415.93+001627.7,23h34m16.0704s,+00d16m27.652s,353.56696,0.27434777778,G,234575.902881628,0.782460988,SLS,51.1319941469794,4,0,12,3,3,0,0,0,0,1
2730,4C -00.83,23h40m59.7569s,+00d04m53.013s,355.2489872,0.0813926,G,55405.0548786475,0.18481137,SLS,51.1489635985583,57,0,69,22,22,6,0,0,1,1
2733,GALEXMSC J234043.32-000619.8,23h40m43.5370s,-00d06m20.768s,355.18140416667,-0.10576888889,G,146289.72573026,0.48797,SLS,51.1677105629804,2,0,4,2,1,0,0,0,0,1
2734,WISEA J233428.57+003418.9,23h34m28.5735s,+00d34m18.994s,353.6190566,0.5719429,G,19588.7360002534,0.06534099,SLS,51.1701001395298,29,0,90,14,11,10,1,0,1,1
2735,WISEA J233934.07-002559.2,23h39m34.0769s,-00d25m59.262s,354.8919874,-0.4331285,G,175168.913084875,0.5843006,SLS,51.1714322488138,4,0,12,3,2,0,0,0,0,1
2738,DEEP2 33023348,23h34m19.1448s,+00d07m28.819s,353.57977,0.12467194444,G,355367.977868191,1.18537998,SLS,51.1824967060555,4,0,0,2,3,0,0,0,0,1
2739,DEEP2 33023384,23h34m18.6768s,+00d08m07.155s,353.57782,0.13532083333,*,1038.18130004155,0.00346300006,UUN?,51.187885797741,5,0,0,2,1,0,0,0,0,1
2741,WISEA J233502.12+004903.0,23h35m02.1297s,+00d49m03.037s,353.7588739,0.8175103,QSO,76252.0438085235,0.25434944,SLS,51.2097556549779,8,0,55,7,5,8,0,0,0,1
2742,DEEP2 33036258,23h34m15.9384s,+00d14m19.525s,353.56641,0.23875694444,G,404857.72283068,1.35046,SLS,51.2154119132516,4,0,0,2,3,0,0,0,0,1
2743,DEEP2 33030051,23h34m16.2240s,+00d12m57.301s,353.5676,0.21591694444,G,247978.727898944,0.827168,SLS,51.22337207488,5,0,0,2,3,0,0,0,0,1
2744,DEEP2 33029818,23h34m16.2168s,+00d12m53.654s,353.56757,0.21490388889,G,224223.77311194,0.74793,UUN,51.2295303317727,4,0,0,2,3,0,0,0,0,1
2745,2MASS J23410002+0004484,23h41m00.0218s,+00d04m48.414s,355.250091,0.080115,G,55765.4773633534,0.18601361,SLS,51.2310254090569,4,0,21,3,1,4,0,0,0,1
2747,SDSS J233416.15+001248.2,23h34m16.1568s,+00d12m48.888s,353.56732,0.21358,QSO,599441.01562016,1.99952,UUN,51.2502988147502,10,0,22,7,6,4,0,0,0,1
2748,DEEP2 33023151,23h34m18.1560s,+00d08m29.068s,353.57565,0.14140777778,G,106542.342870831,0.355387002,UUN?,51.2571898525114,5,0,0,2,1,0,0,0,0,1
2749,DEEP2 33036485,23h34m15.8928s,+00d13m37.077s,353.56622,0.22696583333,G,198276.73587204,0.66138,UUN,51.2631087187488,4,0,0,2,3,0,0,0,0,1
2751,WISEA J234047.35-000436.5,23h40m47.4013s,-00d04m36.149s,355.1975056797,-0.0767082165,G,213323.31933906,0.71157,SLS,51.2879552710466,2,0,31,3,1,4,0,0,0,1
2752,SDSS J233416.04+001240.6,23h34m16.0459s,+00d12m40.612s,353.5668582267,0.2112811653,G,232966.028774282,0.777091026,SLS,51.2882995920684,5,0,19,3,3,4,0,0,0,1
2753,DEEP2 33023488,23h34m19.0200s,+00d07m02.589s,353.57925,0.11738583333,G,324729.19465644,1.08318,UUN,51.2928585223057,4,0,0,2,3,0,0,0,0,1
2754,WISEA J233601.09+010127.4,23h36m01.0901s,+01d01m27.449s,354.0045422,1.0242914,G,88787.9673692292,0.29616478,SLS,51.2932114434264,0,0,36,6,1,4,0,0,0,1
2755,WISEA J233415.35+001628.2,23h34m15.3816s,+00d16m29.668s,353.56409,0.27490777778,G,304861.936473082,1.01690996,UUN?,51.3041101977105,4,0,12,3,1,0,0,0,0,1
2756,DEEP2 33030142,23h34m16.5384s,+00d11m06.234s,353.56891,0.185065,G,366151.5185783,1.22135,UUN,51.3101835315031,4,0,0,2,3,0,0,0,0,1
2757,WISEA J233916.12+010201.6,23h39m16.1243s,+01d02m01.626s,354.8171849,1.0337852,G,175423.5567987,0.58515,SLS,51.3210139033417,2,0,27,2,1,4,0,0,0,1
2758,DEEP2 33023715,23h34m17.3592s,+00d09m21.142s,353.57233,0.15587277778,G,391367.06222068,1.30546,SLS,51.324131420623,5,0,0,2,3,0,0,0,0,1
2759,GALEXMSC J233415.26+001644.2,23h34m15.2856s,+00d16m44.281s,353.56369,0.27896694444,G,241237.894480814,0.804683,SLS,51.3281781496918,5,0,4,3,3,0,0,0,0,1
2760,WISEA J233527.09-002223.8,23h35m27.0942s,-00d22m23.882s,353.8628927,-0.3733008,G,103265.799574555,0.34445763,SLS,51.3305109324504,4,0,33,7,5,4,0,0,0,1
2761,WISEA J234010.85-001823.0,23h40m10.8696s,-00d18m22.935s,355.04529,-0.306371,G,22545.292218974,0.075203,SLS,51.3327973322962,2,0,32,6,2,4,0,0,0,1
2762,DEEP2 33036042,23h34m15.2568s,+00d16m47.355s,353.56357,0.27982083333,G,273335.7735815,0.91175,UUN,51.3355394875555,4,0,0,2,3,0,0,0,0,1
2764,SDSS J233952.16+005602.1,23h39m52.1669s,+00d56m02.103s,354.96736219,0.9339176927,G,137877.54935878,0.45991,SLS,51.3503431013322,2,0,19,2,1,4,0,0,0,1
2765,DEEP2 33029664,23h34m16.5168s,+00d10m46.974s,353.56882,0.179715,G,50670.92125116,0.16902,UUN,51.3509334351651,4,0,0,2,3,0,0,0,0,1
2768,DEEP2 33042860,23h34m15.1968s,+00d17m49.221s,353.56332,0.29700583333,G,91227.7413488494,0.30430299,UUN?,51.364651157291,4,0,0,2,1,0,0,0,0,1
2769,SDSS J234056.64+000113.5,23h40m56.6455s,+00d01m13.504s,355.236023291,0.020417792,G,80737.10686398,0.26931,SLS,51.3661938527715,2,0,23,3,1,4,0,0,0,1
2770,SDSS J234103.23+000759.7,23h41m03.2352s,+00d07m59.732s,355.2634800906,0.1332589321,G,191522.4117933,0.63885,SLS,51.3840208006962,2,0,15,1,1,4,0,0,0,1
2771,DEEP2 33042948,23h34m15.3600s,+00d19m22.299s,353.564,0.32286083333,G,326458.9971391,1.08895,UUN,51.3840979915167,5,0,0,2,3,0,0,0,0,1
2772,DEEP2 33036399,23h34m15.0576s,+00d16m08.392s,353.56274,0.26899777778,G,242940.714143292,0.810362995,UUN?,51.3870734875864,5,0,0,2,1,0,0,0,0,1
2773,WISEA J233434.81-000523.3,23h34m34.8141s,-00d05m23.303s,353.6450591,-0.0898066,G,25437.4170426212,0.08485009,SLS,51.3882202782472,12,0,61,8,4,8,0,0,0,1
2775,SDSS J233543.04+005846.1,23h35m43.0474s,+00d58m46.192s,353.9293642667,0.9794978169,G,92141.2119663,0.30735,SLS,51.3988911874928,2,0,19,2,1,4,0,0,0,1
2776,DEEP2 33036135,23h34m15.2496s,+00d14m01.384s,353.56354,0.23371777778,G,404674.8494313,1.34985,SLS,51.4017211890533,5,0,0,2,3,0,0,0,0,1
2777,DEEP2 33029996,23h34m16.2528s,+00d10m53.454s,353.56772,0.181515,G,320487.13137574,1.06903,SLS,51.4043988716722,5,0,0,2,3,0,0,0,0,1
2778,DEEP2 33029896,23h34m15.8352s,+00d11m50.283s,353.56598,0.19730083333,G,233263.119202858,0.778082013,SLS,51.411763870875,4,0,0,2,3,0,0,0,0,1
2779,SDSS J233437.40+003957.8,23h34m37.4002s,+00d39m57.889s,353.6558344483,0.666080348,G,163213.00998436,0.54442,SLS,51.4139894556674,2,0,15,1,1,4,0,0,0,1
2780,SDSS J233538.52+005758.7,23h35m38.5294s,+00d57m58.726s,353.9105394302,0.9663129644,G,82892.614637,0.2765,SLS,51.4140855366898,2,0,15,1,1,4,0,0,0,1
2782,SDSS J233624.13+010420.3,23h36m24.1304s,+01d04m20.378s,354.1005436378,1.0723274266,G,173034.21090844,0.57718,SLS,51.424618374223,2,0,19,2,1,4,0,0,0,1
2785,DEEP2 33030138,23h34m15.8856s,+00d11m28.917s,353.56619,0.19136583333,G,35713.3755445811,0.119126998,UUN?,51.4334418971043,5,0,0,2,1,0,0,0,0,1
2786,WISEA J233530.05-002310.2,23h35m30.0391s,-00d23m09.066s,353.8751632969,-0.385851823,G,223396.34592786,0.74517,SLS,51.4346225165402,4,0,21,4,3,4,0,0,0,1
2787,WISEA J233541.61-002521.6,23h35m41.6129s,-00d25m21.654s,353.9233871,-0.4226819,G,130967.018419799,0.43685895,SLS,51.4351650426736,3,0,27,3,1,4,0,0,0,1
2792,SDSS J233718.73+010746.5,23h37m18.7339s,+01d07m46.514s,354.3280581315,1.1295874116,G,193698.90503838,0.64611,SLS,51.4663320299368,2,0,22,3,1,4,0,0,0,1
2793,DEEP2 33023699,23h34m16.9848s,+00d09m00.460s,353.57077,0.15012777778,G,213694.769989126,0.712809026,UUN?,51.4665228452739,4,0,0,2,1,0,0,0,0,1
2795,DEEP2 33029763,23h34m16.0320s,+00d10m44.076s,353.5668,0.17891,G,320948.808763135,1.07056999,SLS,51.4768365020407,5,0,0,2,3,0,0,0,0,1
2796,WISEA J233414.83+001827.7,23h34m14.8104s,+00d18m28.746s,353.56171,0.307985,G,225404.95539646,0.75187,UUN,51.4810315171741,5,0,12,3,3,0,0,0,0,1
2797,WISEA J233452.35+004616.5,23h34m52.3517s,+00d46m17.279s,353.7181322391,0.7714666499,G,81855.33273232,0.27304,SLS,51.4823785976636,2,0,31,3,1,4,0,0,0,1
2798,DEEP2 33023417,23h34m18.5664s,+00d06m36.619s,353.57736,0.11017194444,G,271141.892074064,0.904431999,SLS,51.4865125129025,6,0,0,2,3,0,0,0,0,1
2799,SDSS J234106.48+001753.7,23h41m06.4855s,+00d17m53.791s,355.2770231817,0.2982754147,G,321509.42365752,1.07244,SLS,51.4870735794301,2,0,23,3,1,4,0,0,0,1
2801,WISEA J233531.80+005647.0,23h35m31.8098s,+00d56m47.063s,353.8825412,0.9464066,G,25670.4262337149,0.085627325,SLS,51.491128702936,12,0,63,6,3,8,0,0,0,1
2802,SDSS J234106.37+001853.6,23h41m06.3778s,+00d18m53.670s,355.2765742979,0.3149084905,G,154297.18228344,0.51468,SLS,51.4949201315177,2,0,5,1,1,3,0,0,0,1
2804,DEEP2 33036441,23h34m14.5968s,+00d15m50.133s,353.56082,0.26392583333,G,49499.0340318003,0.165111005,UUN?,51.5058960911753,4,0,0,2,1,0,0,0,0,1
2805,WISEA J233416.70+000912.3,23h34m16.7014s,+00d09m12.362s,353.5695894,0.1534341,G,106612.415760379,0.35562074,SLS,51.507728111688,4,0,53,5,3,8,0,0,0,1
2806,WISEA J233418.58+000630.4,23h34m18.5520s,+00d06m30.704s,353.5773,0.10852888889,G,271291.18901794,0.90493,UUN,51.5092632624815,5,0,12,3,3,0,0,0,0,1
2807,DEEP2 33023769,23h34m16.5456s,+00d09m27.734s,353.56894,0.15770388889,G,366094.55801128,1.22116,UUN,51.5101578436642,5,0,0,2,3,0,0,0,0,1
2808,WISEA J233721.81+010754.4,23h37m21.7778s,+01d07m54.179s,354.3407410414,1.1317165398,G,208277.81227092,0.69474,SLS,51.5183008470416,2,0,31,3,1,4,0,0,0,1
2809,WISEA J233545.66+005922.3,23h35m45.6641s,+00d59m22.305s,353.9402673,0.9895294,G,25629.9947238667,0.08549246,SLS,51.5262329826937,15,0,71,8,5,10,1,0,1,1
2810,DEEP2 33023577,23h34m16.6416s,+00d09m08.064s,353.56934,0.15224,G,233622.572458547,0.77928102,UUN?,51.5328694818145,4,0,0,2,1,0,0,0,0,1
2812,DEEP2 33042912,23h34m14.3856s,+00d17m50.510s,353.55994,0.29736388889,G,210242.352248194,0.701293,SLS,51.5679036580713,4,0,0,2,3,0,0,0,0,1
2813,DEEP2 33023481,23h34m17.6736s,+00d07m19.448s,353.57364,0.12206888889,G,103808.534247159,0.346267998,UUN?,51.5723163206368,5,0,0,2,1,0,0,0,0,1
2815,GALEXASC J234017.18+005012.2,23h40m17.1410s,+00d50m11.860s,355.07142083333,0.83662777778,G,393753.41018636,1.31342,SLS,51.5772678880797,2,0,4,2,1,0,0,0,0,1
2816,DEEP2 33036261,23h34m14.4936s,+00d14m08.800s,353.56039,0.23577777778,G,301375.36217824,1.00528,SLS,51.5844524208686,4,0,0,2,3,0,0,0,0,1
2817,WISEA J233414.29+001753.3,23h34m14.2968s,+00d17m54.499s,353.55957,0.29847194444,G,225353.9906786,0.7517,UUN,51.5917375561386,4,0,12,3,2,0,0,0,0,1
2818,WISEA J233623.05-003112.7,23h36m23.0575s,-00d31m12.762s,354.096073,-0.5202119,G,74299.3126561701,0.24783583,SLS,51.5931193910512,1,0,36,6,1,4,0,0,0,1
2822,DEEP2 33023515,23h34m15.8640s,+00d09m57.931s,353.5661,0.16609194444,G,17336.698053682,0.057829,SLS,51.6117999161569,4,0,0,2,3,0,0,0,0,1
2823,DEEP2 33030177,23h34m14.8752s,+00d12m16.650s,353.56198,0.204625,G,233402.515500809,0.778546989,SLS,51.6120617360792,4,0,0,2,3,0,0,0,0,1
2824,PKS 2338+000,23h41m06.9100s,+00d18m33.336s,355.2787916666,0.30926,G,82958.5210109667,0.27671984,SLS,51.6138902502983,80,0,88,37,25,10,0,2,1,1
2825,DEEP2 33042830,23h34m14.3472s,+00d19m11.539s,353.55978,0.31987194444,G,225116.555051864,0.750908,SLS,51.62761962399,6,0,0,2,3,0,0,0,0,1
2826,DEEP2 33023723,23h34m16.3992s,+00d08m52.044s,353.56833,0.14779,G,66517.0494049112,0.221876994,UUN?,51.6321484915026,4,0,0,2,1,0,0,0,0,1
2827,DEEP2 33029718,23h34m15.6072s,+00d10m05.908s,353.56503,0.16830777778,G,182922.56144581,0.610163987,UUN?,51.6585631100096,5,0,0,2,1,0,0,0,0,1
2828,SDSS J233415.66+000955.2,23h34m15.6648s,+00d09m55.231s,353.56527,0.165342,G,17303.5754839599,0.057718515,SLS,51.6669858266574,0,0,0,1,1,0,0,0,0,1
2829,DEEP2 33048754,23h34m14.5008s,+00d20m26.829s,353.56042,0.34078583333,G,343433.258102758,1.14557004,UUN?,51.6674734217353,4,0,0,2,1,0,0,0,0,1
2830,WISEA J234105.61+002306.9,23h41m05.6352s,+00d23m05.928s,355.27348,0.38498,G,18918.7610142849,0.063106194,SLS,51.6682785696512,2,0,21,6,2,0,0,0,0,1
2832,WISEA J233413.92+001811.5,23h34m13.9968s,+00d18m11.847s,353.55832,0.30329083333,G,225018.227022942,0.750580013,SLS,51.6748313077172,4,0,12,3,3,0,0,0,0,1
2833,DEEP2 33036462,23h34m14.0328s,+00d14m42.496s,353.55847,0.24513777778,G,178738.654604245,0.596207976,UUN?,51.6758975011547,4,0,0,2,1,0,0,0,0,1
2834,DEEP2 33017041,23h34m18.2664s,+00d06m00.428s,353.57611,0.10011888889,G,231421.79002852,0.77194,UUN,51.6803549361919,4,0,0,2,3,0,0,0,0,1
2836,DEEP2 33029873,23h34m14.6400s,+00d12m00.820s,353.561,0.20022777778,G,292291.65070084,0.97498,UUN,51.6934021815471,4,0,0,2,3,0,0,0,0,1
2837,DEEP2 33042632,23h34m13.9608s,+00d18m31.118s,353.55817,0.30864388889,G,207394.331392005,0.691793025,UUN?,51.6947384225903,5,0,0,2,1,0,0,0,0,1
2838,SDSS J234059.33+000219.1,23h40m59.3352s,+00d02m19.161s,355.24723,0.038656,G,20503.798515656,0.06839331,SLS,51.695210768499,2,0,24,6,2,4,0,0,0,1
2839,WISEA J233540.77-002532.0,23h35m40.7787s,-00d25m32.099s,353.9199113,-0.4255832,G,22997.8229384758,0.07671248,SLS,51.6978324035794,7,0,48,8,7,8,0,0,0,3
2840,SDSS J233415.66+000955.1,23h34m15.5136s,+00d09m55.760s,353.56464,0.16548888889,G,17321.708190948,0.0577789992,SLS,51.7033305140599,4,0,9,5,3,0,0,0,0,1
2841,WISEA J233443.37+004314.6,23h34m43.3680s,+00d43m14.972s,353.6807,0.72082558,G,214010.713466008,0.7138629,SLS,51.7033618666053,2,0,27,5,3,4,0,0,0,2
2842,WISEA J234017.28+005021.5,23h40m17.2813s,+00d50m21.507s,355.0720055,0.8393075,G,80654.6399546334,0.26903492,SLS,51.7087049488167,1,0,27,3,1,4,0,0,0,1
2843,WISEA J233625.59+010447.9,23h36m25.5964s,+01d04m47.938s,354.1066517,1.0799829,G,17334.1024505806,0.057820342,SLS,51.7173286712801,20,0,79,14,10,10,1,1,1,1
2844,DEEP2 33023809,23h34m16.4352s,+00d08m11.796s,353.56848,0.13661,G,309784.54062514,1.03333,UUN,51.727996640139,4,0,0,2,3,0,0,0,0,1
2845,SDSS J234100.51+000314.9,23h41m00.5156s,+00d03m14.960s,355.2521483521,0.0541555577,G,238544.8588306,0.7957,SLS,51.7311056797322,2,0,19,2,1,4,0,0,0,1
2846,WISEA J233502.33-001643.6,23h35m02.3342s,-00d16m43.657s,353.7597259,-0.2787938,G,49741.5826189075,0.16592006,SLS,51.7322129448076,2,0,34,5,1,4,0,0,0,1
2847,GALEXASC J233736.58+010818.5,23h37m36.5441s,+01d08m19.730s,354.40226708333,1.13881388889,G,94710.43333136,0.31592,SLS,51.7387684728585,2,0,8,3,1,0,0,0,0,1
2848,DEEP2 33023924,23h34m16.6032s,+00d07m51.214s,353.56918,0.13089277778,G,291919.312964891,0.973738015,SLS,51.743441941214,4,0,0,2,3,0,0,0,0,1
2849,WISEA J234031.12-001245.5,23h40m31.0834s,-00d12m44.664s,355.1295144117,-0.2124066647,G,133860.33042158,0.44651,SLS,51.7457307412155,2,0,31,3,1,4,0,0,0,1
2851,WISEA J233413.73+001418.3,23h34m13.7904s,+00d14m19.453s,353.55746,0.23873694444,G,222185.783982456,0.741132,SLS,51.7519349073831,5,0,12,3,2,0,0,0,0,1
2852,SDSS J234107.61+001622.2,23h41m07.6160s,+00d16m22.240s,355.2817333794,0.2728445944,G,143396.72851056,0.47832,SLS,51.7539197591171,2,0,19,2,1,4,0,0,0,1
2853,WISEA J233416.44+000759.8,23h34m16.4424s,+00d08m00.628s,353.56851,0.13350777778,G,231463.76097264,0.77208,UUN,51.7567898328664,4,0,12,3,2,0,0,0,0,1
2855,WISEA J233548.20+010004.8,23h35m48.2069s,+01d00m04.857s,353.9508624,1.0013493,G,25286.5764673785,0.08434694,SLS,51.7686850325441,11,0,59,7,3,8,0,0,0,1
2857,WISEA J233424.13+003259.8,23h34m24.1334s,+00d32m59.802s,353.6005562,0.5499451,*,8.01928516440285,2.6749456e-05,SLS,51.7799634618618,0,0,23,4,1,4,0,0,0,1
2858,WISEA J233434.25-000602.7,23h34m34.2588s,-00d06m02.727s,353.6427453,-0.1007575,G,268221.31424802,0.89469,SLS,51.7976019571225,2,0,34,4,1,4,0,0,0,1
2859,SDSS J234107.65+001828.2,23h41m07.6632s,+00d18m28.240s,355.28193,0.30784463,G,84005.9838675204,0.2802138,SLS,51.7989199795466,1,0,15,2,1,4,0,0,0,1
2860,DEEP2 33030180,23h34m14.1576s,+00d12m05.864s,353.55899,0.20162888889,G,232700.102071507,0.77620399,UUN?,51.8061505795238,4,0,0,2,1,0,0,0,0,1
2861,DEEP2 33023609,23h34m15.1104s,+00d09m52.124s,353.56296,0.16447888889,G,366196.499438698,1.22150004,UUN?,51.8111287725863,4,0,0,2,1,0,0,0,0,1
2862,DEEP2 33023548,23h34m15.4248s,+00d09m03.848s,353.56427,0.15106888889,G,231817.51607308,0.77326,UUN,51.8440457646199,5,0,0,2,3,0,0,0,0,1
2867,2MASS J23410488+0007340,23h41m04.8861s,+00d07m34.068s,355.270359,0.12613,G,40261.3656365567,0.13429746,SLS,51.8637591617302,17,0,26,6,5,4,0,1,0,1
2868,DEEP2 33049056,23h34m14.1000s,+00d21m37.303s,353.55875,0.36036194444,G,315621.4997824,1.0528,SLS,51.8678610792569,5,0,0,2,3,0,0,0,0,1
2869,WISEA J233415.38+000901.6,23h34m15.3432s,+00d09m01.627s,353.56393,0.15045194444,G,231295.87719616,0.77152,UUN,51.8696214099582,5,0,12,3,3,0,0,0,0,1
2871,SDSS J233504.10-001730.2,23h35m04.1096s,-00d17m30.205s,353.7671236722,-0.2917238493,G,217190.64204726,0.72447,SLS,51.899974456074,3,0,19,3,2,4,0,0,0,1
2872,DEEP2 33042986,23h34m13.0368s,+00d17m45.222s,353.55432,0.295895,G,379021.596808542,1.26427996,UUN?,51.9029718223006,4,0,0,2,1,0,0,0,0,1
2873,DEEP2 33036277,23h34m13.3152s,+00d13m34.406s,353.55548,0.22622388889,G,282814.312925256,0.943367004,UUN?,51.9090027503449,4,0,0,2,1,0,0,0,0,1
2875,DEEP2 33035986,23h34m13.0728s,+00d14m40.203s,353.55447,0.24450083333,G,370687.37846784,1.23648,SLS,51.9171427777525,5,0,0,2,3,0,0,0,0,1
2876,WISEA J233920.16-002857.8,23h39m20.1651s,-00d28m57.896s,354.8340213,-0.482749,G,20692.5868202323,0.06902304,SLS,51.9204063810347,14,0,72,9,5,10,0,0,1,1
2877,WISEA J233652.56+010706.9,23h36m52.5633s,+01d07m06.980s,354.2190138,1.1186057,G,40118.883275043,0.13382219,SLS,51.9239535547024,13,0,71,10,7,10,1,0,1,1
2878,DEEP2 33036265,23h34m13.1256s,+00d14m02.529s,353.55469,0.23403583333,G,222457.99553432,0.74204,UUN,51.9311109638612,5,0,0,2,3,0,0,0,0,1
2880,WISEA J233749.69-003517.9,23h37m49.6920s,-00d35m17.188s,354.45705,-0.588108,G,11071.2824106749,0.036929823,SLS,51.9362418122041,3,0,36,8,2,4,0,0,0,1
2881,WISEA J233412.82+001647.5,23h34m12.8184s,+00d16m48.896s,353.55341,0.28024888889,G,210118.535264908,0.700879991,SLS,51.9452271810508,5,0,12,3,3,0,0,0,0,1
2883,WISEA J233837.74-003320.8,23h38m37.7416s,-00d33m20.826s,354.6572567,-0.5557851,G,34765.7651615984,0.11596611,SLS,51.9497970900503,14,0,62,10,4,8,0,1,0,1
2884,DEEP2 33042899,23h34m13.0080s,+00d18m59.360s,353.5542,0.31648888889,G,225356.98860318,0.75171,UUN,51.9522725926886,5,0,0,2,3,0,0,0,0,1
2885,SDSS J233644.68-003326.5,23h36m44.6806s,-00d33m26.557s,354.1861691494,-0.5573770508,G,116901.07107252,0.38994,SLS,51.9585952153143,2,0,22,3,1,4,0,0,0,1
2886,DEEP2 33030105,23h34m14.0472s,+00d10m47.996s,353.55853,0.17999888889,G,376878.101719314,1.25713003,SLS,51.9624968399351,4,0,0,2,3,0,0,0,0,1
2887,SDSS J233425.51-000120.0,23h34m25.5112s,-00d01m20.061s,353.6062969193,-0.0222391732,G,183565.91995798,0.61231,SLS,51.9648864616917,2,0,23,3,1,4,0,0,0,1
2888,DEEP2 33036174,23h34m12.9120s,+00d14m21.242s,353.5538,0.23923388889,G,224710.629468298,0.749553978,SLS,51.9700230496509,5,0,0,2,3,0,0,0,0,1
2889,WISEA J233421.87+000120.8,23h34m21.8714s,+00d01m20.823s,353.5911312,0.0224509,G,38865.9516615499,0.12964286,SLS,51.9706161000353,2,0,36,6,1,4,0,0,0,1
2890,DEEP2 33049068,23h34m13.5048s,+00d21m08.316s,353.55627,0.35231,G,229173.954272832,0.764442027,UUN?,51.9715662146879,4,0,0,2,1,0,0,0,0,1
2891,WISEA J233907.18-003039.2,23h39m07.1808s,-00d30m39.280s,354.7799201,-0.5109111,G,59208.8875400922,0.19749959,SLS,51.9760448285897,1,0,34,5,1,4,0,0,0,1
2892,WISEA J233938.11-002617.0,23h39m38.1115s,-00d26m17.075s,354.9087981,-0.4380764,*,11.0082321594556,3.671951e-05,SLS,51.9820647689156,0,0,17,3,1,4,0,0,0,1
2893,WISEA J233412.79+001842.9,23h34m12.8335s,+00d18m42.529s,353.5534731467,0.3118136379,G,224305.610457125,0.74820298,SLS,51.9837131733208,5,0,27,3,3,4,0,0,0,1
2894,WISEA J233415.32+000812.1,23h34m15.3072s,+00d08m12.800s,353.56378,0.13688888889,G,275284.4245585,0.91825,UUN,52.003567284062,4,0,12,3,3,0,0,0,0,1
2895,SDSS J233454.17-001436.2,23h34m54.1776s,-00d14m36.248s,353.72574,-0.24340247,WD*,23.5741994213398,7.8635065e-05,SLS,52.0068500295173,1,0,13,6,3,4,0,0,0,3
2898,WISEA J234105.44+000727.6,23h41m05.4466s,+00d07m27.679s,355.2726945,0.1243553,G,40160.4315117972,0.13396078,SLS,52.0203556059163,10,0,42,5,4,6,1,0,1,1
2900,WISEA J233933.71+010016.1,23h39m33.7181s,+01d00m16.196s,354.8904921,1.0044991,G,40654.7203227739,0.13560955,SLS,52.0258136443236,4,0,51,7,1,6,0,0,1,1
2904,DEEP2 33029780,23h34m13.3968s,+00d11m37.741s,353.55582,0.19381694444,G,222602.799788421,0.742523015,SLS,52.0383266433566,4,0,0,2,3,0,0,0,0,1
2907,DEEP2 33042531,23h34m12.8760s,+00d20m07.364s,353.55365,0.33537888889,G,299903.390203234,1.00037003,UUN?,52.0495996692769,4,0,0,2,1,0,0,0,0,1
2908,DEEP2 33023556,23h34m15.2712s,+00d07m58.933s,353.56363,0.13303694444,G,261572.512018024,0.872511983,SLS,52.0502206664085,4,0,0,2,3,0,0,0,0,1
2910,SDSS J233436.03-000729.6,23h34m36.0394s,-00d07m29.634s,353.6501642334,-0.1248983609,G,146766.39573848,0.48956,SLS,52.0520542286116,2,0,23,3,1,4,0,0,0,1
2911,DEEP2 33100559,23h34m14.5008s,+00d09m09.442s,353.56042,0.15262277778,G,262083.959150542,0.874217987,SLS,52.0591884010323,5,0,0,2,3,0,0,0,0,1
2913,WISEA J233412.33+001617.8,23h34m12.3624s,+00d16m17.893s,353.55151,0.27163694444,G,405640.18114606,1.35307,SLS,52.0596747351311,5,0,12,3,3,0,0,0,0,1
2914,WISEA J233412.55+001421.3,23h34m12.5472s,+00d14m22.257s,353.55228,0.23951583333,G,222431.006718289,0.741949975,SLS,52.0604094485646,5,0,12,3,3,0,0,0,0,1
2915,DEEP2 33036123,23h34m12.5256s,+00d14m27.074s,353.55219,0.24085388889,G,263363.774352914,0.878486991,SLS,52.0624264530908,4,0,0,2,3,0,0,0,0,1
2917,DEEP2 33030049,23h34m12.7656s,+00d13m00.904s,353.55319,0.21691777778,G,247695.428822813,0.826223016,SLS,52.0816389127715,4,0,0,2,3,0,0,0,0,1
2918,DEEP2 33100563,23h34m14.1864s,+00d09m30.146s,353.55911,0.15837388889,G,391142.21787718,1.30471,UUN,52.0888337723922,5,0,0,2,3,0,0,0,0,1
2919,DEEP2 33023988,23h34m14.1792s,+00d09m29.584s,353.55908,0.15821777778,G,391085.260308085,1.30452001,SLS,52.0918942864027,6,0,0,2,3,0,0,0,0,1
2921,DEEP2 33036129,23h34m12.4368s,+00d14m07.850s,353.55182,0.23551388889,G,321590.379612878,1.07271004,UUN?,52.0988196709854,4,0,0,2,1,0,0,0,0,1
2922,WISEA J234007.12+005340.5,23h40m07.0944s,+00d53m40.073s,355.0295601326,0.8944649729,G,165677.30398912,0.55264,SLS,52.1072447365732,2,0,25,4,1,4,0,0,0,1
2923,SDSS J234105.08+002647.5,23h41m05.0897s,+00d26m47.547s,355.2712070967,0.4465409572,G,202971.48576432,0.67704,SLS,52.1275647300042,2,0,15,1,1,4,0,0,0,1
2925,DEEP2 33049042,23h34m13.2120s,+00d22m18.872s,353.55505,0.37190888889,G,225779.393778162,0.753118992,SLS,52.1601395154818,4,0,0,2,3,0,0,0,0,1
2927,DEEP2 33036239,23h34m12.0192s,+00d15m06.678s,353.55008,0.251855,G,278680.475321479,0.929578006,UUN?,52.1658873930298,5,0,0,2,1,0,0,0,0,1
2929,WISEA J233803.71-003514.7,23h38m03.7178s,-00d35m14.747s,354.5154912,-0.5874298,G,22478.4864676333,0.07498016,SLS,52.1669166546587,1,0,36,6,1,4,0,0,0,1
2930,DEEP2 33029858,23h34m13.2936s,+00d10m36.588s,353.55539,0.17683,G,47643.916802734,0.158923,UUN?,52.1712162081862,5,0,0,2,1,0,0,0,0,1
2932,WISEA J233503.80-001750.5,23h35m03.8048s,-00d17m50.535s,353.7658537,-0.2973709,*,3.90741650184423,1.30337385e-05,SLS,52.1804545581938,0,0,23,4,1,4,0,0,0,1
2933,DEEP2 33036366,23h34m12.0048s,+00d14m38.932s,353.55002,0.24414777778,G,222528.746554408,0.742276,SLS,52.1847448577568,5,0,0,2,3,0,0,0,0,1
2934,DEEP2 33023923,23h34m14.6328s,+00d07m54.105s,353.56097,0.13169583333,G,106123.233913924,0.353989005,UUN?,52.2209682131231,4,0,0,2,1,0,0,0,0,1
2935,DEEP2 33023994,23h34m13.7184s,+00d09m21.124s,353.55716,0.15586777778,G,391654.86298036,1.30642,UUN,52.2254037430959,6,0,0,2,3,0,0,0,0,1
2936,WISEA J234108.53+001133.6,23h41m08.5321s,+00d11m33.640s,355.2855504,0.192678,G,44500.4879532437,0.14843765,SLS,52.2262781512803,4,0,56,10,7,8,0,0,0,3
2937,DEEP2 33042678,23h34m11.9976s,+00d19m32.206s,353.54999,0.32561277778,G,229745.9501883,0.76635,UUN,52.232499139731,4,0,0,2,3,0,0,0,0,1
2938,DEEP2 33023777,23h34m13.7256s,+00d09m16.574s,353.55719,0.15460388889,G,318265.66926196,1.06162,UUN?,52.2342017340831,4,0,0,2,1,0,0,0,0,1
2940,DEEP2 33030035,23h34m13.0008s,+00d10m26.616s,353.55417,0.17406,G,193444.08144908,0.64526,UUN,52.2632537453019,5,0,0,2,3,0,0,0,0,1
2942,DEEP2 33030090,23h34m12.6624s,+00d11m09.430s,353.55276,0.18595277778,G,333123.38348044,1.11118,UUN,52.2681284573838,5,0,0,2,2,0,0,0,0,1
2943,DEEP2 33049049,23h34m12.5976s,+00d21m53.553s,353.55249,0.36487583333,*,97.7323437063396,0.000326000008,UUN?,52.2684204947916,5,0,0,2,1,0,0,0,0,1
2944,DEEP2 33017433,23h34m15.8928s,+00d05m55.334s,353.56622,0.09870388889,G,241839.57794402,0.80669,UUN,52.278570555392,4,0,0,2,3,0,0,0,0,1
2945,SDSS J233611.52-003042.6,23h36m11.5824s,-00d30m42.615s,354.04826,-0.51183753,QSO,466395.221306966,1.555727,SLS,52.2829624295005,24,0,14,9,13,4,0,0,0,1
2946,WISEA J234027.33+004811.5,23h40m27.3392s,+00d48m11.504s,355.1139135,0.8031957,G,137604.243564444,0.45899835,SLS,52.3019631341186,4,0,27,3,1,4,0,0,0,1
2947,WISEA J233534.44+005819.6,23h35m34.4487s,+00d58m19.601s,353.8935366,0.9721115,G,24585.3097442288,0.082007766,SLS,52.303146739644,9,0,55,6,3,8,0,0,0,1
2949,WISEA J233558.59-002904.0,23h35m58.5960s,-00d29m04.094s,353.99415,-0.4844707,G,80943.5379547096,0.26999858,SLS,52.3056155553586,7,0,63,8,5,10,0,0,1,1
2950,DEEP2 33048995,23h34m12.1080s,+00d20m58.902s,353.55045,0.349695,G,381398.96299218,1.27221,SLS,52.3060652996804,4,0,0,2,3,0,0,0,0,1
2951,DEEP2 33042771,23h34m11.8440s,+00d20m08.829s,353.54935,0.33578583333,G,411249.310026938,1.37178004,UUN?,52.3086563703729,4,0,0,2,1,0,0,0,0,1
2952,DEEP2 33036268,23h34m11.6232s,+00d13m58.497s,353.54843,0.23291583333,G,308567.398235283,1.02927005,UUN?,52.3095860600175,4,0,0,2,1,0,0,0,0,1
2953,DEEP2 33029687,23h34m12.2232s,+00d11m49.052s,353.55093,0.19695888889,G,89816.3208549251,0.299594998,UUN?,52.3128133976194,5,0,0,2,1,0,0,0,0,1
2954,DEEP2 33042759,23h34m11.5056s,+00d18m44.038s,353.54794,0.31223277778,G,245649.9400852,0.8194,UUN,52.3164448013525,4,0,0,2,3,0,0,0,0,1
2955,WISEA J233917.88-002943.9,23h39m17.8804s,-00d29m43.900s,354.824502,-0.4955278,QSO,402719.782895699,1.3433286,SLS,52.326673665248,44,0,55,18,25,8,0,1,0,2
2956,WISEA J233915.03-003005.9,23h39m15.0337s,-00d30m05.955s,354.8126408,-0.5016543,G,40420.5524338301,0.13482845,SLS,52.3275164736382,1,0,36,6,1,4,0,0,0,1
2957,DEEP2 33017381,23h34m15.8136s,+00d05m42.648s,353.56589,0.09518,G,271686.9150625,0.90625,UUN,52.3415353810549,4,0,0,2,3,0,0,0,0,1
2958,DEEP2 33023522,23h34m13.4184s,+00d09m01.616s,353.55591,0.15044888889,G,82156.3264586992,0.274044007,SLS,52.3457355351808,5,0,0,2,3,0,0,0,0,1
2960,DEEP2 33042984,23h34m11.1696s,+00d17m49.869s,353.54654,0.29718583333,G,300260.125240706,1.00155997,UUN?,52.371412164609,4,0,0,2,1,0,0,0,0,1
2961,WISEA J233426.38+003615.7,23h34m26.3823s,+00d36m15.733s,353.6099266,0.6043703,*,8.69029473414397,2.8987703e-05,SLS,52.3830773229163,0,0,22,4,1,4,0,0,0,1
2963,SDSS J233747.39-003545.3,23h37m47.3923s,-00d35m45.359s,354.4474679677,-0.595933282,G,150013.14805862,0.50039,SLS,52.383526168732,2,0,19,2,1,4,0,0,0,1
2964,WISEA J233848.87-003255.8,23h38m48.8785s,-00d32m55.842s,354.7036605,-0.5488452,G,71511.7584397979,0.23853755,SLS,52.3894755445308,5,0,52,8,6,8,0,0,0,2
2965,WISEA J233436.14+004125.9,23h34m36.1062s,+00d41m27.221s,353.6504427791,0.6908947768,G,241983.47832386,0.80717,SLS,52.3919414763921,2,0,35,4,1,3,0,0,0,1
2966,DEEP2 33036360,23h34m11.1480s,+00d14m43.353s,353.54645,0.24537583333,G,224452.214964936,0.748692,SLS,52.3960990335672,5,0,0,2,3,0,0,0,0,1
2967,WISEA J233652.19-003423.2,23h36m52.1956s,-00d34m23.235s,354.2174817,-0.573121,G,28122.0075392934,0.09380492,SLS,52.4035637120476,10,0,62,8,4,8,0,0,0,1
2970,SDSS J233623.97+010523.9,23h36m23.9726s,+01d05m23.967s,354.0998860954,1.0899910927,G,153005.07678946,0.51037,SLS,52.4243610215673,2,0,19,2,1,4,0,0,0,1
2971,DEEP2 33036109,23h34m11.0016s,+00d14m56.724s,353.54584,0.24909,G,356756.02294458,1.19001,SLS,52.425161032542,4,0,0,2,3,0,0,0,0,1
2972,SDSS J233936.96+010012.8,23h39m36.9685s,+01d00m12.831s,354.9040355327,1.0035642305,G,196957.64905684,0.65698,SLS,52.4252194517128,2,0,19,2,1,4,0,0,0,1
2973,SDSS J233410.97+001503.7,23h34m10.9797s,+00d15m03.768s,353.5457488752,0.2510466699,G,126470.44633188,0.42186,UUN,52.427048111427,4,0,15,2,3,4,0,0,0,1
2974,DEEP2 33029987,23h34m11.9520s,+00d11m18.380s,353.5498,0.18843888889,G,265397.87667318,0.885272026,SLS,52.4294895191451,5,0,0,2,3,0,0,0,0,1
2975,DEEP2 33023950,23h34m14.7144s,+00d06m36.990s,353.56131,0.110275,G,261962.84299751,0.873813987,SLS,52.4303615044429,5,0,0,2,3,0,0,0,0,1
2977,DEEP2 33029989,23h34m11.9376s,+00d11m13.380s,353.54974,0.18705,G,40559.2199363157,0.135290995,UUN?,52.4415523874379,4,0,0,2,1,0,0,0,0,1
2979,WISEA J233628.84-003240.7,23h36m28.8403s,-00d32m40.753s,354.1201679,-0.5446538,G,10794.1683527453,0.03600547,SLS,52.4430723574544,10,0,56,7,4,8,0,0,0,1
2980,DEEP2 33030005,23h34m12.2688s,+00d10m25.716s,353.55112,0.17381,G,99919.9310711204,0.333297014,UUN?,52.4467460086405,4,0,0,2,1,0,0,0,0,1
2981,WISEA J233524.35+005628.0,23h35m24.2928s,+00d56m28.241s,353.85122,0.94117814,G,216114.38712304,0.72088,SLS,52.4476467366258,4,0,21,5,3,4,0,0,0,1
2982,DEEP2 33036430,23h34m10.7952s,+00d16m16.766s,353.54498,0.27132388889,G,242840.290265296,0.810028017,SLS,52.4515758335394,4,0,0,2,3,0,0,0,0,1
2983,WISEA J233456.51+004918.2,23h34m56.5154s,+00d49m18.278s,353.735481,0.8217441,G,152636.062252908,0.5091391,SLS,52.4610347766047,4,0,27,3,1,4,0,0,0,1
2985,WISEA J233411.90+002204.6,23h34m11.8368s,+00d22m04.951s,353.54932,0.36804194444,G,393498.580601211,1.31256998,UUN?,52.4771414821724,5,0,12,3,1,0,0,0,0,1
2986,DEEP2 33036292,23h34m10.6632s,+00d16m38.164s,353.54443,0.27726777778,G,300679.84367568,1.00296,UUN,52.4835951703772,5,0,0,2,3,0,0,0,0,1
2987,DEEP2 33017212,23h34m15.9000s,+00d04m55.124s,353.56625,0.08197888889,G,294840.486178756,0.983482,SLS,52.490990009372,6,0,0,2,3,0,0,0,0,1
2988,WISEA J233414.09+002609.1,23h34m14.0972s,+00d26m09.100s,353.5587384,0.4358612,G,66978.4977508688,0.22341622,SLS,52.5008738223572,10,0,63,6,3,10,0,0,1,1
2990,DEEP2 33042432,23h34m10.7808s,+00d18m51.364s,353.54492,0.31426777778,G,392317.401314615,1.30862999,UUN?,52.5025922127178,4,0,0,2,1,0,0,0,0,1
2992,WISEA J234110.52+001432.9,23h41m10.4879s,+00d14m34.018s,355.2936999077,0.2427828569,G,124638.7144135,0.41575,SLS,52.5108290748595,2,0,31,3,1,4,0,0,0,1
2993,DEEP2 33017676,23h34m15.8496s,+00d04m53.086s,353.56604,0.08141277778,G,294986.78489826,0.98397,SLS,52.5108422550866,6,0,0,2,3,0,0,0,0,1
2994,SDSS J233446.96+004609.6,23h34m46.9687s,+00d46m09.659s,353.6957029061,0.7693498485,G,220764.16814662,0.73639,SLS,52.5159266504857,2,0,15,1,1,4,0,0,0,1
2995,DEEP2 33030136,23h34m11.3736s,+00d11m54.312s,353.54739,0.19842,G,265165.229931168,0.884496,SLS,52.5164134174899,5,0,0,2,3,0,0,0,0,1
2996,DEEP2 33042760,23h34m10.5696s,+00d18m03.427s,353.54404,0.30095194444,G,345915.5276633,1.15385,SLS,52.5271428178924,4,0,0,2,3,0,0,0,0,1
2997,WISEA J233414.09+000658.4,23h34m14.0328s,+00d06m59.479s,353.55847,0.11652194444,G,231343.84398944,0.77168,UUN,52.5277903039535,5,0,12,3,3,0,0,0,0,1
2998,DEEP2 33030119,23h34m11.5800s,+00d11m14.780s,353.54825,0.18743888889,G,245482.05630872,0.81884,UUN,52.5280973433821,5,0,0,2,3,0,0,0,0,1
2999,WISEA J233701.03-003500.2,23h37m01.0531s,-00d35m00.391s,354.25438791667,-0.58344194444,G,222242.14496456,0.74132,SLS,52.5450023715298,2,0,16,3,1,0,0,0,0,1
3001,WISEA J234101.16+000051.1,23h41m01.1677s,+00d00m51.188s,355.2548654,0.0142189,G,55716.4313172246,0.18585001,SLS,52.5562187926466,11,0,57,8,5,8,0,0,0,1
3002,WISEA J233550.34+010120.6,23h35m50.3652s,+01d01m21.661s,353.9598553944,1.0226836506,G,88471.75228038,0.29511,SLS,52.5634937261404,2,0,31,3,1,4,0,0,0,1
3003,WISEA J233438.73-000947.2,23h34m38.7345s,-00d09m47.203s,353.6613939,-0.1631122,G,102255.768804307,0.34108853,SLS,52.5684079845282,1,0,27,3,1,4,0,0,0,1
3004,WISEA J233952.75+005728.8,23h39m52.7808s,+00d57m29.145s,354.96992,0.958096,G,58953.40140946,0.19664738,SLS,52.568918788818,1,0,36,6,1,4,0,0,0,1
3005,SDSS J233434.13+004055.7,23h34m34.1372s,+00d40m55.787s,353.6422386311,0.6821631242,G,171778.08050942,0.57299,SLS,52.5813540875916,2,0,19,2,1,4,0,0,0,1
3006,WISEA J233410.41+001446.0,23h34m10.3848s,+00d14m46.222s,353.54327,0.24617277778,G,148124.157879309,0.494089007,SLS,52.5850879034773,4,0,16,4,3,0,0,0,0,1
3007,WISEA J233420.16+000032.5,23h34m20.1988s,+00d00m33.472s,353.5841618934,0.0092979472,G,108425.93828486,0.36167,SLS,52.6057774770523,2,0,31,3,1,3,0,0,0,1
3009,SDSS J233815.91-003516.4,23h38m15.9198s,-00d35m16.480s,354.5663325226,-0.5879112965,G,221087.94400126,0.73747,SLS,52.6207967308504,2,0,18,2,1,4,0,0,0,1
3010,DEEP2 33017440,23h34m14.6184s,+00d05m46.179s,353.56091,0.09616083333,G,257608.961027278,0.859291,SLS,52.621687785347,5,0,0,2,3,0,0,0,0,1
3011,DEEP2 33042937,23h34m10.4880s,+00d19m50.761s,353.5437,0.33076694444,G,234467.381609342,0.782099,SLS,52.6274572032309,4,0,0,2,3,0,0,0,0,1
3012,WISEA J234104.40+000327.7,23h41m04.4640s,+00d03m26.766s,355.2686,0.057435009,G,47278.0500869908,0.1577026,SLS,52.6358564423112,1,0,35,5,1,4,0,0,0,1
3013,SDSS J233422.60+003432.1,23h34m22.6043s,+00d34m32.141s,353.5941846539,0.5755947977,G,153077.02697938,0.51061,SLS,52.6468477159821,2,0,19,2,1,4,0,0,0,1
3017,DEEP2 33036276,23h34m10.1664s,+00d13m36.120s,353.54236,0.2267,G,261959.840875836,0.873803973,UUN?,52.6932420082733,5,0,0,2,1,0,0,0,0,1
3019,WISEA J234010.73+005338.3,23h40m10.6853s,+00d53m39.573s,355.0445224439,0.8943259727,G,218833.5047171,0.72995,SLS,52.7361543393546,2,0,21,3,1,4,0,0,0,1
3021,SDSS J234007.68-002112.2,23h40m07.6822s,-00d21m12.200s,355.032009342,-0.3533890733,G,215346.91843056,0.71832,SLS,52.7366383906089,2,0,19,2,1,3,0,0,0,1
3022,WISEA J233437.56+004249.8,23h34m37.5199s,+00d42m49.758s,353.6563332035,0.7138216598,G,166189.9490923,0.55435,SLS,52.7513291635675,2,0,31,3,1,4,0,0,0,1
3023,DEEP2 33036317,23h34m09.5880s,+00d16m46.858s,353.53995,0.27968277778,G,405406.352022594,1.35229003,SLS,52.7526846469315,4,0,0,2,3,0,0,0,0,1
3024,WISEA J233644.61+010727.5,23h36m44.6180s,+01d07m27.757s,354.1859086543,1.1243769539,G,135185.41308594,0.45093,SLS,52.7526904743578,2,0,31,3,1,4,0,0,0,1
3025,DEEP2 33023537,23h34m11.3736s,+00d09m44.586s,353.54739,0.162385,G,408053.51043296,1.36112,SLS,52.7537296341352,4,0,0,2,3,0,0,0,0,1
3026,DEEP2 33048829,23h34m10.5168s,+00d21m39.704s,353.54382,0.36102888889,G,376248.52856374,1.25503,SLS,52.763332279408,4,0,0,2,3,0,0,0,0,1
3027,SDSS J233920.54-002952.4,23h39m20.5490s,-00d29m52.477s,354.8356212271,-0.4979104895,G,20089.09261058,0.06701,SLS,52.765930086105,2,0,19,2,1,4,0,0,0,1
3028,SDSS J234107.25+000542.8,23h41m07.2504s,+00d05m42.881s,355.28021,0.095244818,G,20588.5588373063,0.06867604,SLS,52.7966315239335,10,0,15,6,4,4,0,0,0,1
3032,WISEA J234100.99+003317.0,23h41m00.9918s,+00d33m17.038s,355.2541325,0.5547328,QSO,322947.438140809,1.0772367,SLS,52.8017304847565,41,0,47,18,27,8,0,1,0,2
3033,WISEA J234100.95-000006.8,23h41m00.9564s,-00d00m06.837s,355.253985,-0.0018992,G,161704.124564,0.5393869,SLS,52.8039313150148,4,0,27,3,1,4,0,0,0,1
3034,DEEP2 33036146,23h34m09.4032s,+00d15m50.778s,353.53918,0.264105,G,126021.061034847,0.420361012,UUN?,52.8039872197555,5,0,0,2,1,0,0,0,0,1
3035,DEEP2 33024030,23h34m12.2688s,+00d07m48.288s,353.55112,0.13008,G,245727.88612428,0.81966,UUN,52.8198591870796,4,0,0,2,3,0,0,0,0,1
3036,SDSS J233409.84+002029.7,23h34m09.8420s,+00d20m29.783s,353.5410084924,0.3416064451,G,265559.15722098,0.88581,UUN,52.8325912437916,4,0,15,2,3,4,0,0,0,1
3038,SDSS J233409.30+001812.2,23h34m09.3081s,+00d18m12.266s,353.5387838898,0.3034073749,G,225267.946645644,0.751412988,SLS,52.8466466611539,5,0,5,2,3,4,0,0,0,1
3039,DEEP2 33030186,23h34m09.9912s,+00d11m55.273s,353.54163,0.19868694444,G,275050.58644126,0.91747,UUN,52.8592151229364,4,0,0,2,3,0,0,0,0,1
3042,DEEP2 33042502,23h34m09.4992s,+00d19m42.718s,353.53958,0.32853277778,G,252041.514690175,0.840719998,UUN?,52.8661306608392,4,0,0,2,1,0,0,0,0,1
3043,WISEA J233931.44-002825.7,23h39m31.4440s,-00d28m25.743s,354.8810167,-0.4738176,G,21079.9456572895,0.07031513,SLS,52.8725115926183,17,0,86,10,8,10,0,0,1,1
3044,DEEP2 33030137,23h34m09.9912s,+00d11m43.807s,353.54163,0.19550194444,G,257426.094523125,0.858681023,SLS,52.8764784668843,5,0,0,2,3,0,0,0,0,1
3045,WISEA J233438.82+004339.5,23h34m38.8242s,+00d43m39.531s,353.6617676,0.7276476,*,47.3778959651277,0.00015803565,SLS,52.8882225139012,0,0,17,3,1,4,0,0,0,1
3046,WISEA J233410.03+001135.9,23h34m09.9840s,+00d11m37.248s,353.5416,0.19368,G,108390.259085056,0.361550987,UUN?,52.8884536871059,4,0,12,3,1,0,0,0,0,1
3047,WISEA J233411.34+000851.4,23h34m11.3088s,+00d08m52.483s,353.54712,0.14791194444,G,324849.11163964,1.08358,UUN,52.8896610636996,5,0,12,3,3,0,0,0,0,1
3048,WISEA J233859.36+010541.4,23h38m59.3611s,+01d05m41.406s,354.7473379,1.0948352,G,243134.68136258,0.81101,SLS,52.891247122123,2,0,35,4,1,4,0,0,0,1
3049,WISEA J233409.35+001933.3,23h34m09.3578s,+00d19m33.312s,353.5389912,0.3259201,G,37146.9746845483,0.12390897,SLS,52.8924133873357,11,0,62,8,4,8,0,0,0,1
3050,DEEP2 33036447,23h34m09.0384s,+00d15m29.966s,353.53766,0.25832388889,G,88232.8218884484,0.294313014,UUN?,52.901268773577,4,0,0,2,1,0,0,0,0,1
3051,WISEA J234112.06+001844.2,23h41m12.0670s,+00d18m44.201s,355.3002793,0.3122783,G,82537.5614352169,0.27531567,SLS,52.9092249617069,1,0,33,4,1,4,0,0,0,1
3052,WISEA J233408.93+001513.6,23h34m08.9712s,+00d15m13.806s,353.53738,0.253835,G,215304.34010692,0.718177974,SLS,52.9243609699563,5,0,12,3,3,0,0,0,0,1
3053,SHOC 607,23h34m14.8200s,+00d29m07.280s,353.56175,0.48535562,G,7148.33531044024,0.02384428,SLS,52.9457414522351,8,0,57,10,7,8,0,0,0,3
3054,WISEA J233838.17-003421.1,23h38m38.1784s,-00d34m21.148s,354.659077,-0.5725412,G,21818.988028902,0.07278031,SLS,52.9467130644569,16,0,64,11,8,8,0,0,0,1
3055,SDSS J234020.61+005117.8,23h40m20.6125s,+00d51m17.856s,355.0858856415,0.8549602259,G,75457.7616786,0.2517,SLS,52.9528672935064,2,0,19,2,1,4,0,0,0,1
3056,SDSS J233835.80+010743.5,23h38m35.8046s,+01d07m43.508s,354.6491859954,1.1287524041,G,76689.90868098,0.25581,SLS,52.9548896451948,2,0,15,1,1,4,0,0,0,1
3058,WISEA J233409.14+001307.8,23h34m09.1848s,+00d13m08.266s,353.53827,0.21896277778,G,312218.861379949,1.04145002,SLS,52.9665773400746,4,0,12,3,3,0,0,0,0,1
3059,DEEP2 33042839,23h34m08.8560s,+00d18m46.576s,353.5369,0.31293777778,G,205531.110473007,0.685577989,SLS,52.9800106596463,4,0,0,2,3,0,0,0,0,1
3060,DEEP2 33024056,23h34m12.4080s,+00d06m39.344s,353.5517,0.11092888889,G,231291.979894206,0.771507,SLS,52.9891445873454,4,0,0,2,3,0,0,0,0,1
3061,DEEP2 33023983,23h34m10.4448s,+00d09m41.065s,353.54352,0.16140694444,G,193213.54614535,0.644491017,SLS,52.9915946608123,5,0,0,2,3,0,0,0,0,1
3062,DEEP2 33030134,23h34m09.3312s,+00d12m08.478s,353.53888,0.202355,G,231821.106987142,0.773271978,SLS,53.004594697179,4,0,0,2,3,0,0,0,0,1
3063,WISEA J233959.17-002331.1,23h39m59.1730s,-00d23m31.180s,354.9965542,-0.3919946,G,108621.349004834,0.36232182,SLS,53.0068745376279,4,0,53,6,4,8,0,0,0,1
3064,DEEP2 33036424,23h34m08.5392s,+00d16m32.372s,353.53558,0.27565888889,G,238518.774188622,0.795612991,SLS,53.0146146490988,4,0,0,2,3,0,0,0,0,1
3065,WISEA J233413.56+000501.8,23h34m13.6080s,+00d05m02.652s,353.5567,0.08407,G,164640.924759531,0.549183011,UUN?,53.0222834581175,4,0,12,3,1,0,0,0,0,1
3066,SDSS J233739.79+010937.4,23h37m39.7972s,+01d09m37.412s,354.4158217762,1.1603922851,G,89649.93664032,0.29904,SLS,53.0239168732924,2,0,19,2,1,4,0,0,0,1
3067,WISEA J233552.62+010214.4,23h35m52.6254s,+01d02m14.428s,353.9692727,1.0373413,G,24201.3445577962,0.080726996,SLS,53.0245509156132,15,0,68,8,4,10,0,1,1,1
3068,SDSS J233628.24+010627.9,23h36m28.2459s,+01d06m27.963s,354.1176915404,1.1077676065,G,137613.73199574,0.45903,SLS,53.0449248387677,2,0,19,2,1,4,0,0,0,1
3069,SDSS J233409.35+002135.4,23h34m09.3572s,+00d21m35.443s,353.538988321,0.359845519,G,174919.90546926,0.58347,SLS,53.0451745872223,2,0,15,1,1,4,0,0,0,1
3070,GALEXMSC J234033.08-001421.0,23h40m33.0850s,-00d14m18.639s,355.13785416667,-0.23851083333,G,120570.53075844,0.40218,SLS,53.0556132149001,2,0,4,2,1,0,0,0,0,1
3071,WISEA J233841.94+010723.9,23h38m41.9451s,+01d07m23.931s,354.6747716,1.1233142,*,52.8762245514538,0.0001763761,SLS,53.0630387463543,0,0,17,3,1,4,0,0,0,1
3072,DEEP2 33036435,23h34m08.2752s,+00d16m02.406s,353.53448,0.267335,G,213093.977808898,0.710804999,UUN?,53.0835506472887,4,0,0,2,1,0,0,0,0,1
3073,DEEP2 33030036,23h34m09.7272s,+00d10m22.515s,353.54053,0.17292083333,G,376368.439551091,1.25542998,SLS,53.084010410233,4,0,0,2,3,0,0,0,0,1
3075,WISEA J233420.66-000114.1,23h34m20.6042s,-00d01m14.497s,353.5858511739,-0.0206936476,G,229170.34866894,0.76443,SLS,53.0867011050904,2,0,27,2,1,4,0,0,0,1
3077,WISEA J234039.78-001153.3,23h40m39.7833s,-00d11m53.392s,355.165764,-0.1981645,G,55705.7946808147,0.18581453,SLS,53.0879261535898,1,0,32,5,1,4,0,0,0,1
3080,WISEA J233815.38+010858.9,23h38m15.3843s,+01d08m58.984s,354.5641014,1.1497179,G,25513.83713809,0.085105,SUN,53.0998607563913,11,0,65,10,7,6,0,0,1,1
3082,WISEA J234108.80+000601.1,23h41m08.8046s,+00d06m01.123s,355.2866859,0.100312,G,54603.48479407,0.18213762,SLS,53.1154880758878,5,0,47,6,1,6,1,0,1,1
3083,WISEA J233438.22+004350.4,23h34m38.2046s,+00d43m51.554s,353.659186157,0.7309874466,G,222446.003836,0.742,SLS,53.1238915339736,2,0,35,4,1,4,0,0,0,1
3084,DEEP2 33036316,23h34m08.0280s,+00d16m46.664s,353.53345,0.27962888889,G,125508.1125417,0.41865,UUN,53.1426669816626,5,0,0,2,3,0,0,0,0,1
3085,DEEP2 33030103,23h34m09.2952s,+00d10m48.162s,353.53873,0.180045,G,257419.79198628,0.85866,UUN,53.1429269114258,4,0,0,2,3,0,0,0,0,1
3087,WISEA J233944.43-002636.8,23h39m44.4367s,-00d26m36.830s,354.9351529,-0.4435639,*,3.33771324919915,1.1133413e-05,SLS,53.1591148688051,0,0,23,4,1,4,0,0,0,1
3088,SDSS J233441.81+004522.9,23h34m41.8196s,+00d45m22.965s,353.6742486261,0.7563792536,G,275122.53663118,0.91771,SLS,53.159411363592,2,0,19,2,1,4,0,0,0,1
3090,DEEP2 33030202,23h34m09.0096s,+00d11m15.644s,353.53754,0.18767888889,G,413659.62939756,1.37982,UUN,53.1659376046167,4,0,0,2,3,0,0,0,0,1
3091,WISEA J233407.96+001743.0,23h34m07.9613s,+00d17m43.124s,353.5331723116,0.2953124266,G,231124.9954951,0.77095,UUN,53.1707656813548,4,0,27,3,3,3,0,0,0,1
3092,WISEA J234113.14+001432.2,23h41m13.1426s,+00d14m32.222s,355.3047611,0.2422841,QSO,534498.564343647,1.7828953,SLS,53.1751559890712,23,0,26,9,12,4,0,1,0,1
3093,DEEP2 33017498,23h34m13.9896s,+00d03m57.240s,353.55829,0.0659,G,274316.09491916,0.91502,SLS,53.1778632143451,4,0,0,2,3,0,0,0,0,1
3094,WISEA J233407.84+001638.1,23h34m07.8288s,+00d16m38.805s,353.53262,0.27744583333,G,336412.1067447,1.12215,UUN,53.1921946425766,5,0,12,3,3,0,0,0,0,1
3095,DEEP2 33029824,23h34m08.4312s,+00d12m32.227s,353.53513,0.20895194444,G,247875.599293392,0.826824,SLS,53.1970931668234,4,0,0,2,3,0,0,0,0,1
3097,DEEP2 33024061,23h34m11.4984s,+00d06m36.176s,353.54791,0.11004888889,G,262349.582163557,0.87510401,SLS,53.2224136937761,4,0,0,2,3,0,0,0,0,1
3099,DEEP2 33023984,23h34m09.4848s,+00d09m39.546s,353.53952,0.160985,G,226861.94674234,0.75673,UUN,53.2328453146779,4,0,0,2,3,0,0,0,0,1
3100,DEEP2 33042979,23h34m07.7424s,+00d18m10.954s,353.53226,0.30304277778,G,232593.370260403,0.775847971,SLS,53.2372419984162,5,0,0,2,3,0,0,0,0,1
3101,DEEP2 33023860,23h34m10.0848s,+00d08m31.063s,353.54202,0.14196194444,G,4640.187664924,0.015478,UUN?,53.2454244935854,4,0,0,2,1,0,0,0,0,1
3102,WISEA J233410.74+002536.0,23h34m10.6726s,+00d25m35.705s,353.544469408,0.4265849166,G,153724.57868866,0.51277,SLS,53.2461178397358,2,0,31,3,1,4,0,0,0,1
3103,DEEP2 33042958,23h34m07.8144s,+00d18m56.721s,353.53256,0.31575583333,G,284585.48556795,0.949275,SLS,53.2473611429772,4,0,0,2,3,0,0,0,0,1
3104,SDSS J233408.26+002048.4,23h34m08.2644s,+00d20m48.435s,353.5344351567,0.3467875299,G,75610.65583218,0.25221,SLS,53.2495654407488,2,0,19,2,1,4,0,0,0,1
3105,SDSS J233938.58-002746.2,23h39m38.5820s,-00d27m46.265s,354.9107586519,-0.4628515641,G,212426.93988964,0.70858,SLS,53.2800663930797,2,0,19,2,1,4,0,0,0,1
3107,DEEP2 33030080,23h34m08.3928s,+00d11m34.857s,353.53497,0.19301583333,G,392164.51015896,1.30812,SLS,53.2882363927234,4,0,0,2,3,0,0,0,0,1
3113,WISEA J233415.36+000201.2,23h34m15.3797s,+00d02m01.714s,353.5640821101,0.0338095747,G,172161.81485566,0.57427,SLS,53.333979054694,2,0,35,4,1,4,0,0,0,1
3114,WISEA J233547.65-002838.8,23h35m47.6563s,-00d28m38.899s,353.9485681,-0.477472,*,51.8311960096591,0.00017289026,SLS,53.3353833236502,0,0,17,3,1,4,0,0,0,1
3115,WISEA J233416.76+003223.3,23h34m16.7759s,+00d32m22.887s,353.5698998377,0.5396909656,G,153358.8318899,0.51155,SLS,53.3425964589647,2,0,27,2,1,4,0,0,0,1
3116,WISEA J233823.43-003540.0,23h38m23.4342s,-00d35m40.068s,354.5976426,-0.5944634,G,18247.8992422255,0.06086844,SLS,53.3534768972729,6,0,55,9,7,8,0,0,0,2
3117,WISEA J233407.48+001343.5,23h34m07.4816s,+00d13m43.573s,353.5311736,0.2287703,G,13231.9427166706,0.04413701,SLS,53.3565073332886,3,0,21,6,2,0,0,0,0,1
3118,DEEP2 33042804,23h34m07.6680s,+00d20m14.784s,353.53195,0.33744,G,301384.35595198,1.00531,SLS,53.3569718488229,4,0,0,2,3,0,0,0,0,1
3119,DEEP2 33024035,23h34m10.2312s,+00d07m34.014s,353.54263,0.126115,G,262417.33226114,0.87533,UUN,53.3619734501513,4,0,0,2,3,0,0,0,0,1
3120,DEEP2 33029810,23h34m07.6104s,+00d13m03.176s,353.53171,0.21754888889,G,265019.53079658,0.88401,UUN,53.3649123682793,4,0,0,2,3,0,0,0,0,1
3121,DEEP2 33011063,23h34m14.1504s,+00d03m00.453s,353.55896,0.05012583333,G,266001.950681446,0.887287,SLS,53.3719868619034,4,0,0,2,3,0,0,0,0,1
3122,DEEP2 33035932,23h34m07.1328s,+00d15m29.516s,353.52972,0.25819888889,G,17705.1428046885,0.0590579994,SLS,53.3777168274949,4,0,0,2,3,0,0,0,0,1
3123,SDSS J233409.56+000827.8,23h34m09.5686s,+00d08m27.853s,353.5398693528,0.1410704081,G,120288.72584792,0.40124,SLS,53.3810986196274,2,0,19,2,1,4,0,0,0,1
3124,WISEA J233407.11+001526.5,23h34m07.1100s,+00d15m26.583s,353.5296253,0.2573842,G,17742.0546311628,0.059181124,SLS,53.3844362775983,13,0,57,7,3,8,0,0,0,1
3125,DEEP2 33048990,23h34m07.8216s,+00d21m07.106s,353.53259,0.35197388889,G,224911.79920139,0.750225008,SLS,53.3853511343013,5,0,0,2,3,0,0,0,0,1
3126,WISEA J234007.09+005526.7,23h40m07.0959s,+00d55m26.701s,355.0295663,0.9240837,G,109085.076972642,0.36386865,SLS,53.3862365057018,2,0,27,3,2,4,0,0,0,1
3127,WISEA J233527.28+005818.7,23h35m27.2863s,+00d58m18.733s,353.8636931,0.9718705,G,50818.8178644651,0.16951333,SLS,53.3905193541011,1,0,41,4,1,6,0,0,1,1
3128,DEEP2 33035934,23h34m07.0752s,+00d15m29.494s,353.52948,0.25819277778,G,17725.2286895198,0.0591249987,SLS,53.3921211923426,5,0,0,2,3,0,0,0,0,1
3130,DEEP2 33023985,23h34m08.8392s,+00d09m39.538s,353.53683,0.16098277778,G,378089.25425586,1.26117,UUN,53.3928877492965,4,0,0,2,3,0,0,0,0,1
3132,DEEP2 33036427,23h34m06.9720s,+00d16m27.022s,353.52905,0.27417277778,G,414954.73281612,1.38414,SLS,53.4065885649633,5,0,0,2,3,0,0,0,0,1
3134,DEEP2 33030141,23h34m08.0496s,+00d11m06.453s,353.53354,0.18512583333,G,261839.028412564,0.873400986,SLS,53.4202644912603,4,0,0,2,3,0,0,0,0,1
3141,WISEA J233453.36-001641.6,23h34m53.4381s,-00d16m42.812s,353.7226589534,-0.2785590451,G,151071.41543536,0.50392,SLS,53.4436236047276,2,0,31,3,1,4,0,0,0,1
3143,SDSS J233938.23-002802.2,23h39m38.2303s,-00d28m02.295s,354.9092932803,-0.467304326,G,211950.26988142,0.70699,SLS,53.4543417734689,2,0,19,2,1,4,0,0,0,1
3144,DEEP2 33036469,23h34m06.9576s,+00d14m24.576s,353.52899,0.24016,G,231285.089764144,0.771484017,SLS,53.4549482417518,4,0,0,2,3,0,0,0,0,1
3145,SDSS J233439.37+004458.4,23h34m39.3722s,+00d44m58.467s,353.6640509273,0.7495743799,G,155352.4517356,0.5182,SLS,53.4570172886223,2,0,19,2,1,4,0,0,0,1
3146,SDSS J234108.98+000434.2,23h41m08.9856s,+00d04m34.236s,355.28744,0.0761769,G,20977.6789550543,0.069974005,SLS,53.4669330936761,9,0,19,5,4,4,0,0,0,1
3147,WISEA J234109.67+000520.3,23h41m09.6725s,+00d05m20.335s,355.2903023,0.0889822,G,27581.5761721436,0.092002235,SLS,53.4671867613127,16,0,64,9,6,10,0,0,1,1
3148,DEEP2 33048838,23h34m07.4352s,+00d20m57.364s,353.53098,0.34926777778,G,225060.201264779,0.750720024,SLS,53.4681379167953,5,0,0,2,3,0,0,0,0,1
3150,WISEA J233738.54+011004.4,23h37m38.5457s,+01d10m04.423s,354.4106073,1.1678954,G,80557.8969284368,0.26871222,SLS,53.4761896295298,2,0,41,6,2,4,0,0,0,1
3151,DEEP2 33023819,23h34m09.4128s,+00d07m56.996s,353.53922,0.13249888889,G,94937.0737314759,0.316675991,UUN?,53.5003580360441,4,0,0,2,1,0,0,0,0,1
3152,DEEP2 33036380,23h34m06.8544s,+00d13m56.582s,353.52856,0.23238388889,G,231274.591931642,0.771449,SLS,53.501882178155,4,0,0,2,3,0,0,0,0,1
3153,WISEA J234109.40+000450.6,23h41m09.4017s,+00d04m50.661s,355.2891738,0.0807393,G,20222.9094710952,0.067456365,SLS,53.5074859785037,6,0,38,7,2,4,0,0,0,1
3154,WISEA J233410.86+000557.0,23h34m10.8408s,+00d05m57.454s,353.54517,0.09929277778,G,287423.913365275,0.958742976,UUN?,53.5085207579626,5,0,12,3,1,0,0,0,0,1
3155,SDSS J234038.33-001313.0,23h40m38.3333s,-00d13m13.036s,355.1597223219,-0.22028777,G,165638.33096958,0.55251,SLS,53.5105457277287,2,0,19,2,1,4,0,0,0,1
3156,DEEP2 33049011,23h34m07.1328s,+00d20m34.800s,353.52972,0.343,G,278191.507526839,0.927946985,SLS,53.5142197385161,5,0,0,2,3,0,0,0,0,1
3157,DEEP2 33100416,23h34m12.4944s,+00d04m03.756s,353.55206,0.06771,G,339074.251780042,1.13102996,UUN?,53.5154634835286,5,0,0,2,1,0,0,0,0,1
3158,DEEP2 33023805,23h34m09.1632s,+00d08m13.578s,353.53818,0.137105,G,387754.56310178,1.29341,UUN,53.5179936175845,5,0,0,2,3,0,0,0,0,1
3161,WISEA J233412.09+000429.0,23h34m12.0768s,+00d04m28.866s,353.55032,0.074685,G,15385.0489722265,0.0513189994,UUN?,53.5206433475467,4,0,12,3,1,0,0,0,0,1
3163,GALEXMSC J233412.66+002931.6,23h34m12.7459s,+00d29m32.089s,353.55310791667,0.49224694444,G,103413.4083871,0.34495,SLS,53.5480367128085,2,0,4,2,1,0,0,0,0,1
3164,WISEA J233931.32+010226.8,23h39m31.3249s,+01d02m26.873s,354.8805207,1.0407983,G,40752.5635872914,0.13593592,SLS,53.5552844585306,2,0,36,6,1,4,0,0,0,1
3165,DEEP2 33042393,23h34m06.3360s,+00d16m58.018s,353.5264,0.28278277778,G,62512.72334216,0.20852,UUN,53.566614585238,4,0,0,2,3,0,0,0,0,1
3166,DEEP2 33049043,23h34m07.5216s,+00d22m17.644s,353.53134,0.37156777778,G,375633.95402484,1.25298,UUN,53.5722017220901,6,0,0,2,3,0,0,0,0,1
3167,GALEXASC J233406.44+001830.1,23h34m06.4368s,+00d18m31.708s,353.52682,0.30880777778,G,65351.75791942,0.21799,UUN,53.5748160363688,4,0,8,4,3,0,0,0,0,1
3169,DEEP2 33036219,23h34m06.2760s,+00d15m43.844s,353.52615,0.26217888889,G,122303.634255855,0.407961011,UUN?,53.5874543110475,4,0,0,2,1,0,0,0,0,1
3170,DEEP2 33035948,23h34m06.1608s,+00d16m55.423s,353.52567,0.28206194444,G,204977.09730834,0.68373,UUN,53.6101360833709,4,0,0,2,2,0,0,0,0,1
3171,DEEP2 33023796,23h34m08.5536s,+00d08m35.329s,353.53564,0.14314694444,G,341976.25476518,1.14071,UUN,53.6131455687123,4,0,0,2,3,0,0,0,0,1
3172,DEEP2 33042889,23h34m06.1008s,+00d17m47.691s,353.52542,0.29658083333,G,225163.019585137,0.751062989,SLS,53.6374348721093,4,0,0,2,3,0,0,0,0,1
3173,WISEA J234107.31+003058.6,23h41m07.3189s,+00d30m58.645s,355.2804956,0.5162903,G,40192.1375621553,0.13406654,SLS,53.6411585714256,1,0,35,6,2,4,0,0,0,2
3174,WISEA J233408.50+000824.0,23h34m08.5104s,+00d08m25.101s,353.53546,0.14030583333,G,271458.781396151,0.905489028,SLS,53.6495603111963,4,0,12,3,3,0,0,0,0,1
3175,SDSS J234056.92-000505.5,23h40m56.9230s,-00d05m05.502s,355.2371792032,-0.0848618219,G,114298.87253708,0.38126,SLS,53.6603777288105,2,0,19,2,1,4,0,0,0,1
3176,WISEA J233628.12-003354.6,23h36m28.1292s,-00d33m54.648s,354.1172051,-0.56518,*,7.270227626146,2.4250869e-05,SLS,53.6617519028561,0,0,31,6,1,4,0,0,0,1
3177,WISEA J234113.29+002351.4,23h41m13.2932s,+00d23m51.432s,355.3053884,0.39762,*,54.5504575040989,0.00018196074,SLS,53.6653397245268,0,0,17,3,1,4,0,0,0,1
3179,2MASX J23353970+0100586,23h35m39.7257s,+01d00m58.593s,353.915524,1.016276,G,26273.1706624297,0.087637864,SLS,53.6871611873422,17,0,44,8,6,6,0,0,1,1
3181,WISEA J234112.22+000724.9,23h41m12.2206s,+00d07m24.935s,355.3009192,0.1235933,G,10857.1268674725,0.036215477,SLS,53.6961167736466,14,0,57,12,9,8,0,0,0,2
3182,WISEA J234101.38+003540.5,23h41m01.3843s,+00d35m40.512s,355.2557679,0.5945867,*,0.943198996921725,3.1461732e-06,SLS,53.6969036342828,0,0,23,4,1,4,0,0,0,1
3183,WISEA J233437.91+004450.5,23h34m37.9103s,+00d44m50.560s,353.6579597,0.747378,G,39464.8950216898,0.13164072,SLS,53.6976727356625,5,0,42,7,1,4,0,0,0,1
3184,WISEA J234017.62+005314.5,23h40m17.6290s,+00d53m14.505s,355.0734543,0.8873626,G,105786.904250106,0.35286713,SLS,53.6989505657692,4,0,27,3,2,4,0,0,0,1
3185,WISEA J233406.20+001311.8,23h34m06.2068s,+00d13m11.881s,353.5258618,0.219967,G,10516.9553633044,0.035080787,SLS,53.7056398281027,2,0,36,7,2,4,0,0,0,1
3187,DEEP2 33024057,23h34m09.4632s,+00d06m38.426s,353.53943,0.11067388889,G,271789.751370405,0.906593025,UUN?,53.7152727967744,4,0,0,2,1,0,0,0,0,1
3188,WISEA J233851.97+010716.0,23h38m51.9728s,+01d07m16.099s,354.7165534,1.1211388,G,18971.4573333823,0.06328197,SLS,53.7178406277289,8,0,62,9,5,8,0,0,0,1
3192,WISEA J233410.52+000510.6,23h34m10.5240s,+00d05m12.372s,353.54385,0.08677,G,242080.311287794,0.807493,SLS,53.7404256399487,5,0,12,3,3,0,0,0,0,1
3193,DEEP2 33100940,23h34m06.0432s,+00d19m55.729s,353.52518,0.33214694444,G,376170.58252466,1.25477,UUN,53.7416312464983,4,0,0,2,3,0,0,0,0,1
3194,DEEP2 33029695,23h34m06.0648s,+00d13m08.871s,353.52527,0.21913083333,G,10378.81489596,0.03462,UUN,53.7442770987694,4,0,0,2,2,0,0,0,0,1
3195,GALEXMSC J233455.86+005108.6,23h34m55.8470s,+00d51m07.898s,353.73269583333,0.85219388889,G,214507.49954816,0.71552,SLS,53.7468735209873,2,0,4,2,1,0,0,0,0,1
3197,DEEP2 33036468,23h34m05.7720s,+00d14m25.998s,353.52405,0.240555,G,264881.62266839,0.883549988,SLS,53.7501362600729,4,0,0,2,3,0,0,0,0,1
3198,SDSS J233415.59+000022.5,23h34m15.5914s,+00d00m22.503s,353.5649643083,0.0062509199,G,83426.24521224,0.27828,SLS,53.758808981622,2,0,23,3,1,4,0,0,0,1
3199,DEEP2 33036301,23h34m05.5872s,+00d15m23.320s,353.52328,0.25647777778,G,358620.747022963,1.19623005,SLS,53.7662611008767,5,0,0,2,3,0,0,0,0,1
3200,DEEP2 33042650,23h34m05.5512s,+00d17m22.650s,353.52313,0.289625,G,175236.790894045,0.584527016,UUN?,53.7671612060549,4,0,0,2,1,0,0,0,0,1
3201,DEEP2 33029720,23h34m05.9040s,+00d13m13.774s,353.5246,0.22049277778,G,10405.496424722,0.034709,SLS,53.7792079604555,5,0,0,2,2,0,0,0,0,1
3202,WISEA J233938.81+010132.8,23h39m38.8162s,+01d01m32.877s,354.9117344,1.0257993,G,109408.178294251,0.3649464,SLS,53.7925328040132,0,0,18,3,1,0,0,0,0,1
3203,WISEA J233546.74-002903.3,23h35m46.7413s,-00d29m03.370s,353.9447557,-0.4842695,G,164788.218490203,0.54967433,SLS,53.8024889211041,4,0,27,3,1,4,0,0,0,1
3204,DEEP2 33017521,23h34m11.3232s,+00d04m03.108s,353.54718,0.06753,G,297764.05593353,0.993233979,SLS,53.8026751795044,4,0,0,2,3,0,0,0,0,1
3205,SDSS J234054.67-000639.4,23h40m54.6773s,-00d06m39.463s,355.2278222219,-0.1109621965,G,132619.18964546,0.44237,SLS,53.8055227430848,2,0,15,1,1,4,0,0,0,1
3206,WISEA J234115.41+001316.5,23h41m15.4191s,+00d13m16.563s,355.3142463,0.2212676,G,80990.6053706156,0.27015558,SLS,53.8070397742295,1,0,35,5,1,4,0,0,0,1
3207,DEEP2 33048896,23h34m06.5040s,+00d22m08.706s,353.5271,0.369085,G,375711.90006392,1.25324,SLS,53.8096151727465,5,0,0,2,3,0,0,0,0,1
3208,WISEA J233834.57-003529.4,23h38m34.5715s,-00d35m29.447s,354.6440481,-0.5915131,G,188161.73833912,0.62764,SLS,53.8098801769331,2,0,30,3,1,4,0,0,0,1
3209,WISEA J233406.28+002136.7,23h34m06.2760s,+00d21m37.414s,353.52615,0.36039277778,G,265151.4394781,0.88445,UUN,53.8151476059007,5,0,12,3,3,0,0,0,0,1
3211,SDSS J233537.29+010042.9,23h35m37.2920s,+01d00m42.997s,353.9053835089,1.0119436357,G,141924.74754178,0.47341,SLS,53.8186382282063,2,0,19,2,1,4,0,0,0,1
3213,WISEA J233413.84+000140.8,23h34m13.7340s,+00d01m41.228s,353.557225,0.02811888889,G,145192.48533398,0.48431,SLS,53.8234747487836,2,0,12,2,1,0,0,0,0,1
3214,DEEP2 33017540,23h34m09.3600s,+00d06m11.890s,353.539,0.10330277778,G,264719.73833858,0.88301,UUN,53.8243534228171,4,0,0,2,3,0,0,0,0,1
3215,WISEA J234005.54-002312.7,23h40m05.5447s,-00d23m12.737s,355.0231033,-0.3868715,*,14.5667044803296,4.8589296e-05,SLS,53.8336779095187,0,0,22,4,1,4,0,0,0,1
3216,DEEP2 33036369,23h34m05.3832s,+00d14m32.992s,353.52243,0.24249777778,G,335039.069278758,1.11757004,UUN?,53.8426879579346,5,0,0,2,1,0,0,0,0,1
3218,WISEA J233502.02+005303.1,23h35m02.0256s,+00d53m02.648s,353.75844,0.884069,G,19584.0652337578,0.06532541,SLS,53.8480647380102,2,0,36,7,2,4,0,0,0,1
3221,SDSS J233534.65+010017.7,23h35m34.6564s,+01d00m17.732s,353.8944020057,1.0049257203,G,199382.97004206,0.66507,SLS,53.856508607667,2,0,19,2,1,4,0,0,0,1
3222,WISEA J233952.99-002553.7,23h39m52.9945s,-00d25m53.800s,354.9708105,-0.4316111,*,266543.645673806,0.8890939,SLS,53.865297144519,1,0,25,5,1,4,0,0,0,1
3224,WISEA J234115.75+001938.8,23h41m15.7584s,+00d19m38.989s,355.31566,0.327497,*,72.9172094662985,0.00024322563,SLS,53.8752474083205,0,0,17,3,1,4,0,0,0,1
3226,WISEA J233405.17+001438.8,23h34m05.2296s,+00d14m40.243s,353.52179,0.24451194444,G,261670.84904072,0.87284,UUN,53.8765926269855,4,0,12,3,3,0,0,0,0,1
3227,WISEA J233640.60-003508.9,23h36m40.6054s,-00d35m08.976s,354.1691893,-0.5858268,G,25.7159392257261,8.577914e-05,SLS,53.8792648456703,0,0,42,8,2,4,0,0,0,2
3229,DEEP2 33017441,23h34m09.4848s,+00d05m44.966s,353.53952,0.09582388889,G,260364.953093672,0.868484,SLS,53.8823195173165,5,0,0,2,3,0,0,0,0,1
3232,DEEP2 33030175,23h34m05.6904s,+00d12m20.865s,353.52371,0.20579583333,G,247763.4769141,0.82645,UUN,53.8949271462486,4,0,0,2,3,0,0,0,0,1
3233,2MASS J23344777-0015369,23h34m47.8008s,-00d15m37.662s,353.69917,-0.26046173,G,139139.666613186,0.46411997,SLS,53.8965078560602,2,0,25,4,1,4,0,0,0,1
3234,DEEP2 33042445,23h34m05.5008s,+00d20m18.063s,353.52292,0.33835083333,G,225257.761196884,0.751379013,SLS,53.9012326336468,4,0,0,2,3,0,0,0,0,1
3236,WISEA J233436.25+004435.5,23h34m36.2573s,+00d44m35.535s,353.6510723,0.7432044,G,39291.099337938,0.131061,SLS,53.9191501167552,13,0,54,6,3,8,1,0,0,1
3238,WISEA J233421.60+003724.7,23h34m21.6025s,+00d37m24.775s,353.5900105,0.6235486,*,7.576165829535,2.5271369e-05,SLS,53.9260288517707,0,0,23,4,1,4,0,0,0,1
3239,SDSS J234105.58-000011.2,23h41m05.5872s,-00d00m11.340s,355.27328,-0.00315,G,56678.1865079606,0.18905808,SLS,53.9266655516662,1,0,15,2,1,4,0,0,0,1
3240,WISEA J233405.19+001357.7,23h34m05.1336s,+00d13m58.101s,353.52139,0.23280583333,G,281947.004350488,0.940473974,UUN?,53.9303091786721,4,0,12,3,1,0,0,0,0,1
3241,WISEA J233836.70+010842.0,23h38m36.7176s,+01d08m42.385s,354.65299,1.145107,G,10805.5769547344,0.036043525,SLS,53.9617375436443,4,0,36,8,4,4,0,0,0,1
3242,WISEA J233854.87+010716.0,23h38m54.8734s,+01d07m16.062s,354.7286393,1.1211285,G,40650.9909045964,0.13559711,SLS,53.9624254999985,6,0,43,6,3,6,0,0,1,1
3243,DEEP2 33036247,23h34m04.8696s,+00d14m45.967s,353.52029,0.24610194444,G,224418.935603758,0.748580992,SLS,53.9632044364799,4,0,0,2,3,0,0,0,0,1
3245,DEEP2 33042792,23h34m04.8624s,+00d18m29.775s,353.52026,0.30827083333,G,229175.437346122,0.764446974,SLS,53.9670173866846,5,0,0,2,3,0,0,0,0,1
3246,WISEA J233405.08+001930.0,23h34m05.0088s,+00d19m30.864s,353.52087,0.32524,G,209821.141146572,0.699887991,SLS,53.9757891828516,5,0,30,6,4,0,0,0,0,1
3248,WISEA J234105.79-000012.8,23h41m05.7995s,-00d00m12.843s,355.2741647,-0.0035675,G,57023.8951788279,0.19021124,SLS,53.9849088690876,7,0,43,6,3,6,0,0,1,1
3249,SDSS J233631.02+010743.8,23h36m31.0277s,+01d07m43.888s,354.1292824495,1.1288579355,G,84337.61428456,0.28132,SLS,54.0082856762216,2,0,19,2,1,4,0,0,0,1
3250,2MASS J23382109-0036272,23h38m21.0943s,-00d36m27.208s,354.587893,-0.607558,G,22523.7371412438,0.0751311,SLS,54.0107007935352,10,0,27,5,4,4,0,0,0,1
3252,WISEA J234032.17+004925.8,23h40m32.1739s,+00d49m25.874s,355.1340579,0.8238539,G,151658.810790018,0.50587934,SLS,54.0144119956972,4,0,30,4,1,4,0,0,0,1
3254,SDSS J233820.87-003628.0,23h38m20.8824s,-00d36m28.044s,354.58701,-0.60779,G,22318.7738343885,0.074447416,SLS,54.0144716042875,4,0,15,3,2,4,0,0,0,2
3255,SDSS J234116.15+001252.9,23h41m16.1593s,+00d12m52.936s,355.3173306238,0.2147046776,G,161537.17014414,0.53883,SLS,54.0174301846305,2,0,19,2,1,4,0,0,0,1
3257,DEEP2 33011104,23h34m11.6664s,+00d02m46.755s,353.54861,0.04632083333,G,60485.8253344522,0.201758996,UUN?,54.030689767631,4,0,0,2,1,0,0,0,0,1
3258,DEEP2 33048752,23h34m05.0832s,+00d20m41.251s,353.52118,0.34479194444,G,336735.876603491,1.12322998,UUN?,54.033228947239,5,0,0,2,1,0,0,0,0,1
3259,DEEP2 33023849,23h34m06.0648s,+00d09m59.050s,353.52527,0.16640277778,G,77509.5406615671,0.258543998,UUN?,54.0398874017016,4,0,0,2,1,0,0,0,0,1
3260,WISEA J233934.67-002918.9,23h39m34.6751s,-00d29m18.971s,354.8944796,-0.4886032,G,106908.688654922,0.356609,SUN,54.0518512496276,6,0,36,7,3,4,4,0,0,1
3261,DEEP2 33023722,23h34m06.5760s,+00d08m53.678s,353.5274,0.14824388889,G,102076.632917501,0.340490997,UUN?,54.0575963209032,4,0,0,2,1,0,0,0,0,1
3262,WISEA J233428.00+004111.8,23h34m28.0134s,+00d41m12.415s,353.6167226447,0.6867820294,G,301678.15256082,1.00629,SLS,54.0687111369602,5,0,25,5,3,4,0,0,0,1
3264,DEEP2 33042982,23h34m04.3512s,+00d17m55.320s,353.51813,0.2987,G,405496.268774522,1.35258996,UUN?,54.0776756140211,4,0,0,2,1,0,0,0,0,1
3266,WISEA J233451.77+005027.1,23h34m51.7774s,+00d50m27.100s,353.7157394,0.8408612,G,141741.154640501,0.4727976,SLS,54.102377618867,4,0,33,4,1,4,0,0,0,1
3267,WISEA J233427.54+004102.8,23h34m27.5359s,+00d41m02.929s,353.614733,0.684147,*,2.86248314415493,9.548216e-06,SLS,54.1034149048941,0,0,23,4,1,4,0,0,0,1
3269,GALEXMSC J234058.82-000512.7,23h40m58.7021s,-00d05m11.378s,355.24459208333,-0.08649388889,G,190146.36441108,0.63426,SLS,54.1068496087037,2,0,4,2,1,0,0,0,0,1
3270,DEEP2 33029834,23h34m04.9440s,+00d12m01.724s,353.5206,0.20047888889,G,350853.118440334,1.17032003,UUN?,54.1069738369893,5,0,0,2,1,0,0,0,0,1
3271,DEEP2 33011099,23h34m11.1408s,+00d02m55.035s,353.54642,0.04862083333,G,32895.3279383434,0.109727003,UUN?,54.1226735345419,5,0,0,2,1,0,0,0,0,1
3274,DEEP2 33029838,23h34m04.9080s,+00d11m50.622s,353.52045,0.197395,G,113.621343080962,0.000379000005,SLS,54.1318913272427,4,0,0,2,1,0,0,0,0,1
3276,WISEA J234106.58-000007.0,23h41m06.5814s,-00d00m07.095s,355.2774227,-0.001971,G,56802.0997246258,0.18947141,SLS,54.141042386989,19,0,66,10,10,10,1,0,1,1
3277,DEEP2 33042961,23h34m04.1760s,+00d18m46.771s,353.5174,0.31299194444,G,376629.255991626,1.25629997,SLS,54.1491595692134,5,0,0,2,3,0,0,0,0,1
3278,DEEP2 33017446,23h34m08.5464s,+00d05m32.085s,353.53561,0.09224583333,G,273587.59924622,0.91259,UUN,54.1555939589423,6,0,0,2,3,0,0,0,0,1
3279,DEEP2 33036401,23h34m04.0368s,+00d15m11.808s,353.51682,0.25328,G,285792.1502114,0.9533,UUN,54.1583975818739,5,0,0,2,3,0,0,0,0,1
3280,SDSS J233407.13+002552.5,23h34m07.1359s,+00d25m52.520s,353.5297330944,0.4312556254,G,123046.81646152,0.41044,SLS,54.1650489342616,2,0,23,3,1,4,0,0,0,1
3281,WIG S00J233954597-00255806,23h39m54.5969s,-00d25m58.058s,354.97748708333,-0.43279388889,G,85219.00411108,0.28426,SLS,54.1681209396648,2,0,0,1,1,0,0,0,0,1
3282,WISEA J233403.98+001506.1,23h34m03.9862s,+00d15m06.119s,353.5166093,0.2516998,G,329645.805957263,1.09958005,SLS,54.1735774390882,5,0,12,3,3,0,0,0,0,1
3283,DEEP2 33042742,23h34m03.8880s,+00d17m24.334s,353.5162,0.29009277778,G,313747.808911598,1.04655004,SLS,54.1833218960848,5,0,0,2,3,0,0,0,0,1
3284,WISEA J233522.80+005826.2,23h35m22.7140s,+00d58m26.774s,353.8446418729,0.9741040129,G,126716.27614744,0.42268,SLS,54.214710295318,3,0,31,3,1,4,0,0,0,1
3285,WISEA J234112.52+002810.0,23h41m12.5250s,+00d28m10.083s,355.3021876,0.4694677,*,21.3854371699161,7.133414e-05,SLS,54.2283349704845,0,0,23,4,1,4,0,0,0,1
3287,2MASX J23395499-0025580,23h39m55.0000s,-00d25m58.200s,354.97916666667,-0.43283333333,G,83009.8035088322,0.2768909,SLS,54.2323578883487,9,0,36,8,7,6,0,0,1,1
3288,DEEP2 33017640,23h34m07.4352s,+00d06m32.202s,353.53098,0.108945,G,271605.97109884,0.90598,UUN,54.2327151208908,4,0,0,2,3,0,0,0,0,1
3289,SDSS J233405.63+002354.7,23h34m05.6352s,+00d23m54.713s,353.5234803669,0.3985316432,G,153799.52680316,0.51302,SLS,54.2353785187787,2,0,19,2,1,4,0,0,0,1
3290,WISEA J233514.07+005636.2,23h35m14.0760s,+00d56m36.282s,353.8086502,0.9434119,G,25368.7705655884,0.08462111,SLS,54.2405648880731,15,0,76,8,4,10,3,0,1,1
3291,SDSS J233724.23+011041.2,23h37m24.2395s,+01d10m41.253s,354.3509982852,1.1781258808,G,161902.9169429,0.54005,SLS,54.2419509696141,2,0,23,3,1,4,0,0,0,1
3292,DEEP2 33042392,23h34m03.6336s,+00d17m03.091s,353.51514,0.28419194444,G,163371.8999871,0.54495,UUN,54.2428255048045,5,0,0,2,3,0,0,0,0,1
3294,DEEP2 33036981,23h34m03.6192s,+00d15m59.954s,353.51508,0.26665388889,G,157856.32494025,0.526552022,UUN?,54.2479128749766,4,0,0,2,1,0,0,0,0,1
3295,DEEP2 33036812,23h34m03.5952s,+00d16m39.342s,353.51498,0.277595,G,215520.7980562,0.7189,UUN,54.2505899762056,5,0,0,2,3,0,0,0,0,1
3297,DEEP2 33017314,23h34m08.4456s,+00d05m07.548s,353.53519,0.08543,G,273615.180152356,0.912682,SLS,54.2652672511004,6,0,0,2,3,0,0,0,0,1
3299,GALEXMSC J233403.73+001835.6,23h34m03.6670s,+00d18m35.798s,353.51527916667,0.30994388889,G,271830.81544234,0.90673,SLS,54.2692763516674,2,0,4,2,1,0,0,0,0,1
3301,DEEP2 33017388,23h34m08.2992s,+00d05m04.426s,353.53458,0.08456277778,G,272103.62657912,0.90764,UUN,54.3120599152523,6,0,0,2,3,0,0,0,0,1
3302,DEEP2 33023747,23h34m06.3576s,+00d07m31.159s,353.52649,0.12532194444,G,101511.221343788,0.338604987,UUN?,54.3245734563156,5,0,0,2,1,0,0,0,0,1
3303,DEEP2 33011055,23h34m10.5984s,+00d02m36.402s,353.54416,0.043445,G,211782.38610494,0.70643,UUN,54.3330351502571,4,0,0,2,3,0,0,0,0,1
3304,SDSS J233427.32+004127.0,23h34m27.3232s,+00d41m27.040s,353.6138470445,0.6908445553,G,152915.13905206,0.51007,SLS,54.3334323883073,2,0,19,2,1,4,0,0,0,1
3305,DEEP2 33023979,23h34m04.9008s,+00d09m51.174s,353.52042,0.164215,G,64560.0072370118,0.215349004,UUN?,54.3448525902543,4,0,0,2,1,0,0,0,0,1
3308,WISEA J233636.09-003518.1,23h36m36.0955s,-00d35m18.174s,354.1503982,-0.5883818,G,125097.39687424,0.41728,SLS,54.3503102171142,2,0,31,3,1,4,0,0,0,1
3309,DEEP2 33024031,23h34m06.1152s,+00d07m42.438s,353.52548,0.128455,G,63954.1266793938,0.213328004,UUN?,54.3532449114033,5,0,0,2,1,0,0,0,0,1
3310,DEEP2 33030157,23h34m03.6336s,+00d13m01.891s,353.51514,0.21719194444,G,190212.31875184,0.63448,SLS,54.358347085159,4,0,0,2,3,0,0,0,0,1
3312,WISEA J233435.68-001202.1,23h34m35.6895s,-00d12m02.198s,353.6487066,-0.2006108,G,25227.478380133,0.08414981,SLS,54.3786291620945,1,0,32,5,1,4,0,0,0,1
3313,WISEA J233949.01-002715.6,23h39m49.0293s,-00d27m17.384s,354.9542888947,-0.4548289193,G,187322.31945672,0.62484,SLS,54.3798996614604,2,0,31,3,1,4,0,0,0,1
3314,DEEP2 33100415,23h34m07.1184s,+00d06m09.194s,353.52966,0.10255388889,G,422341.612985391,1.40877998,UUN?,54.3829082985424,4,0,0,2,1,0,0,0,0,1
3315,DEEP2 33017647,23h34m07.0680s,+00d06m10.173s,353.52945,0.10282583333,G,42405.0453979387,0.141448006,UUN?,54.3921419643334,4,0,0,2,1,0,0,0,0,1
3317,SDSS J234117.64+002024.9,23h41m17.6441s,+00d20m24.982s,355.3235173526,0.3402729755,G,154728.88342296,0.51612,SLS,54.3943023001948,2,0,15,1,1,4,0,0,0,1
3321,WISEA J233404.00+002211.1,23h34m04.0200s,+00d22m11.064s,353.51675,0.36974,G,264941.5847575,0.88375,UUN,54.4313529371974,4,0,12,3,3,0,0,0,0,1
3322,WISEA J233409.50+000311.6,23h34m09.5136s,+00d03m12.117s,353.53964,0.05336583333,G,265828.377143906,0.886708021,SLS,54.4455917579748,5,0,16,4,3,0,0,0,0,1
3323,WISEA J233435.10+004506.7,23h34m35.0407s,+00d45m07.561s,353.6460029868,0.752100321,G,133350.68324298,0.44481,SLS,54.4569837680017,2,0,27,2,1,4,0,0,0,1
3324,DEEP2 33043535,23h34m03.0384s,+00d19m20.870s,353.51266,0.32246388889,QSO,599566.940444218,1.99994004,UUN?,54.4590188840338,4,0,0,2,1,0,0,0,0,1
3325,WISEA J233800.19+011050.3,23h38m00.1982s,+01d10m50.351s,354.5008261,1.1806533,G,185109.85111668,0.61746,SLS,54.4600037613782,2,0,35,4,1,4,0,0,0,1
3326,WISEA J234012.64+005536.7,23h40m12.6486s,+00d55m36.760s,355.0527026,0.9268779,G,50951.2152076917,0.16995496,SLS,54.4677716290352,7,0,56,8,5,8,0,0,0,1
3328,WISEA J233403.49+002112.0,23h34m03.4488s,+00d21m12.463s,353.51437,0.35346194444,G,359622.03884306,1.19957,UUN,54.4821648725904,4,0,12,3,3,0,0,0,0,1
3329,DEEP2 33043436,23h34m02.6664s,+00d17m20.907s,353.51111,0.28914083333,G,224627.293760408,0.749276,SLS,54.4878723587526,4,0,0,2,3,0,0,0,0,1
3330,SDSS J233534.89+010107.2,23h35m34.8935s,+01d01m07.293s,353.8953895889,1.0186926389,G,144988.62646254,0.48363,SLS,54.494601935488,2,0,19,2,1,4,0,0,0,1
3331,WISEA J233601.89-003159.4,23h36m01.8840s,-00d31m59.339s,354.00785,-0.53314985,G,24955.3705564594,0.083242156,SLS,54.4970613482381,8,0,55,8,6,8,0,0,0,1
3332,WISEA J234008.61-002325.9,23h40m08.6117s,-00d23m25.910s,355.0358823,-0.3905308,G,20615.4682083364,0.0687658,SLS,54.5137573778879,11,0,63,8,7,10,0,0,1,1
3333,WISEA J234009.91+005619.8,23h40m09.9149s,+00d56m19.844s,355.0413123,0.9388456,QSO,214497.156708359,0.7154855,SLS,54.5141639665763,39,0,56,14,22,8,0,1,0,1
3334,WISEA J233405.86+000707.0,23h34m05.8296s,+00d07m08.907s,353.52429,0.11914083333,G,221039.97720798,0.73731,UUN,54.5177993924204,4,0,12,3,3,0,0,0,0,1
3335,DEEP2 33010996,23h34m09.8136s,+00d02m35.808s,353.54089,0.04328,G,191686.691764642,0.639397979,SLS,54.5251808906507,5,0,0,2,3,0,0,0,0,1
3336,WISEA J233859.23-003416.6,23h38m59.2332s,-00d34m16.612s,354.746805,-0.5712812,*,5.12248357841083,1.7086766e-05,SLS,54.5426017764417,0,0,23,4,1,4,0,0,0,1
3338,WISEA J233413.38+003343.3,23h34m13.3787s,+00d33m43.284s,353.5557448954,0.5620234017,G,207981.0177375,0.69375,SLS,54.5598983937413,3,0,34,5,1,4,0,0,0,1
3339,SDSS J233952.62-002651.0,23h39m52.6263s,-00d26m51.078s,354.9692763713,-0.4475217549,G,156725.50119324,0.52278,SLS,54.5658660731745,2,0,19,2,1,4,0,0,0,1
3340,SDSS J234114.91+000614.5,23h41m14.9187s,+00d06m14.571s,355.31216164,0.1040476393,G,190359.21705626,0.63497,SLS,54.5712472963238,2,0,19,2,1,3,0,0,0,1
3342,DEEP2 33017532,23h34m06.0864s,+00d06m28.904s,353.52536,0.10802888889,G,237634.38254022,0.792662978,SLS,54.5742584676118,5,0,0,2,3,0,0,0,0,1
3343,WISEA J233402.93+002037.5,23h34m02.8848s,+00d20m38.472s,353.51202,0.34402,G,345549.771870766,1.15262997,SLS,54.577814853409,4,0,12,3,3,0,0,0,0,1
3345,DEEP2 33017660,23h34m06.4968s,+00d05m47.389s,353.52707,0.09649694444,G,274472.586582236,0.915542,SLS,54.6062098726734,5,0,0,2,3,0,0,0,0,1
3348,DEEP2 33049316,23h34m03.2736s,+00d22m17.673s,353.51364,0.37157583333,G,13201.36088803,0.044035,SLS,54.6283358913241,5,0,0,2,3,0,0,0,0,1
3349,GALEXMSC J233407.49+000438.6,23h34m07.3680s,+00d04m39.212s,353.5307,0.07755888889,G,277502.8887477,0.92565,UUN,54.6299413118721,4,0,4,3,3,0,0,0,0,1
3350,WISEA J234044.67-001250.6,23h40m44.6734s,-00d12m50.616s,355.1861395,-0.2140601,G,80636.5025109244,0.26897442,SLS,54.6315211205283,2,0,45,9,2,4,0,0,0,1
3351,DEEP2 33017476,23h34m07.9248s,+00d04m01.808s,353.53302,0.06716888889,G,260664.747650219,0.869484007,UUN?,54.6341817341896,4,0,0,2,1,0,0,0,0,1
3353,WISEA J233403.05+002154.9,23h34m03.0536s,+00d21m54.966s,353.5127235,0.3652684,G,17272.3784811955,0.057614453,SLS,54.6449291736676,21,0,78,10,6,10,0,0,1,1
3354,DEEP2 33036856,23h34m02.0064s,+00d16m23.113s,353.50836,0.27308694444,G,224305.616452974,0.748203,SLS,54.6481891658274,4,0,0,2,3,0,0,0,0,1
3356,DEEP2 33036744,23h34m01.9992s,+00d15m55.778s,353.50833,0.26549388889,G,263106.853415578,0.877629995,SLS,54.6536956559993,5,0,0,2,3,0,0,0,0,1
3357,DEEP2 33049368,23h34m02.5056s,+00d20m23.226s,353.51044,0.339785,G,274808.653927654,0.916663,SLS,54.6541701381896,5,0,0,2,3,0,0,0,0,1
3358,DEEP2 33036859,23h34m01.9632s,+00d16m13.152s,353.50818,0.27032,G,242702.680730394,0.809569001,SLS,54.6598997349219,4,0,0,2,3,0,0,0,0,1
3359,WISEA J233404.96+000731.7,23h34m04.9872s,+00d07m31.771s,353.52078,0.125492,*,55.8174493838723,0.00018618697,SLS,54.6606867227952,0,0,17,3,1,4,0,0,0,1
3360,WISEA J233443.12-001521.3,23h34m43.1204s,-00d15m21.351s,353.6796684,-0.255931,G,50052.2755306804,0.16695642,SLS,54.6795214089301,6,0,48,6,5,8,0,0,0,2
3361,SDSS J234056.75+004047.7,23h40m56.7512s,+00d40m47.722s,355.236463451,0.6799228209,G,249951.9618575,0.83375,SLS,54.6803923482008,2,0,9,2,1,4,0,0,0,1
3362,SDSS J233402.34+001255.5,23h34m02.3493s,+00d12m55.548s,353.5097890912,0.2154300959,G,403316.78959656,1.34532,SLS,54.6857143107231,5,0,5,2,3,3,0,0,0,1
3363,DEEP2 33023999,23h34m03.9120s,+00d09m05.274s,353.5163,0.151465,G,310327.176965818,1.03514004,SLS,54.6899868742724,4,0,0,2,3,0,0,0,0,1
3364,WISEA J234046.00+004538.8,23h40m46.0010s,+00d45m38.719s,355.1916708677,0.7607552955,G,166171.96154482,0.55429,SLS,54.6972381525495,2,0,31,3,1,4,0,0,0,1
3365,WISEA J233403.41+002309.3,23h34m03.3727s,+00d23m08.641s,353.5140532234,0.3857338023,G,109786.99604418,0.36621,SLS,54.6987538629874,2,0,31,3,1,4,0,0,0,1
3367,WISEA J233633.97+010842.2,23h36m33.9745s,+01d08m42.286s,354.1415606,1.1450796,G,41179.7528503185,0.13736087,SLS,54.7018646569882,2,0,36,6,1,4,0,0,0,1
3368,DEEP2 33024010,23h34m04.1592s,+00d08m34.112s,353.51733,0.14280888889,G,101210.834097551,0.337603003,UUN?,54.7026251708763,4,0,0,2,1,0,0,0,0,1
3370,SDSS J233404.48+000757.8,23h34m04.4688s,+00d07m58.368s,353.51862,0.13288,G,274509.756050349,0.915665984,SLS,54.7168419937825,9,0,21,9,5,0,0,0,0,1
3371,WISEA J233751.87-003802.8,23h37m51.8771s,-00d38m02.879s,354.4661548,-0.6341332,G,28006.2468787311,0.093418784,SLS,54.7206650901739,16,0,79,9,6,10,0,0,1,1
3374,SDSS J233525.98+005946.7,23h35m25.9891s,+00d59m46.756s,353.8582881004,0.9963212343,G,187685.0683309,0.62605,SLS,54.7430356504329,2,0,5,1,1,4,0,0,0,1
3377,DEEP2 33030375,23h34m02.1600s,+00d12m27.129s,353.509,0.20753583333,G,414295.18940852,1.38194,SLS,54.7668030201972,5,0,0,2,3,0,0,0,0,1
3378,DEEP2 33043284,23h34m01.6104s,+00d18m19.648s,353.50671,0.30545777778,G,274227.050263492,0.914722979,SLS,54.7739362945537,4,0,0,2,3,0,0,0,0,1
3379,WISEA J233845.47+010857.3,23h38m45.4820s,+01d08m57.454s,354.6895083674,1.1492928472,G,240691.37282988,0.80286,SLS,54.812172160838,2,0,31,3,1,3,0,0,0,1
3380,DEEP2 33017584,23h34m06.8112s,+00d04m26.292s,353.52838,0.07397,G,342156.124244131,1.14130998,UUN?,54.8131591195162,5,0,0,2,1,0,0,0,0,1
3381,WISEA J233741.20+011124.9,23h37m41.1917s,+01d11m24.777s,354.421632141,1.1902160457,G,245317.17045682,0.81829,SLS,54.8131623691273,2,0,33,4,1,4,0,0,0,1
3382,DEEP2 33036957,23h34m01.6344s,+00d13m46.977s,353.50681,0.22971583333,G,265118.46230772,0.88434,UUN,54.8132969334986,4,0,0,2,3,0,0,0,0,1
3384,DEEP2 33036825,23h34m01.3248s,+00d15m34.210s,353.50552,0.25950277778,G,283519.72337976,0.94572,UUN,54.8278682644151,4,0,0,2,3,0,0,0,0,1
3386,DEEP2 33036968,23h34m01.2168s,+00d16m27.544s,353.50507,0.27431777778,G,263187.499085742,0.877899,SLS,54.8453430624025,5,0,0,2,3,0,0,0,0,1
3387,SDSS J234117.43+002456.3,23h41m17.4345s,+00d24m56.357s,355.3226439596,0.4156548911,G,276585.52382622,0.92259,SLS,54.8453455934109,2,0,19,2,1,4,0,0,0,1
3388,SDSS J233932.80-003032.4,23h39m32.8080s,-00d30m32.493s,354.8867,-0.509026,G,21038.4648738384,0.070176765,SLS,54.8564129064544,3,0,16,3,1,4,0,0,0,1
3390,WISEA J233425.17-000821.4,23h34m25.1568s,-00d08m21.780s,353.60482,-0.13938356,G,17885.1773493667,0.05965853,SLS,54.8681648578446,3,0,36,7,2,4,0,0,0,1
3391,DEEP2 33043461,23h34m01.3992s,+00d19m24.513s,353.50583,0.32347583333,G,274013.30453658,0.91401,UUN,54.8713668244555,4,0,0,2,3,0,0,0,0,1
3393,DEEP2 33043521,23h34m01.3704s,+00d19m33.369s,353.50571,0.32593583333,G,391870.71355012,1.30714,UUN,54.8863027086991,5,0,0,2,3,0,0,0,0,1
3394,DEEP2 33049210,23h34m01.8240s,+00d21m16.250s,353.5076,0.35451388889,G,69110.2556655735,0.230526999,UUN?,54.892245940464,5,0,0,2,1,0,0,0,0,1
3395,SDSS J233932.83-003035.1,23h39m32.8320s,-00d30m35.121s,354.8868,-0.509756,G,21054.1650048638,0.070229135,SLS,54.8971234778189,2,0,8,4,1,0,0,0,0,1
3396,DEEP2 33043454,23h34m01.3320s,+00d19m46.038s,353.50555,0.329455,G,307281.27360084,1.02498,SLS,54.9076548006554,4,0,0,2,2,0,0,0,0,1
3398,WISEA J233852.38-003517.8,23h38m52.4013s,-00d35m17.901s,354.7183389562,-0.5883060764,G,167212.24137408,0.55776,SLS,54.9149023023251,2,0,31,3,1,4,0,0,0,1
3399,GALEXMSC J233402.21+002226.4,23h34m02.1816s,+00d22m27.026s,353.50909,0.37417388889,G,228840.571868668,0.763329983,SLS,54.9162323036194,4,0,4,3,3,0,0,0,0,1
3400,DEEP2 33024459,23h34m03.5880s,+00d08m00.643s,353.51495,0.13351194444,G,271114.911052636,0.904342,SLS,54.9283544069187,4,0,0,2,3,0,0,0,0,1
3401,WISEA J233509.29+005626.1,23h35m09.2929s,+00d56m26.189s,353.7887208,0.9406082,G,25448.3474756399,0.08488655,SLS,54.9329727003288,12,0,62,6,4,8,0,0,0,1
3402,WISEA J233544.04+010310.7,23h35m44.0418s,+01d03m10.767s,353.9335076,1.052991,G,25489.4280361596,0.08502358,SLS,54.9420747224813,8,0,36,6,4,5,0,0,0,1
3404,GALEXMSC J233402.40+000955.6,23h34m02.4456s,+00d09m54.003s,353.51019,0.16500083333,G,46021.7401122885,0.153512001,UUN?,54.9481815347465,8,0,25,7,1,0,0,0,0,1
3405,WISEA J234112.46+003114.8,23h41m12.4464s,+00d31m14.912s,355.30186,0.520809,*,9.76806031255983,3.2582742e-05,SLS,54.9488046366518,0,0,23,4,1,4,0,0,0,1
3406,WISEA J233730.32-003817.5,23h37m30.3219s,-00d38m17.573s,354.3763414,-0.6382149,G,83106.6814416349,0.27721405,SLS,54.9529980365908,3,0,34,5,1,4,0,0,0,1
3407,DEEP2 33049302,23h34m01.8384s,+00d22m06.970s,353.50766,0.36860277778,G,264485.90022134,0.88223,UUN,54.9670085172188,4,0,0,2,3,0,0,0,0,1
3408,GALEXASC J233800.18+011120.6,23h38m00.1750s,+01d11m21.148s,354.50072916667,1.18920777778,G,355670.77424662,1.18639,SLS,54.9706923143249,2,0,8,3,1,0,0,0,0,1
3409,WISEA J234108.50+003430.0,23h41m08.5088s,+00d34m30.375s,355.2854534285,0.5751042892,G,75466.75545234,0.25173,SLS,54.9737119563306,2,0,31,3,1,4,0,0,0,1
3410,WISEA J233401.90+002219.6,23h34m01.8960s,+00d22m19.570s,353.5079,0.37210277778,G,301198.48462802,1.00469,SLS,54.974148549175,5,0,12,3,2,0,0,0,0,1
3411,WISEA J233943.83+010207.9,23h39m43.8361s,+01d02m07.931s,354.9326508,1.0355364,G,244103.01100192,0.81424,SLS,54.974895422311,2,0,35,4,1,4,0,0,0,1
3412,WISEA J233448.63-001739.7,23h34m48.6179s,-00d17m39.701s,353.7025749027,-0.2943614851,G,230681.30265726,0.76947,SLS,54.9769148851609,2,0,30,3,1,4,0,0,0,1
3413,DEEP2 33036686,23h34m00.6672s,+00d16m48.799s,353.50278,0.28022194444,G,248032.688742629,0.827347994,UUN?,54.9829605021678,4,0,0,2,1,0,0,0,0,1
3414,DEEP2 33024211,23h34m02.5704s,+00d09m20.638s,353.51071,0.15573277778,G,329232.0773756,1.0982,UUN,54.9878425714295,5,0,0,2,3,0,0,0,0,1
3417,DEEP2 33100568,23h34m02.5344s,+00d09m01.436s,353.51056,0.15039888889,G,390710.51673766,1.30327,UUN,55.0399103827856,4,0,0,2,3,0,0,0,0,1
3418,WISEA J234119.43+002244.8,23h41m19.4315s,+00d22m44.886s,355.3309647,0.3791352,G,138137.409461374,0.4607768,SLS,55.0513691725736,4,0,27,3,1,4,0,0,0,1
3420,GALEXMSC J233406.95+000309.9,23h34m06.9864s,+00d03m11.502s,353.52911,0.053195,G,172265.547543015,0.574616015,SLS,55.0606753000544,4,0,4,3,3,0,0,0,0,1
3421,DEEP2 33030546,23h34m00.7176s,+00d13m23.444s,353.50299,0.22317888889,G,425261.588528386,1.41851997,SLS,55.063673160414,4,0,0,2,3,0,0,0,0,1
3423,GALEXMSC J233401.11+001121.9,23h34m01.3104s,+00d11m22.956s,353.50546,0.18971,G,271989.70544508,0.90726,UUN,55.0696468523776,5,0,3,3,3,0,0,0,0,1
3424,DEEP2 33030543,23h34m00.6288s,+00d13m27.616s,353.50262,0.22433777778,G,363582.29721324,1.21278,UUN?,55.081825657402,5,0,0,2,1,0,0,0,0,1
3427,DEEP2 33049109,23h34m01.2384s,+00d22m08.097s,353.50516,0.36891583333,G,100848.9863995,0.336396009,UUN?,55.1181331276705,4,0,0,2,1,0,0,0,0,1
3429,WISEA J233912.39+010643.1,23h39m12.3953s,+01d06m43.138s,354.8016473,1.1119828,G,40669.7938875621,0.13565983,SLS,55.1223515422152,1,0,27,3,1,4,0,0,0,1
3430,DEEP2 33017623,23h34m04.6944s,+00d05m24.644s,353.51956,0.09017888889,G,202689.6808538,0.6761,UUN,55.1236662566778,4,0,0,2,3,0,0,0,0,1
3432,DEEP2 33017591,23h34m06.0648s,+00d03m49.345s,353.52527,0.06370694444,G,210549.035735634,0.702315986,UUN?,55.1345809496468,5,0,0,2,1,0,0,0,0,1
3433,SDSS J233400.49+001253.4,23h34m00.5304s,+00d12m53.687s,353.50221,0.21491318,G,10443.7805211935,0.034836702,SLS,55.1415128565012,18,0,47,11,6,8,0,0,0,2
3434,DEEP2 33036890,23h34m00.1032s,+00d15m07.470s,353.50043,0.252075,G,414930.74941948,1.38406,UUN,55.1433526624139,4,0,0,2,3,0,0,0,0,1
3437,DEEP2 33043609,23h34m00.0288s,+00d17m58.909s,353.50012,0.29969694444,G,374542.727465267,1.24934006,SLS,55.1594090027877,5,0,0,2,3,0,0,0,0,1
3438,WISEA J233554.69-003148.2,23h35m54.7200s,-00d31m48.614s,353.978,-0.53017056,QSO,571220.652171246,1.905387,SLS,55.1742366856254,24,0,18,8,13,4,0,1,0,1
3439,SDSS J233441.87-001546.4,23h34m41.8776s,-00d15m46.427s,353.6744903787,-0.2628965345,G,139223.6174952,0.4644,SLS,55.1760931603568,2,0,19,2,1,4,0,0,0,1
3441,WISEA J233600.13+010544.5,23h36m00.1329s,+01d05m44.563s,354.0005541,1.0957121,G,57253.97090072,0.19097869,SLS,55.1883812743428,3,0,37,6,1,4,0,0,0,1
3442,DEEP2 33043210,23h33m59.8824s,+00d18m00.162s,353.49951,0.300045,G,374021.058609102,1.24759996,SLS,55.1965229633257,5,0,0,2,3,0,0,0,0,1
3445,DEEP2 33017445,23h34m04.1592s,+00d05m35.422s,353.51733,0.09317277778,G,72069.2093245807,0.240397006,UUN?,55.2185868594114,4,0,0,2,1,0,0,0,0,1
3446,GALEXMSC J234102.68-000542.5,23h41m02.6410s,-00d05m42.979s,355.26100416667,-0.09527194444,G,191252.5985811,0.63795,SLS,55.2203621361002,2,0,4,2,1,0,0,0,0,1
3447,DEEP2 33036966,23h33m59.7000s,+00d16m30.756s,353.49875,0.27521,G,220532.428576586,0.735617,SLS,55.2244246980671,4,0,0,2,3,0,0,0,0,1
3448,WISEA J234045.72+004646.1,23h40m45.7209s,+00d46m46.146s,355.190504,0.7794852,G,48989.2564434811,0.16341057,SLS,55.2434667197327,1,0,36,6,1,4,0,0,0,1
3449,WISEA J233405.58+000348.1,23h34m05.5968s,+00d03m48.859s,353.52332,0.06357194444,G,239797.695709676,0.799879014,SLS,55.2502757178281,4,0,12,3,3,0,0,0,0,1
3450,SDSS J233359.69+001449.5,23h33m59.6903s,+00d14m49.522s,353.4987097259,0.2470894463,G,161765.01241222,0.53959,SLS,55.2553402099613,2,0,19,2,1,3,0,0,0,1
3452,DEEP2 33049266,23h34m00.7176s,+00d22m15.502s,353.50299,0.37097277778,G,301858.02803562,1.00689,UUN,55.2601695076186,5,0,0,2,3,0,0,0,0,1
3453,DEEP2 33036539,23h33m59.6712s,+00d14m47.457s,353.49863,0.24651583333,G,162072.592279109,0.540615976,SLS,55.2612384575038,5,0,0,2,3,0,0,0,0,1
3454,WISEA J234119.53+002416.7,23h41m19.5101s,+00d24m16.630s,355.3312923682,0.4046196974,G,334259.59689626,1.11497,SLS,55.2624312598909,2,0,31,3,1,4,0,0,0,1
3455,DEEP2 33030495,23h34m00.9672s,+00d10m19.484s,353.50403,0.17207888889,G,272548.809385476,0.90912497,SLS,55.2651959774359,4,0,0,2,3,0,0,0,0,1
3456,WISEA J233541.29+010307.7,23h35m41.2914s,+01d03m07.798s,353.9220475,1.0521661,G,26300.1148093849,0.08772774,SLS,55.2681025733337,1,0,36,6,1,4,0,0,0,1
3457,WISEA J233641.52+010952.2,23h36m41.5293s,+01d09m52.235s,354.1730391,1.1645099,G,50857.242263807,0.1696415,SLS,55.2792982748464,6,0,45,6,2,6,1,0,1,1
3458,DEEP2 33017691,23h34m04.9728s,+00d04m16.485s,353.52072,0.07124583333,G,433484.9046451,1.44595,SLS,55.2975997795529,4,0,0,2,3,0,0,0,0,1
3459,GALEXMSC J233404.02+000527.9,23h34m03.8976s,+00d05m26.919s,353.51624,0.09081083333,G,239923.9041374,0.8003,UUN,55.3110752983911,4,0,4,3,3,0,0,0,0,1
3460,WISEA J233939.86-002959.6,23h39m39.8690s,-00d29m59.640s,354.9161209,-0.4999,*,24.7721715824701,8.263107e-05,SLS,55.3177432877597,0,0,23,4,1,4,0,0,0,1
3462,DEEP2 33024508,23h34m01.6104s,+00d08m37.654s,353.50671,0.14379277778,G,220849.008512857,0.736672997,SLS,55.324455396406,4,0,0,2,3,0,0,0,0,1
3463,SDSS J233833.86-003705.9,23h38m33.8640s,-00d37m05.901s,354.6411000601,-0.6183059995,G,166933.43438814,0.55683,SLS,55.324720842289,2,0,19,2,1,4,0,0,0,1
3464,SDSS J234121.07+002124.7,23h41m21.0763s,+00d21m24.774s,355.3378180171,0.3568818137,G,86310.2486582,0.2879,SLS,55.3279699802659,2,0,19,2,1,4,0,0,0,1
3465,DEEP2 33011018,23h34m07.3464s,+00d01m47.247s,353.53061,0.02979083333,G,261972.740045926,0.873847,SLS,55.3326766281839,4,0,0,2,3,0,0,0,0,1
3466,DEEP2 33024426,23h34m01.0248s,+00d09m34.765s,353.50427,0.15965694444,G,334727.255143192,1.11652994,UUN?,55.3405158395184,4,0,0,2,1,0,0,0,0,1
3467,DEEP2 33024248,23h34m01.9848s,+00d07m54.357s,353.50827,0.13176583333,G,112505.816543914,0.375279009,UUN?,55.3406214485582,4,0,0,2,1,0,0,0,0,1
3469,SDSS J234106.11-000401.0,23h41m06.1139s,-00d04m01.066s,355.2754746035,-0.0669630112,G,110779.30908016,0.36952,SLS,55.3608557893064,2,0,9,2,1,4,0,0,0,1
3470,SDSS J233722.70+011147.2,23h37m22.7022s,+01d11m47.229s,354.3445926033,1.1964525305,G,138426.16955692,0.46174,SLS,55.3682093309695,2,0,18,2,1,4,0,0,0,1
3471,WISEA J233514.21-002457.2,23h35m14.1864s,-00d24m56.647s,353.80911,-0.41573547,G,14104.150499787,0.047046382,SLS,55.368808045605,2,0,28,5,2,4,0,0,0,1
3472,WISEA J233404.05+000458.5,23h34m04.0056s,+00d04m59.595s,353.51669,0.08322083333,G,286568.004998308,0.955887973,SLS,55.3782934667104,4,0,12,3,3,0,0,0,0,1
3473,DEEP2 33018030,23h34m03.0240s,+00d06m09.885s,353.5126,0.10274583333,G,374683.61193298,1.24981,UUN,55.3856166767581,4,0,0,2,3,0,0,0,0,1
3474,WISEA J233359.14+001707.8,23h33m59.0616s,+00d17m08.649s,353.49609,0.28573583333,G,285801.743570056,0.953332,SLS,55.3866019817019,5,0,12,3,2,0,0,0,0,1
3475,GALEXASC J233841.51-003638.2,23h38m41.4250s,-00d36m39.520s,354.67260416667,-0.61097777778,G,151629.02940724,0.50578,SLS,55.3869040350249,2,0,8,3,1,0,0,0,0,1
3476,WISEA J233747.35-003846.2,23h37m47.3526s,-00d38m46.281s,354.4473027,-0.6461892,G,10754.3631093418,0.035872694,SLS,55.3970796258654,18,0,42,12,8,4,0,0,0,1
3477,WISEA J233714.85-003825.8,23h37m14.8519s,-00d38m25.825s,354.311883,-0.6405072,G,27888.7690069694,0.09302692,SLS,55.4056162689781,1,0,36,6,1,4,0,0,0,1
3479,SDSS J233447.76-001806.0,23h34m47.7608s,-00d18m06.007s,353.6990035057,-0.3016688124,G,167200.24967576,0.55772,SLS,55.4181248983259,2,0,19,2,1,4,0,0,0,1
3480,WISEA J233358.95+001542.4,23h33m58.9296s,+00d15m43.117s,353.49554,0.26197694444,G,328149.82660222,1.09459,SLS,55.4239921728509,5,0,12,3,3,0,0,0,0,1
3481,DEEP2 33049405,23h33m59.8680s,+00d21m46.998s,353.49945,0.363055,G,264055.69804411,0.880795,SLS,55.4250319280309,4,0,0,2,3,0,0,0,0,1
3482,WISEA J233518.89+005914.3,23h35m18.8946s,+00d59m14.387s,353.8287278,0.9873298,*,4.54307889192864,1.515408e-05,SLS,55.434713408834,0,0,23,4,1,4,0,0,0,1
3483,WISEA J233731.10-003846.9,23h37m31.0224s,-00d38m47.092s,354.37926,-0.64641466,QSO,568730.27622264,1.89708,SLS,55.4366109388249,26,0,26,9,13,4,0,1,0,2
3486,WISEA J233407.40+000119.8,23h34m07.4040s,+00d01m19.740s,353.53085,0.02215,G,262083.655460782,0.874216974,SLS,55.443326248232,5,0,12,3,3,0,0,0,0,1
3487,WISEA J234007.85-002451.1,23h40m07.9398s,-00d24m50.426s,355.0330825051,-0.4140074813,G,120246.7549038,0.4011,SLS,55.4446235389684,2,0,31,3,1,4,0,0,0,1
3488,DEEP2 33030817,23h34m00.0144s,+00d10m47.233s,353.50006,0.17978694444,G,374608.66381848,1.24956,UUN,55.4514604249932,5,0,0,2,3,0,0,0,0,1
3489,WISEA J233533.71+010206.2,23h35m33.7119s,+01d02m06.284s,353.8904665,1.035079,G,24579.7300070005,0.081989154,SLS,55.4690948021353,4,0,38,6,1,4,0,0,0,1
3490,WISEA J233938.33+010337.6,23h39m38.3364s,+01d03m37.681s,354.9097353,1.0604672,G,82814.9444069814,0.27624092,SLS,55.4785711977689,1,0,36,6,1,4,0,0,0,1
3492,WISEA J234122.20+001959.9,23h41m22.2035s,+00d19m59.945s,355.3425147,0.3333183,G,83206.1585750485,0.27754587,SLS,55.5042774617614,8,0,61,9,7,8,0,0,0,1
3495,DEEP2 33036747,23h33m58.5648s,+00d15m44.780s,353.49402,0.26243888889,G,229459.054502051,0.765393019,SLS,55.5147454840213,4,0,0,2,3,0,0,0,0,1
3496,WISEA J233605.84+010649.7,23h36m05.8464s,+01d06m49.312s,354.02436,1.113698,G,24755.7279661488,0.08257622,SLS,55.5273333804156,2,0,36,7,2,4,0,0,0,1
3497,WISEA J234112.20-000016.6,23h41m12.2083s,-00d00m16.661s,355.3008681,-0.0046282,G,47278.6826490772,0.15770471,SLS,55.5289673773638,11,0,68,9,5,10,0,0,1,1
3498,DEEP2 33030386,23h33m58.9368s,+00d13m02.046s,353.49557,0.217235,G,261337.480726801,0.871728003,SLS,55.529890728094,4,0,0,2,3,0,0,0,0,1
3499,WISEA J233927.32-003206.4,23h39m27.3247s,-00d32m06.481s,354.8638531,-0.5351338,G,97643.1230724992,0.3257024,SLS,55.536855838764,2,0,33,4,1,4,0,0,0,1
3500,SDSS J234021.23-002146.2,23h40m21.2391s,-00d21m46.233s,355.0884966167,-0.3628426661,G,155157.5866379,0.51755,SLS,55.5436029590878,2,0,19,2,1,4,0,0,0,1
3501,WISEA J233358.62+001920.1,23h33m58.6851s,+00d19m19.971s,353.4945213216,0.3222143063,G,300604.889565331,1.00270998,SLS,55.545227441349,4,0,31,4,3,3,0,0,0,1
3502,WISEA J233358.46+001827.1,23h33m58.5314s,+00d18m26.021s,353.4938810049,0.3072281917,G,264616.017642923,0.882664025,SLS,55.5466892256577,4,0,27,3,3,4,0,0,0,1
3503,DEEP2 33030731,23h33m59.7576s,+00d10m29.308s,353.49899,0.17480777778,G,202524.790205221,0.675549984,SLS,55.547390852079,5,0,0,2,3,0,0,0,0,1
3504,DEEP2 33049117,23h33m59.0856s,+00d21m10.144s,353.49619,0.35281777778,G,265095.378288454,0.884263,SLS,55.5659272295071,4,0,0,2,3,0,0,0,0,1
3505,DEEP2 33024283,23h34m00.2496s,+00d09m18.536s,353.50104,0.15514888889,G,265415.25684114,0.88533,UUN,55.5676043671474,4,0,0,2,3,0,0,0,0,1
3508,DEEP2 33049416,23h33m59.0256s,+00d21m12.495s,353.49594,0.35347083333,G,231512.926935752,0.772244,SLS,55.5841092329511,4,0,0,2,3,0,0,0,0,1
3509,GALEXMSC J233400.87+000805.4,23h34m00.9000s,+00d08m03.595s,353.50375,0.13433194444,G,273473.67811218,0.91221,UUN,55.5846008227613,5,0,4,3,3,0,0,0,0,1
3512,DEEP2 33036658,23h33m58.2576s,+00d15m02.836s,353.49274,0.25078777778,G,261640.86979492,0.87274,UUN,55.6066897762376,4,0,0,2,3,0,0,0,0,1
3513,DEEP2 33011076,23h34m06.1080s,+00d01m45.948s,353.52545,0.02943,G,229937.81736142,0.76699,UUN,55.6368062463572,4,0,0,2,3,0,0,0,0,1
3514,DEEP2 33030363,23h33m59.3616s,+00d10m33.740s,353.49734,0.17603888889,G,160857.534346212,0.536562979,UUN?,55.637723676365,4,0,0,2,1,0,0,0,0,1
3515,GALEXMSC J233358.10+001523.8,23h33m58.0159s,+00d15m22.780s,353.49173291667,0.25632777778,G,147599.81877172,0.49234,SLS,55.6587984348561,2,0,4,2,1,0,0,0,0,1
3516,DEEP2 33030458,23h33m58.6608s,+00d12m11.113s,353.49442,0.20308694444,G,272274.50828018,0.90821,UUN,55.6596668496788,4,0,0,2,3,0,0,0,0,1
3517,WISEA J233602.43-003320.6,23h36m02.4290s,-00d33m21.758s,354.01012083333,-0.55604388889,G,116091.63143592,0.38724,SLS,55.66504220638,2,0,20,4,1,0,0,0,0,1
3518,SDSS J233811.84+011143.3,23h38m11.8484s,+01d11m43.315s,354.5493683967,1.1953653315,G,184959.95488768,0.61696,SLS,55.6726477438326,2,0,19,2,1,4,0,0,0,1
3520,DEEP2 33043546,23h33m57.9048s,+00d17m24.604s,353.49127,0.29016777778,G,281860.071432895,0.940183997,UUN?,55.6790078206526,5,0,0,2,1,0,0,0,0,1
3521,WISEA J234046.38-001407.7,23h40m46.3887s,-00d14m07.720s,355.1932865,-0.235478,G,163497.81281946,0.54537,SLS,55.6918212997805,2,0,31,3,1,4,0,0,0,1
3524,WISEA J233400.26+000815.1,23h34m00.3072s,+00d08m15.014s,353.50128,0.13750388889,G,250595.320969255,0.835896015,SLS,55.7021939138474,4,0,12,3,3,0,0,0,0,1
3527,DEEP2 33049393,23h33m59.0256s,+00d22m34.042s,353.49594,0.37612277778,G,375391.113140086,1.25216997,UUN?,55.7131904882345,5,0,0,2,1,0,0,0,0,1
3531,SDSS J233408.78+003359.4,23h34m08.7857s,+00d33m59.467s,353.5366072209,0.5665187,G,153059.0394319,0.51055,SLS,55.7348466524536,2,0,19,2,1,4,0,0,0,1
3532,WISEA J234013.37+005711.9,23h40m13.3786s,+00d57m11.933s,355.0557443,0.9533148,G,230861.17813206,0.77007,SLS,55.7397245071956,2,0,35,4,1,4,0,0,0,1
3533,SDSS J233400.55+000734.9,23h34m00.5547s,+00d07m34.983s,353.5023115265,0.1263842971,G,202809.604432434,0.676500022,SLS,55.7450417898781,4,0,19,3,3,4,0,0,0,1
3534,DEEP2 33024064,23h33m59.7864s,+00d08m50.431s,353.49911,0.14734194444,G,107886.012068002,0.359869,SLS,55.745685872084,5,0,0,2,2,0,0,0,0,1
3535,DEEP2 33043572,23h33m57.8760s,+00d19m24.679s,353.49115,0.32352194444,G,231322.258932464,0.771608,SLS,55.7511577580073,4,0,0,2,3,0,0,0,0,1
3536,DEEP2 33043397,23h33m57.6408s,+00d18m06.181s,353.49017,0.30171694444,G,349324.173906609,1.16522002,UUN?,55.759346441604,4,0,0,2,1,0,0,0,0,1
3537,DEEP2 33030636,23h33m58.8936s,+00d10m26.436s,353.49539,0.17401,G,376209.549548351,1.25489998,SLS,55.7673507620992,4,0,0,2,3,0,0,0,0,1
3538,WISEA J233439.05+004901.0,23h34m39.0575s,+00d49m01.062s,353.6627397,0.8169618,G,19055.2960930167,0.063561626,SLS,55.7723844955816,12,0,56,7,4,8,0,0,0,1
3539,DEEP2 33024536,23h33m59.2464s,+00d09m37.069s,353.49686,0.16029694444,G,293217.409811144,0.978068,SLS,55.7767278833462,5,0,0,2,2,0,0,0,0,1
3540,SDSS J234047.99-001340.4,23h40m47.9938s,-00d13m40.494s,355.1999744879,-0.2279151247,G,123088.78740564,0.41058,SLS,55.7793410364387,2,0,19,2,1,4,0,0,0,1
3541,SDSS J233534.28+010235.3,23h35m34.2809s,+01d02m35.369s,353.8928373908,1.043158243,G,187340.3070042,0.6249,SLS,55.7868014756727,2,0,5,1,1,4,0,0,0,1
3543,DEEP2 33030668,23h33m58.6824s,+00d10m42.063s,353.49451,0.17835083333,G,406551.55021838,1.35611,UUN,55.7916813211175,5,0,0,2,3,0,0,0,0,1
3545,DEEP2 33043437,23h33m57.4296s,+00d17m11.302s,353.48929,0.28647277778,G,415062.658101,1.3845,SLS,55.7950245009139,4,0,0,2,3,0,0,0,0,1
3546,DEEP2 33036886,23h33m57.4800s,+00d15m13.564s,353.4895,0.25376777778,G,233168.073901351,0.777764976,SLS,55.7963165128361,4,0,0,2,3,0,0,0,0,1
3547,DEEP2 33010731,23h34m05.9976s,+00d01m16.381s,353.52499,0.02121694444,G,271658.431781065,0.90615499,SLS,55.7967619925074,4,0,0,2,3,0,0,0,0,1
3548,DEEP2 33100573,23h33m59.0544s,+00d09m46.994s,353.49606,0.16305388889,G,293817.59431206,0.98007,UUN,55.8038976479644,5,0,0,2,2,0,0,0,0,1
3549,DEEP2 33049429,23h33m57.9576s,+00d20m36.776s,353.49149,0.34354888889,G,228413.972297406,0.761907,SLS,55.8042513822365,5,0,0,2,3,0,0,0,0,1
3550,WISEA J233430.74+004557.1,23h34m30.7408s,+00d45m57.113s,353.6280868,0.7658648,G,39101.9512824121,0.13043007,SLS,55.8053695611492,2,0,43,9,3,4,4,0,0,1
3551,DEEP2 33100574,23h33m59.0328s,+00d09m48.096s,353.49597,0.16336,G,272335.665941612,0.908414,SLS,55.8070162542018,4,0,0,2,3,0,0,0,0,1
3552,DEEP2 33024408,23h34m00.3744s,+00d07m27.426s,353.50156,0.124285,G,282326.54939692,0.94174,UUN,55.8100390833873,4,0,0,2,3,0,0,0,0,1
3553,DEEP2 33049423,23h33m57.9504s,+00d20m46.813s,353.49146,0.34633694444,G,313540.94012388,1.04586,UUN,55.818317580273,4,0,0,2,3,0,0,0,0,1
3554,DEEP2 33049350,23h33m57.9048s,+00d20m56.425s,353.49127,0.34900694444,G,401506.046148165,1.33928001,UUN?,55.8419014815562,4,0,0,2,1,0,0,0,0,1
3555,WISEA J233404.69+000216.5,23h34m04.6584s,+00d02m16.123s,353.51941,0.03781194444,G,347039.764370423,1.15760005,UUN?,55.8550131241835,4,0,12,3,1,0,0,0,0,1
3558,SDSS J233357.16+001456.0,23h33m57.1609s,+00d14m56.098s,353.488170564,0.2489163093,G,190161.35403398,0.63431,UUN,55.8839835892926,4,0,15,2,3,4,0,0,0,1
3559,WISEA J234004.43+005923.0,23h40m04.4313s,+00d59m23.026s,355.018464,0.9897296,G,108538.438402649,0.36204526,SLS,55.8859860386214,1,0,27,3,1,4,0,0,0,1
3560,WISEA J233636.88+011010.4,23h36m36.8885s,+01d10m10.472s,354.1537021,1.1695758,G,25529.5432649646,0.08515739,SLS,55.891714018739,1,0,32,5,1,4,0,0,0,1
3562,GALEXMSC J233403.78+000259.6,23h34m03.7344s,+00d03m00.295s,353.51556,0.05008194444,G,330805.9877801,1.10345,SLS,55.8946880697227,4,0,4,3,3,0,0,0,0,1
3563,DEEP2 33036519,23h33m57.1728s,+00d14m28.669s,353.48822,0.24129694444,G,286631.5690938,0.9561,UUN,55.8965247254945,4,0,0,2,3,0,0,0,0,1
3564,DEEP2 33024424,23h33m58.7112s,+00d09m38.869s,353.49463,0.16079694444,G,430660.85969074,1.43653,UUN,55.9057375007925,4,0,0,2,3,0,0,0,0,1
3565,DEEP2 33043365,23h33m57.0552s,+00d18m07.153s,353.48773,0.30198694444,G,285613.174113974,0.952703,SLS,55.9061287250617,6,0,0,2,2,0,0,0,0,1
3566,WISEA J233357.73+002115.8,23h33m57.7377s,+00d21m15.953s,353.4905739994,0.3544316154,G,216225.3103325,0.72125,UUN,55.9097410705254,5,0,27,3,3,4,0,0,0,1
3567,DEEP2 33011041,23h34m06.3360s,+00d00m32.868s,353.5264,0.00913,G,296793.642736607,0.989997029,UUN?,55.9192810158718,4,0,0,2,1,0,0,0,0,1
3568,WISEA J233709.17-003845.9,23h37m09.1726s,-00d38m45.923s,354.2882194,-0.6460898,G,22005.4427489852,0.073402256,SLS,55.9200681077763,13,0,56,7,4,8,0,0,0,1
3569,DEEP2 33011105,23h34m03.8448s,+00d02m46.485s,353.51602,0.04624583333,G,125568.367228248,0.418850988,UUN?,55.9243763726558,4,0,0,2,1,0,0,0,0,1
3570,DEEP2 33018044,23h34m01.7640s,+00d04m55.455s,353.50735,0.08207083333,G,294382.403302932,0.981954,SLS,55.9407290721371,4,0,0,2,3,0,0,0,0,1
3573,DEEP2 33011116,23h34m04.4760s,+00d02m03.199s,353.51865,0.03422194444,G,416375.74906704,1.38888,UUN,55.9547020314917,5,0,0,2,3,0,0,0,0,1
3575,SDSS J234020.38+005547.6,23h40m20.3801s,+00d55m47.693s,355.0849172064,0.9299149255,G,40352.0648468,0.1346,SLS,55.9611613909308,2,0,15,1,1,4,0,0,0,1
3576,DEEP2 33043489,23h33m56.7984s,+00d18m13.017s,353.48666,0.30361583333,G,286039.778781708,0.954126,SLS,55.9730382080591,5,0,0,2,3,0,0,0,0,1
3577,DEEP2 33018110,23h34m03.0240s,+00d03m22.456s,353.5126,0.05623777778,G,330596.1330595,1.10275,UUN,55.9785512597641,5,0,0,2,3,0,0,0,0,1
3578,SDSS J233959.41-002719.7,23h39m59.4168s,-00d27m19.735s,354.9975702227,-0.4554820864,G,254571.76363528,0.84916,SLS,55.983156803885,2,0,19,2,1,4,0,0,0,1
3579,WISEA J233909.16-003449.2,23h39m09.1607s,-00d34m49.282s,354.7881696,-0.5803562,*,2.39833965800415,7.99999998e-06,SLS,55.9851094685648,0,0,23,3,1,4,0,0,0,1
3580,DEEP2 33017944,23h34m00.4992s,+00d06m16.333s,353.50208,0.10453694444,G,56506.9789324988,0.188486993,UUN?,55.9857081583101,4,0,0,2,1,0,0,0,0,1
3582,DEEP2 33049340,23h33m57.4512s,+00d21m23.799s,353.48938,0.35661083333,G,246297.195599531,0.821559012,SLS,55.9921738560289,5,0,0,2,3,0,0,0,0,1
3583,DEEP2 33011152,23h34m05.6976s,+00d00m43.394s,353.52374,0.01205388889,G,377558.6216052,1.2594,SLS,56.0222092521724,5,0,0,2,3,0,0,0,0,1
3584,SDSS J234031.97-001929.7,23h40m31.9764s,-00d19m29.746s,355.1332351406,-0.3249296325,G,120720.42698744,0.40268,SLS,56.0223702054751,2,0,19,2,1,4,0,0,0,1
3585,GALEXMSC J233356.95+001945.9,23h33m56.8440s,+00d19m45.516s,353.48685,0.32931,G,37091.222281134,0.123723,SLS,56.027317451651,4,0,4,3,3,0,0,0,0,1
3587,WISEA J233740.31-003925.9,23h37m40.3109s,-00d39m25.957s,354.4179623,-0.6572103,G,36550.4266661478,0.1219191,SLS,56.0326645493091,1,0,21,5,1,0,0,0,0,1
3588,WISEA J233526.20+010127.5,23h35m26.2075s,+01d01m27.535s,353.8591983,1.0243153,G,17167.501186236,0.05726462,SLS,56.0445644017149,13,0,71,9,5,10,0,0,1,1
3589,DEEP2 33043559,23h33m56.7840s,+00d20m04.149s,353.4866,0.33448583333,G,322789.534455255,1.07670999,UUN?,56.0606399265792,5,0,0,2,1,0,0,0,0,1
3590,DEEP2 33030435,23h33m56.7264s,+00d13m05.545s,353.48636,0.21820694444,G,177098.492764659,0.590736985,UUN?,56.0776764646368,4,0,0,2,1,0,0,0,0,1
3591,WISEA J234117.42+000213.0,23h41m17.4262s,+00d02m13.084s,355.3226092,0.036968,G,55829.6809161586,0.18622777,SLS,56.0817620775293,22,0,65,12,8,8,1,1,0,1
3592,WISEA J234015.03+005717.5,23h40m15.0310s,+00d57m17.503s,355.0626293,0.9548621,G,35082.9395863132,0.11702409,SLS,56.0908752989812,5,0,51,7,1,6,0,0,1,1
3593,WISEA J233532.76+010242.5,23h35m32.7635s,+01d02m42.510s,353.8865149,1.0451419,G,24916.0000121201,0.08311083,SLS,56.1001609301075,13,0,66,6,3,10,0,0,1,1
3594,WISEA J233958.78-002736.1,23h39m58.7854s,-00d27m36.181s,354.9949394,-0.4600504,QSO,184799.625881142,0.6164252,SLS,56.1011530148068,20,0,26,7,11,4,0,0,0,2
3595,DEEP2 33043516,23h33m56.1912s,+00d16m56.150s,353.48413,0.28226388889,G,221034.578545396,0.737291992,UUN?,56.102533773055,4,0,0,2,1,0,0,0,0,1
3596,SDSS J233357.19+001116.2,23h33m57.1974s,+00d11m16.240s,353.4883227569,0.1878444702,G,25891.8747680846,0.0863659978,SLS,56.1038575531599,5,0,23,4,3,4,0,0,0,1
3597,SDSS J234124.71+001932.7,23h41m24.7138s,+00d19m32.766s,355.3529744026,0.3257685842,G,112080.40834788,0.37386,SLS,56.1050967568365,2,0,19,2,1,4,0,0,0,1
3599,WISEA J233431.30+004646.8,23h34m31.3241s,+00d46m46.948s,353.63051708333,0.77970777778,G,232111.31268192,0.77424,SLS,56.123628235901,2,0,19,4,1,0,0,0,0,1
3600,DEEP2 33011173,23h34m06.4008s,-00d00m12.596s,353.52667,-0.00349888889,G,22398.9945187644,0.0747150034,UUN?,56.1260411868046,4,0,0,2,1,0,0,0,0,1
3603,WISEA J234125.12+001549.7,23h41m25.1289s,+00d15m49.793s,355.3547038,0.2638314,QSO,296167.96718278,0.98791,SLS,56.1368901467266,25,0,25,11,13,4,0,0,0,1
3605,WISEA J234020.42+005602.4,23h40m20.4218s,+00d56m02.459s,355.0850912,0.9340166,G,106463.388929507,0.35512364,SLS,56.1412194382164,4,0,33,6,3,4,0,0,0,1
3607,WISEA J233406.89+003353.6,23h34m06.8904s,+00d33m53.618s,353.52871,0.5648941,G,176227.00058614,0.58783,SLS,56.1551142911607,2,0,27,2,1,4,0,0,0,1
3608,WISEA J233356.45+002032.4,23h33m56.4696s,+00d20m30.912s,353.48529,0.34192,G,346218.31804588,1.15486,SLS,56.168396581627,4,0,12,3,3,0,0,0,0,1
3609,WISEA J233715.24-003912.1,23h37m15.2376s,-00d39m12.631s,354.31349,-0.6535086,G,106955.606174599,0.3567655,SLS,56.1695249360619,1,0,35,5,1,4,0,0,0,1
3610,SDSS J234057.26-001033.7,23h40m57.2660s,-00d10m33.756s,355.2386086635,-0.1760434646,G,120126.8379206,0.4007,SLS,56.1706318966875,2,0,19,2,1,4,0,0,0,1
3611,WISEA J233615.92+010838.2,23h36m15.9298s,+01d08m38.216s,354.0663742,1.143949,QSO,161730.656196533,0.5394754,SLS,56.1767801639557,22,0,27,10,13,4,0,0,0,1
3612,WISEA J234020.84+005559.9,23h40m20.8420s,+00d55m59.922s,355.0868417,0.9333117,QSO,182051.128626198,0.6072572,SLS,56.1863450350216,35,0,55,13,21,8,0,1,0,1
3613,DEEP2 33043543,23h33m55.9272s,+00d18m20.185s,353.48303,0.30560694444,G,232274.694175266,0.774784982,UUN?,56.1943045103262,5,0,0,2,1,0,0,0,0,1
3614,WISEA J233659.48-003838.8,23h36m59.4821s,-00d38m38.845s,354.2478423,-0.6441237,G,34637.8766969402,0.11553952,SLS,56.1955650310689,1,0,36,6,1,4,0,0,0,1
3615,DEEP2 33049427,23h33m56.3880s,+00d20m40.164s,353.48495,0.34449,G,363225.559177843,1.21159005,SLS,56.1996947451037,4,0,0,2,3,0,0,0,0,1
3617,WISEA J233624.74-003619.2,23h36m24.7412s,-00d36m19.269s,354.1030885,-0.6053526,G,13301.5725129657,0.04436927,SLS,56.2165278311474,5,0,34,5,1,4,0,0,0,1
3618,WISEA J234121.08+002741.0,23h41m21.0864s,+00d27m41.004s,355.33786,0.46139,G,25312.3331364076,0.084432855,SLS,56.2236988128736,1,0,36,6,1,4,0,0,0,1
3619,WISEA J233357.82+000852.9,23h33m57.8184s,+00d08m53.275s,353.49091,0.14813194444,G,261287.715478566,0.871562004,SLS,56.226412247024,4,0,12,3,3,0,0,0,0,1
3621,DEEP2 33024439,23h33m57.6048s,+00d09m09.572s,353.49002,0.15265888889,G,273562.11688729,0.912505,SLS,56.2427236153522,5,0,0,2,3,0,0,0,0,1
3622,WISEA J233355.89+001926.0,23h33m55.8696s,+00d19m26.544s,353.48279,0.32404,G,306094.110456783,1.02102005,UUN?,56.2536790756713,4,0,12,3,1,0,0,0,0,1
3623,WISEA J233737.92-003939.0,23h37m37.9237s,-00d39m39.006s,354.4080158,-0.6608352,G,51675.8075828285,0.17237194,SLS,56.2540905687949,1,0,32,5,1,4,0,0,0,1
3624,DEEP2 33011425,23h34m03.2520s,+00d02m01.831s,353.51355,0.03384194444,G,262415.233114349,0.875322998,SLS,56.2561363700899,5,0,0,2,3,0,0,0,0,1
3625,WISEA J234125.62+001634.3,23h41m25.6280s,+00d16m34.320s,355.3567836,0.2762001,G,47599.1068240367,0.15877353,SLS,56.2563721911301,1,0,41,7,1,4,0,0,0,1
3626,DEEP2 33100948,23h33m55.8168s,+00d19m34.928s,353.48257,0.32636888889,G,301237.45764756,1.00482,UUN,56.2740877546707,4,0,0,2,3,0,0,0,0,1
3628,DEEP2 33036932,23h33m55.4736s,+00d16m34.168s,353.48114,0.27615777778,G,325082.94975688,1.08436,UUN,56.280949322625,5,0,0,2,3,0,0,0,0,1
3629,WISEA J233403.16+000200.4,23h34m03.1660s,+00d02m00.481s,353.5131917,0.0334671,G,261857.022555478,0.873461008,SLS,56.2827281994266,6,0,12,3,3,0,0,0,0,1
3630,WISEA J233556.79+010633.2,23h35m56.7962s,+01d06m33.219s,353.9866512,1.1092275,G,26157.6504354187,0.08725253,SLS,56.2912715638559,7,0,47,7,3,6,1,0,1,1
3631,WISEA J234116.22+000021.1,23h41m16.2224s,+00d00m21.155s,355.3175937,0.0058765,G,52510.1659685375,0.17515506,SLS,56.3007261924253,1,0,21,5,1,0,0,0,0,1
3632,WISEA J233458.53+005542.1,23h34m58.5307s,+00d55m42.130s,353.7438783,0.9283697,G,222086.2528864,0.7408,SLS,56.3065967481673,2,0,31,3,1,4,0,0,0,1
3633,DEEP2 33049156,23h33m56.1768s,+00d21m21.931s,353.48407,0.35609194444,*,651.449017229849,0.00217300002,UUN?,56.3069623382531,4,0,0,2,1,0,0,0,0,1
3634,DEEP2 33049271,23h33m56.3160s,+00d21m47.840s,353.48465,0.36328888889,G,230828.20096168,0.76996,UUN,56.3104804750452,6,0,0,2,3,0,0,0,0,1
3635,WISEA J234123.85+002405.4,23h41m23.8541s,+00d24m05.444s,355.3493922,0.4015123,G,230495.970959724,0.7688518,SLS,56.3129790899725,3,0,27,5,3,4,0,0,0,2
3636,WISEA J233355.62+001410.6,23h33m55.5480s,+00d14m11.310s,353.48145,0.236475,G,244943.329261694,0.817043,SLS,56.3140874324606,4,0,12,3,3,0,0,0,0,1
3637,DEEP2 33043317,23h33m55.7088s,+00d19m55.686s,353.48212,0.332135,G,264416.947956,0.882,SLS,56.3204187664299,4,0,0,2,3,0,0,0,0,1
3638,SDSS J233459.50-002246.4,23h34m59.5076s,-00d22m46.413s,353.7479485342,-0.379559305,G,572870.41006762,1.91089,SLS,56.3221035021337,7,0,9,3,3,4,0,0,0,1
3639,DEEP2 33024474,23h33m58.4472s,+00d07m04.285s,353.49353,0.11785694444,G,231759.351539549,0.773065984,SLS,56.3493263273326,5,0,0,2,3,0,0,0,0,1
3640,DEEP2 33036849,23h33m55.1736s,+00d16m51.751s,353.47989,0.28104194444,G,250543.447280662,0.835722983,SLS,56.3565399375031,5,0,0,2,3,0,0,0,0,1
3642,WISEA J233816.51-003902.6,23h38m16.5105s,-00d39m02.668s,354.568794,-0.6507411,*,9.36244861169729,3.1229767e-05,SLS,56.3640139196009,0,0,23,4,1,4,0,0,0,1
3644,WISEA J233403.08+000145.8,23h34m03.0696s,+00d01m46.102s,353.51279,0.02947277778,G,278129.45498492,0.92774,UUN,56.3685940719443,4,0,12,3,3,0,0,0,0,1
3647,DEEP2 33018106,23h34m01.1928s,+00d03m34.275s,353.50497,0.05952083333,G,425633.337172155,1.41975999,UUN?,56.3776405296898,4,0,0,2,1,0,0,0,0,1
3648,WISEA J233736.73+011258.2,23h37m36.7354s,+01d12m58.274s,354.4030643,1.2161874,G,17153.3440869918,0.057217397,SLS,56.3795210862815,7,0,52,8,3,6,0,0,1,1
3650,WISEA J233647.16+011123.4,23h36m47.1615s,+01d11m23.435s,354.1965064,1.1898431,G,25568.6553882051,0.085287854,SLS,56.3955188117173,7,0,47,7,3,6,1,0,1,1
3651,WISEA J233510.31+005839.6,23h35m10.3159s,+00d58m39.629s,353.7929831,0.9776748,G,47745.7712903395,0.15926275,SLS,56.3957330326912,1,0,42,7,1,4,0,0,0,1
3653,SDSS J233355.00+001709.7,23h33m55.0024s,+00d17m09.794s,353.4791767483,0.2860539826,G,242717.070468586,0.809617,SLS,56.401523389314,4,0,18,3,3,4,0,0,0,1
3654,WISEA J233830.82+011135.2,23h38m30.8204s,+01d11m35.221s,354.6284187,1.1931171,*,18.5868943607883,6.1999206e-05,SLS,56.4019053639004,0,0,23,4,1,4,0,0,0,1
3655,DEEP2 33011179,23h34m01.4880s,+00d03m04.460s,353.5062,0.05123888889,G,293080.10486538,0.97761,SLS,56.4229037020193,5,0,0,2,2,0,0,0,0,1
3656,DEEP2 33030579,23h33m55.5024s,+00d12m28.152s,353.48126,0.20782,G,78396.3267523311,0.261501998,UUN?,56.4252971919687,4,0,0,2,1,0,0,0,0,1
3657,DEEP2 33011287,23h34m01.5600s,+00d02m58.797s,353.5065,0.04966583333,G,260356.558904848,0.868456,SLS,56.4281373170741,5,0,0,2,3,0,0,0,0,1
3658,WISEA J233355.42+002036.5,23h33m55.4520s,+00d20m37.046s,353.48105,0.34362388889,G,295866.975554948,0.986906,SLS,56.4293584502377,4,0,12,3,3,0,0,0,0,1
3660,WISEA J233409.92-000340.3,23h34m09.9270s,-00d03m40.397s,353.5413625,-0.0612214,G,108159.902457631,0.3607826,SLS,56.435204741925,2,0,27,3,1,4,0,0,0,1
3664,WISEA J233511.11+005852.8,23h35m11.0911s,+00d58m54.580s,353.79621291667,0.98182777778,G,182615.57786612,0.60914,SLS,56.4533294704497,2,0,12,2,1,0,0,0,0,1
3665,DEEP2 33036511,23h33m54.8064s,+00d15m41.277s,353.47836,0.26146583333,G,188338.608694321,0.628229976,SLS,56.4551410883656,4,0,0,2,3,0,0,0,0,1
3666,DEEP2 33043359,23h33m54.8736s,+00d18m19.695s,353.47864,0.30547083333,G,416999.31737968,1.39096,UUN,56.4573256758936,4,0,0,2,3,0,0,0,0,1
3667,SDSS J234032.58-002000.8,23h40m32.5898s,-00d20m00.898s,355.1357910219,-0.3335828326,G,198816.36229644,0.66318,SLS,56.4749511899236,2,0,19,2,1,3,0,0,0,1
3668,DEEP2 33030824,23h33m56.0808s,+00d10m21.003s,353.48367,0.17250083333,G,167353.746112388,0.558232009,UUN?,56.4762480956796,4,0,0,2,1,0,0,0,0,1
3669,DEEP2 33017837,23h33m59.1504s,+00d05m25.522s,353.49646,0.09042277778,G,214641.506776886,0.715967,SLS,56.4786080496643,4,0,0,2,3,0,0,0,0,1
3670,WISEA J234055.35-001204.4,23h40m55.3527s,-00d12m04.450s,355.2306364,-0.2012363,G,55609.0636463165,0.18549187,SLS,56.5042773741113,4,0,57,10,6,8,0,0,0,3
3671,DEEP2 33024499,23h33m56.3664s,+00d09m29.898s,353.48486,0.158305,G,271839.80921608,0.90676,UUN,56.5060307125634,4,0,0,2,3,0,0,0,0,1
3672,SDSS J233950.10+010255.2,23h39m50.1078s,+01d02m55.241s,354.9587828637,1.0486781146,G,61634.33144022,0.20559,SLS,56.5129942237141,2,0,23,3,1,4,0,0,0,1
3673,WISEA J233414.17+003938.3,23h34m14.1721s,+00d39m38.348s,353.5590505535,0.6606522963,G,134657.77835986,0.44917,SLS,56.5145319331357,2,0,31,3,1,4,0,0,0,1
3675,DEEP2 33024530,23h33m56.0880s,+00d09m53.787s,353.4837,0.16494083333,G,391016.30504482,1.30429,UUN,56.5264692934984,5,0,0,2,3,0,0,0,0,1
3676,DEEP2 33036712,23h33m54.6600s,+00d14m19.093s,353.47775,0.23863694444,G,392146.52261148,1.30806,UUN,56.5304932846825,5,0,0,2,3,0,0,0,0,1
3678,WISEA J233632.18-003717.6,23h36m32.1822s,-00d37m17.679s,354.1340927,-0.6215776,*,46.7278409888234,0.0001558673,SLS,56.5436730393018,0,0,23,4,1,4,0,0,0,1
3680,DEEP2 33030553,23h33m54.7848s,+00d13m11.330s,353.47827,0.21981388889,G,177197.129879605,0.591066003,UUN?,56.5562291237474,5,0,0,2,1,0,0,0,0,1
3681,SDSS J234118.02+000058.2,23h41m18.0260s,+00d00m58.204s,355.325108696,0.0161678122,G,192862.48408056,0.64332,SLS,56.5588389014544,3,0,19,3,1,4,0,0,0,1
3682,DEEP2 33024503,23h33m56.3088s,+00d09m11.876s,353.48462,0.15329888889,G,276429.63174806,0.92207,UUN,56.5588504165543,4,0,0,2,3,0,0,0,0,1
3683,DEEP2 33011484,23h34m01.4712s,+00d02m30.735s,353.50613,0.04187083333,G,258092.233964385,0.860903025,SLS,56.5643554500789,4,0,0,2,3,0,0,0,0,1
3684,DEEP2 33036927,23h33m54.3456s,+00d15m18.162s,353.47644,0.255045,G,237456.907503631,0.792070985,UUN?,56.5778618910689,4,0,0,2,1,0,0,0,0,1
3687,DEEP2 33043435,23h33m54.2880s,+00d17m21.616s,353.4762,0.28933777778,G,172201.0939633,0.574401021,UUN?,56.5824135799319,4,0,0,2,1,0,0,0,0,1
3688,SDSS J233733.98-003957.6,23h37m33.9821s,-00d39m57.620s,354.391592169,-0.666005691,G,87680.30019126,0.29247,SLS,56.5845330941359,2,0,15,1,1,4,0,0,0,1
3689,DEEP2 33011513,23h34m01.0032s,+00d02m52.504s,353.50418,0.04791777778,G,413533.719563125,1.37940001,SLS,56.5885795017959,4,0,0,2,3,0,0,0,0,1
3691,SDSS J233713.45-003935.7,23h37m13.4549s,-00d39m35.717s,354.3060624773,-0.6599214143,G,59646.70744368,0.19896,SLS,56.6035480193067,2,0,23,3,1,4,0,0,0,1
3693,DEEP2 33011549,23h34m03.1872s,+00d00m47.098s,353.51328,0.01308277778,G,414094.32846166,1.38127,UUN,56.6070763648119,4,0,0,2,3,0,0,0,0,1
3694,WISEA J233400.29+000328.9,23h34m00.3000s,+00d03m29.491s,353.50125,0.05819194444,G,283648.6341367,0.94615,UUN,56.6132311501593,5,0,12,3,3,0,0,0,0,1
3695,WISEA J233356.23+000852.1,23h33m56.1912s,+00d08m53.160s,353.48413,0.1481,G,394146.153295963,1.31473005,UUN?,56.6296532128575,8,0,29,7,1,0,0,0,0,1
3696,DEEP2 33024274,23h33m56.7552s,+00d07m54.973s,353.48648,0.13193694444,*,733.292352268,0.002446,UUN?,56.6305753694209,4,0,0,2,1,0,0,0,0,1
3697,DEEP2 33049355,23h33m54.6888s,+00d20m48.386s,353.47787,0.34677388889,G,402135.60731204,1.34138,UUN?,56.6333886386714,5,0,0,2,1,0,0,0,0,1
3698,SDSS J233354.65+001216.1,23h33m54.6582s,+00d12m16.167s,353.4777427588,0.2044909325,G,122774.00532474,0.40953,SLS,56.6506910072138,2,0,23,3,1,4,0,0,0,1
3700,DEEP2 33024576,23h33m56.8128s,+00d07m39.824s,353.48672,0.12772888889,G,381189.10827158,1.27151,SLS,56.6556272506997,4,0,0,2,3,0,0,0,0,1
3701,SDSS J233714.68-003941.2,23h37m14.6928s,-00d39m41.255s,354.31122,-0.66145985,G,59715.8275927965,0.19919056,SLS,56.6589831563134,2,0,24,6,2,4,0,0,0,1
3702,DEEP2 33043280,23h33m54.0744s,+00d18m33.616s,353.47531,0.30933777778,G,425354.545175838,1.41883004,SLS,56.6645718199766,5,0,0,2,3,0,0,0,0,1
3704,WISEA J233353.94+001602.3,23h33m53.9496s,+00d16m02.902s,353.47479,0.26747277778,G,285987.0153091,0.95395,UUN,56.6646422546165,4,0,12,3,3,0,0,0,0,1
3705,DEEP2 33049398,23h33m55.0344s,+00d22m14.023s,353.47931,0.37056194444,*,28.1804918614396,9.40000027e-05,SLS,56.671210924175,5,0,0,2,1,0,0,0,0,1
3707,DEEP2 33049385,23h33m54.7560s,+00d21m31.867s,353.47815,0.35885194444,G,227944.190020909,0.760339975,UUN?,56.6750508009585,4,0,0,2,1,0,0,0,0,1
3708,WISEA J233545.62-003214.9,23h35m45.6292s,-00d32m14.990s,353.9401219,-0.5374974,G,22850.6368332962,0.07622152,SLS,56.6783101532352,17,0,79,9,6,10,1,0,1,1
3710,WISEA J233713.83-003941.4,23h37m13.8347s,-00d39m41.489s,354.3076447,-0.6615249,*,12.2095236226808,4.0726587e-05,SLS,56.6877806041287,0,0,23,4,1,4,0,0,0,1
3711,WISEA J233354.61+001154.3,23h33m54.6151s,+00d11m54.333s,353.4775629,0.1984259,G,187109.46681154,0.62413,SLS,56.6904362470955,2,0,27,2,1,4,0,0,0,1
3712,WISEA J234017.19+005736.7,23h40m17.1961s,+00d57m36.734s,355.0716508,0.960204,G,40503.8497682854,0.1351063,SLS,56.6961671353566,12,0,67,9,7,10,1,0,1,1
3713,SDSS J233943.13-003106.5,23h39m43.1380s,-00d31m06.515s,354.9297418803,-0.5184766506,G,116595.28276536,0.38892,SLS,56.6971321809532,2,0,15,1,1,4,0,0,0,1
3716,WISEA J233519.64+010102.2,23h35m19.6404s,+01d01m02.247s,353.8318352,1.017291,G,26366.3464581686,0.087948665,SLS,56.7129759707577,1,0,36,6,1,4,0,0,0,1
3717,WISEA J233900.53-003629.2,23h39m00.5311s,-00d36m29.279s,354.7522131,-0.6081331,*,38.20066123253,0.00012742369,SLS,56.7242000622573,0,0,22,6,3,4,0,0,0,2
3718,WISEA J233501.71+005706.4,23h35m01.7143s,+00d57m06.468s,353.7571431,0.9517969,G,26061.2506715865,0.086930975,SLS,56.7315946021207,22,0,69,10,8,10,0,0,2,1
3720,WISEA J234050.70+004738.0,23h40m50.7062s,+00d47m38.097s,355.2112761,0.7939159,*,41.779883388592,0.00013936269,SLS,56.7602918618166,0,0,23,4,1,4,0,0,0,1
3721,DEEP2 33011239,23h34m02.5416s,+00d00m45.248s,353.51059,0.01256888889,G,271154.775654946,0.904474974,SLS,56.7706655837945,4,0,0,2,3,0,0,0,0,1
3723,WISEA J233930.97+010613.3,23h39m30.9710s,+01d06m13.387s,354.879046,1.1037188,G,28760.7633378556,0.09593558,SLS,56.7775638960589,2,0,21,5,1,0,0,0,0,1
3724,DEEP2 33030419,23h33m54.6816s,+00d10m42.261s,353.47784,0.17840583333,G,421646.10047868,1.40646,UUN,56.7860225918675,4,0,0,2,3,0,0,0,0,1
3725,DEEP2 33049194,23h33m54.3960s,+00d21m46.353s,353.47665,0.36287583333,G,231044.05153144,0.77068,UUN,56.7861797038421,6,0,0,2,3,0,0,0,0,1
3726,DEEP2 33037021,23h33m53.7000s,+00d13m48.090s,353.47375,0.230025,G,261274.831897683,0.871519029,SLS,56.793429926668,6,0,0,2,3,0,0,0,0,1
3727,DEEP2 33024510,23h33m55.8096s,+00d08m21.274s,353.48254,0.13924277778,G,317084.48697744,1.05768,SLS,56.7988894984078,4,0,0,2,3,0,0,0,0,1
3729,DEEP2 33030751,23h33m53.6784s,+00d13m24.744s,353.47366,0.22354,G,261484.97771676,0.87222,UUN,56.8193371041052,5,0,0,2,3,0,0,0,0,1
3730,WISEA J234016.14-002449.7,23h40m16.1467s,-00d24m49.735s,355.067278,-0.4138154,G,98181.730202542,0.327499,SLS,56.8199741773192,2,0,27,3,1,4,0,0,0,1
3731,WISEA J233400.69+000213.4,23h34m00.6888s,+00d02m14.128s,353.50287,0.03725777778,G,302112.857620769,1.00774002,SLS,56.8231536215867,5,0,12,3,3,0,0,0,0,1
3732,DEEP2 33043148,23h33m53.4312s,+00d18m37.328s,353.47263,0.31036888889,G,298002.69702574,0.99403,UUN,56.8274388898411,4,0,0,2,3,0,0,0,0,1
3734,DEEP2 33024589,23h33m56.5800s,+00d06m54.126s,353.48575,0.115035,G,274637.172641678,0.916091,SLS,56.8381043934382,5,0,0,2,3,0,0,0,0,1
3735,DEEP2 33030271,23h33m54.2064s,+00d11m19.518s,353.47586,0.188755,G,272034.67431378,0.90741,UUN,56.8431826695022,5,0,0,2,3,0,0,0,0,1
3736,WISEA J233528.04+010248.2,23h35m28.0477s,+01d02m48.219s,353.8668655,1.0467277,G,25162.3226864811,0.083932474,SLS,56.8572494227356,17,0,55,8,7,6,1,0,1,1
3739,WISEA J233435.80-001633.0,23h34m35.8008s,-00d16m32.937s,353.64917,-0.275816,*,2.6302405223764,8.773538e-06,SLS,56.8617460017926,0,0,17,3,1,4,0,0,0,1
3741,SDSS J234117.95-000011.7,23h41m17.9521s,-00d00m11.740s,355.3248005436,-0.0032611324,G,193003.38653582,0.64379,SLS,56.8743703436424,3,0,22,4,1,4,0,0,0,1
3742,WISEA J233357.87+000501.2,23h33m57.8544s,+00d05m02.000s,353.49106,0.08388888889,G,102848.896190761,0.34306699,UUN?,56.8746767054314,5,0,12,3,1,0,0,0,0,1
3743,GALEXMSC J233402.18+000042.4,23h34m02.1600s,+00d00m42.069s,353.509,0.01168583333,G,286202.86587886,0.95467,UUN,56.8770682571024,4,0,4,3,3,0,0,0,0,1
3744,DEEP2 33024524,23h33m56.5368s,+00d06m40.813s,353.48557,0.11133694444,G,127313.161132563,0.424670994,UUN?,56.8870226880805,4,0,0,2,1,0,0,0,0,1
3745,WISEA J233546.68+010550.8,23h35m46.6850s,+01d05m50.835s,353.944521,1.0974542,G,24629.4505861598,0.082155004,SLS,56.8876062515617,8,0,72,8,4,10,0,0,1,1
3747,DEEP2 33043459,23h33m53.2920s,+00d19m32.314s,353.47205,0.32564277778,G,311025.68140126,1.03747,SLS,56.902137347117,4,0,0,2,3,0,0,0,0,1
3748,WISEA J233358.03+000440.5,23h33m58.0224s,+00d04m41.098s,353.49176,0.07808277778,G,261568.919605,0.8725,SLS,56.9054834794137,4,0,12,3,3,0,0,0,0,1
3749,WISEA J233355.89+000720.2,23h33m55.9200s,+00d07m20.557s,353.483,0.12237694444,G,261358.173001837,0.871797025,SLS,56.9273873352149,4,0,16,4,3,0,0,0,0,1
3750,SDSS J233715.20+011310.9,23h37m15.2041s,+01d13m10.923s,354.313350535,1.2197009038,G,94734.416728,0.316,SLS,56.9370742521085,2,0,15,1,1,4,0,0,0,1
3752,SDSS J233437.42+005026.3,23h34m37.4256s,+00d50m26.367s,353.65594,0.8406577,*,1012.10578374585,0.0033760215,SLS,56.9380920099584,0,0,5,2,1,4,0,0,0,1
3754,DEEP2 33018039,23h33m57.0120s,+00d05m36.546s,353.48755,0.093485,G,358593.765701743,1.19614005,SLS,56.966997293546,4,0,0,2,3,0,0,0,0,1
3755,DEEP2 33017891,23h33m56.4624s,+00d06m09.846s,353.48526,0.102735,G,415446.39244724,1.38578,UUN,56.9975851398568,4,0,0,2,3,0,0,0,0,1
3756,SDSS J233355.66+002554.9,23h33m55.6657s,+00d25m54.966s,353.4819404551,0.4319351653,G,184285.42185718,0.61471,SLS,56.998958748219,3,0,23,4,2,4,0,0,0,1
3757,DEEP2 33043523,23h33m52.6104s,+00d17m14.431s,353.46921,0.28734194444,G,258529.917762197,0.862362981,SLS,57.000304399098,4,0,0,2,3,0,0,0,0,1
3758,DEEP2 33024470,23h33m55.5024s,+00d07m29.424s,353.48126,0.12484,G,100412.481685426,0.334939986,UUN?,57.00659369703,4,0,0,2,1,0,0,0,0,1
3760,DEEP2 33024411,23h33m55.5840s,+00d07m14.109s,353.4816,0.12058583333,G,389370.441452475,1.29879999,UUN?,57.0278220897534,4,0,0,2,1,0,0,0,0,1
3762,WISEA J233352.56+001828.2,23h33m52.5730s,+00d18m28.213s,353.4690542811,0.3078371899,*,7.49481127012452,2.49999994e-05,SLS,57.0366674984983,4,0,27,3,1,4,0,0,0,1
3763,DEEP2 33011500,23h34m01.6248s,+00d00m33.393s,353.50677,0.00927583333,G,89612.4622832775,0.298914999,UUN?,57.0460461995723,5,0,0,2,1,0,0,0,0,1
3764,DEEP2 33043423,23h33m52.4856s,+00d18m06.440s,353.46869,0.30178888889,G,66640.5644971922,0.222288996,UUN?,57.0477860042147,4,0,0,2,1,0,0,0,0,1
3765,SDSS J233352.56+001844.5,23h33m52.5603s,+00d18m44.587s,353.4690013335,0.3123852639,G,149392.57767056,0.49832,SLS,57.0494301307774,2,0,23,3,1,4,0,0,0,1
3766,WISEA J234021.60+005702.5,23h40m21.6076s,+00d57m02.584s,355.0900319,0.9507179,G,35045.6693879347,0.11689977,SLS,57.0583436131374,17,0,71,10,7,10,1,0,1,1
3768,WISEA J233355.00+002522.1,23h33m55.0006s,+00d25m22.139s,353.4791695,0.4228166,G,67129.1224755417,0.22391865,SLS,57.076399804816,8,0,63,6,4,10,0,0,1,1
3769,WISEA J233353.04+001201.1,23h33m53.0136s,+00d12m02.210s,353.47089,0.20061388889,G,282342.141902453,0.941792011,SLS,57.0787919577234,5,0,12,3,3,0,0,0,0,1
3770,DEEP2 33100575,23h33m54.6816s,+00d08m20.130s,353.47784,0.138925,G,375837.81289628,1.25366,UUN,57.0806729907184,4,0,0,2,3,0,0,0,0,1
3771,DEEP2 33017888,23h33m55.9416s,+00d06m23.731s,353.48309,0.10659194444,G,261299.1063928,0.8716,UUN,57.0837605636584,5,0,0,2,3,0,0,0,0,1
3774,WISEA J233355.69+000639.5,23h33m55.7088s,+00d06m40.129s,353.48212,0.11114694444,G,261627.978719226,0.872697,SLS,57.0928435779655,6,0,12,3,3,0,0,0,0,1
3775,DEEP2 33024515,23h33m54.7848s,+00d08m01.330s,353.47827,0.13370277778,G,101080.425877284,0.337168008,UUN?,57.10138159453,4,0,0,2,1,0,0,0,0,1
3777,2MASS J23353199-0030373,23h35m31.9800s,-00d30m37.101s,353.88325,-0.51030599,G,52.6124251759613,0.00017549616,SLS,57.1270222828395,2,0,21,3,1,4,0,0,0,1
3778,WISEA J233845.18+011124.8,23h38m45.1698s,+01d11m24.297s,354.6882077176,1.1900825081,G,150223.00277922,0.50109,SLS,57.1324219194265,2,0,31,3,1,4,0,0,0,1
3779,DEEP2 33030578,23h33m52.6392s,+00d12m27.936s,353.46933,0.20776,G,330314.32814898,1.10181,SLS,57.1394545608408,5,0,0,2,3,0,0,0,0,1
3781,DEEP2 33011624,23h33m59.4864s,+00d02m04.934s,353.49786,0.03470388889,G,294746.353145699,0.983168006,SLS,57.1527734165303,5,0,0,2,3,0,0,0,0,1
3782,SDSS J233401.95-000007.1,23h34m01.9555s,-00d00m07.101s,353.5081481549,-0.0019726915,G,286493.66456312,0.95564,UUN,57.1604508173205,5,0,15,2,3,3,0,0,0,1
3785,WISEA J233603.08+010819.0,23h36m03.0312s,+01d08m18.711s,354.01263,1.138531,*,453.067617814872,0.0015112709,SLS,57.1751146006975,0,0,17,3,1,4,0,0,0,1
3787,SDSS J233757.59-004025.3,23h37m57.5926s,-00d40m25.393s,354.4899695199,-0.673720474,G,187346.30285336,0.62492,SLS,57.1812463939486,2,0,19,2,1,4,0,0,0,1
3789,WISEA J234120.46+000043.1,23h41m20.4609s,+00d00m43.182s,355.3352538,0.011995,G,56222.3910485912,0.18753771,SLS,57.2130764041774,1,0,36,6,1,4,0,0,0,1
3790,SDSS J233352.66+001125.0,23h33m52.6644s,+00d11m25.072s,353.4694350767,0.1902979412,G,147866.63405934,0.49323,SLS,57.2185611908832,2,0,19,2,1,4,0,0,0,1
3792,WISEA J233737.60-004039.3,23h37m37.6029s,-00d40m39.305s,354.4066789,-0.6775848,G,86214.1351961652,0.2875794,SLS,57.2599901414628,14,0,63,9,10,10,0,0,1,2
3793,DEEP2 33011470,23h34m01.5384s,-00d00m07.812s,353.50641,-0.00217,G,265972.87081302,0.88719,UUN,57.2636451842367,4,0,0,2,3,0,0,0,0,1
3795,SDSS J233439.70-001832.6,23h34m39.7065s,-00d18m32.618s,353.6654440475,-0.3090606551,G,17585.82558628,0.05866,SLS,57.2731095401459,2,0,19,2,1,4,0,0,0,1
3798,WISEA J233431.81-001551.1,23h34m31.8106s,-00d15m51.169s,353.6325445,-0.2642136,G,50670.1777658642,0.16901752,SLS,57.2778864487785,1,0,42,7,1,4,0,0,0,1
3799,WISEA J234112.00-000528.9,23h41m12.0036s,-00d05m28.905s,355.300015,-0.0913627,G,10857.5309877058,0.036216825,SLS,57.2783148905355,11,0,31,6,4,2,0,0,1,2
3801,DEEP2 33017928,23h33m57.6624s,+00d03m21.481s,353.49026,0.05596694444,G,314368.36730796,1.04862,UUN,57.2856264993692,4,0,0,2,3,0,0,0,0,1
3802,WISEA J233520.75+010159.3,23h35m20.7529s,+01d01m59.302s,353.8364704,1.0331396,G,285090.63585968,0.95096,SLS,57.2909480552646,2,0,17,2,1,3,0,0,0,1
3804,DEEP2 33017910,23h33m56.7120s,+00d04m20.625s,353.4863,0.07239583333,G,214456.240733899,0.715349019,SLS,57.2978848688508,4,0,0,2,3,0,0,0,0,1
3805,DEEP2 33024398,23h33m53.4072s,+00d08m58.401s,353.47253,0.14955583333,G,375034.375104689,1.25098002,SLS,57.3075466537883,4,0,0,2,3,0,0,0,0,1
3806,SDSS J233351.35+001650.6,23h33m51.3600s,+00d16m50.700s,353.464,0.28075,G,59390.6864833027,0.198106006,SLS,57.3098416249432,17,0,31,7,6,4,0,0,0,2
3807,WISEA J233458.03+005700.9,23h34m58.0376s,+00d57m00.938s,353.7418236,0.9502606,G,26121.0127991266,0.08713032,SLS,57.3138029805942,2,0,36,6,1,4,0,0,0,1
3808,SDSS J234108.69-000727.8,23h41m08.6999s,-00d07m27.873s,355.2862499557,-0.1244092582,G,238167.12033352,0.79444,SLS,57.3209190695527,2,0,15,1,1,4,0,0,0,1
3809,DEEP2 33030449,23h33m51.8856s,+00d12m31.233s,353.46619,0.20867583333,G,202165.0440523,0.67435,UUN,57.3234220815405,4,0,0,2,3,0,0,0,0,1
3811,WISEA J233351.52+001855.6,23h33m51.4824s,+00d18m57.398s,353.46451,0.31594388889,G,166681.906717123,0.555990994,UUN?,57.3270882796932,4,0,12,3,1,0,0,0,0,1
3813,WISEA J233430.74-001534.0,23h34m30.7584s,-00d15m33.595s,353.62816,-0.259332,G,12528.1910138365,0.041789547,SLS,57.3300371662591,1,0,36,6,1,4,0,0,0,1
3815,DEEP2 33036807,23h33m51.4824s,+00d13m48.086s,353.46451,0.23002388889,G,203331.540703472,0.678241014,UUN?,57.3471608006358,4,0,0,2,1,0,0,0,0,1
3818,DEEP2 33043018,23h33m51.6288s,+00d20m21.379s,353.46512,0.33927194444,G,183850.124407334,0.613258004,UUN?,57.3650818183295,4,0,0,2,1,0,0,0,0,1
3820,WISEA J233440.01+005201.6,23h34m40.0127s,+00d52m01.682s,353.6667199,0.8671341,QSO,311498.004418839,1.0390455,SLS,57.3860528888136,50,0,60,19,27,8,0,1,0,3
3821,WISEA J234051.43-001517.8,23h40m51.4335s,-00d15m17.855s,355.2143065,-0.2549599,G,28376.2675187723,0.09465304,SLS,57.3892929657836,1,0,42,8,1,4,0,0,0,1
3822,DEEP2 33017933,23h33m54.6240s,+00d06m29.858s,353.4776,0.10829388889,G,37383.5193280991,0.124697998,UUN?,57.3898168577369,4,0,0,2,1,0,0,0,0,1
3823,SDSS J233955.84+010258.5,23h39m55.8456s,+01d02m58.552s,354.98269,1.049598,QSO,150.683798776789,0.00050262705,SLS,57.3913130709142,7,0,8,3,4,4,0,0,0,1
3824,DEEP2 33024502,23h33m52.9032s,+00d09m14.212s,353.47043,0.15394777778,G,413209.94071056,1.37832,UUN,57.3980210864174,4,0,0,2,3,0,0,0,0,1
3825,WISEA J234117.22-000218.0,23h41m17.3909s,-00d02m18.211s,355.32246208333,-0.03839194444,G,206281.19450064,0.68808,SLS,57.3996225379081,2,0,20,4,1,0,0,0,0,1
3827,2MFGC 17708,23h36m39.3964s,+01d11m55.878s,354.164152,1.198855,G,25305.988029034,0.08441169,SLS,57.4075404459826,5,0,24,7,3,2,0,0,1,1
3828,WISEA J233355.07+000546.4,23h33m55.0724s,+00d05m46.490s,353.4794685,0.0962474,G,415407.4194277,1.38565,SLS,57.4113645285081,10,0,44,10,5,4,0,0,0,1
3829,DEEP2 33017843,23h33m55.5384s,+00d05m06.979s,353.48141,0.08527194444,G,527.634729077925,0.00176000001,UUN?,57.4250401997189,5,0,0,2,1,0,0,0,0,1
3830,WISEA J234106.55-000850.3,23h41m06.5533s,-00d08m50.351s,355.2773058,-0.1473199,G,120376.23526641,0.4015319,SLS,57.4298485601075,3,0,29,4,2,4,0,0,0,1
3831,DEEP2 33043608,23h33m50.9328s,+00d17m58.606s,353.46222,0.29961277778,G,333812.90613384,1.11348,SLS,57.4325737589647,4,0,0,2,2,0,0,0,0,1
3832,DEEP2 33024134,23h33m53.1816s,+00d08m27.992s,353.47159,0.14110888889,G,276327.102727424,0.921728,SLS,57.4330383342279,4,0,0,2,3,0,0,0,0,1
3833,DEEP2 33011221,23h33m57.8760s,+00d02m29.936s,353.49115,0.04164888889,G,310054.350839415,1.03422999,SLS,57.4385334469224,4,0,0,2,3,0,0,0,0,1
3834,WISEA J233828.74+011246.6,23h38m28.7469s,+01d12m46.677s,354.6197791,1.2129659,*,9.66610419531107,3.2242653e-05,SLS,57.4527472219383,0,0,23,4,1,4,0,0,0,1
3837,WISEA J233513.17-002728.9,23h35m13.1765s,-00d27m28.968s,353.8049024,-0.4580467,G,28243.7862336575,0.09421113,SLS,57.4597706106904,1,0,36,6,1,4,0,0,0,1
3838,WISEA J234103.20+004345.1,23h41m03.2076s,+00d43m45.125s,355.2633651,0.7292014,G,185520.536804894,0.6188299,SLS,57.4686056366396,2,0,27,3,1,4,0,0,0,1
3839,SDSS J234011.70-002643.5,23h40m11.7068s,-00d26m43.573s,355.0487785033,-0.4454369408,G,237261.74711036,0.79142,SLS,57.4823379707547,2,0,19,2,1,4,0,0,0,1
3840,SDSS J233406.25-000412.3,23h34m06.2595s,-00d04m12.350s,353.5260813775,-0.0700972452,G,201457.53385142,0.67199,SLS,57.4824236926616,2,0,15,1,1,4,0,0,0,1
3841,WISEA J233508.56+005943.5,23h35m08.5657s,+00d59m43.516s,353.7856904,0.9954213,G,25133.6223553069,0.08383674,SLS,57.4825554193109,17,0,69,8,6,10,0,0,1,1
3842,WISEA J233525.39+010305.9,23h35m25.3971s,+01d03m05.962s,353.8558216,1.0516563,G,24476.6541649211,0.08164533,SLS,57.4848549166404,4,0,42,5,1,6,0,0,1,1
3843,DEEP2 33011600,23h34m00.6144s,-00d00m09.381s,353.50256,-0.00260583333,G,205842.299541298,0.686616004,SLS,57.4922216292199,4,0,0,2,3,0,0,0,0,1
3844,DEEP2 33024532,23h33m52.2216s,+00d09m46.224s,353.46759,0.16284,G,242158.85691179,0.807755,SLS,57.5011939178987,4,0,0,2,3,0,0,0,0,1
3845,WISEA J233400.85+003335.1,23h34m00.8541s,+00d33m35.192s,353.5035591,0.5597756,G,39007.6935356923,0.13011566,SLS,57.5012087076694,11,0,62,8,3,8,0,0,0,1
3847,DEEP2 33036638,23h33m50.5584s,+00d16m19.516s,353.46066,0.27208777778,G,281825.89599206,0.94007,UUN,57.5103927617418,4,0,0,2,3,0,0,0,0,1
3848,WISEA J233831.05+011242.8,23h38m31.0519s,+01d12m43.020s,354.62938291667,1.21195,G,185463.60621712,0.61864,SLS,57.5167328123753,2,0,20,4,1,0,0,0,0,1
3850,WISEA J233352.87+000825.2,23h33m52.8576s,+00d08m25.555s,353.47024,0.140432,G,16953.4868452812,0.056550745,SLS,57.5189812082704,2,0,36,7,2,4,0,0,0,1
3851,GALEXMSC J233359.73+000029.4,23h33m59.7504s,+00d00m26.582s,353.49896,0.00738388889,G,315813.357961746,1.05343997,SLS,57.5276620413482,4,0,4,3,3,0,0,0,0,1
3852,WISEA J234056.89+004637.6,23h40m56.8656s,+00d46m38.388s,355.23694,0.77733,*,98.6744540968879,0.00032914255,SLS,57.529840879269,0,0,25,6,2,3,0,0,0,2
3856,WISEA J233350.59+001410.0,23h33m50.5800s,+00d14m10.755s,353.46075,0.23632083333,G,262974.3547425,0.877188027,SLS,57.5553489017236,5,0,12,3,3,0,0,0,0,1
3857,WISEA J233354.23+000606.8,23h33m54.2378s,+00d06m05.253s,353.4759911697,0.1014592076,G,241916.622507179,0.806946993,SLS,57.5583338740741,4,0,17,3,3,3,0,0,0,1
3858,DEEP2 33100811,23h33m50.4408s,+00d14m50.157s,353.46017,0.24726583333,G,170254.531940147,0.567907989,UUN?,57.5662289027871,5,0,0,2,1,0,0,0,0,1
3859,DEEP2 33036515,23h33m50.3688s,+00d15m29.426s,353.45987,0.25817388889,G,169813.542330901,0.566437006,SLS,57.5678627307118,4,0,0,2,3,0,0,0,0,1
3860,DEEP2 33024295,23h33m52.8504s,+00d08m01.982s,353.47021,0.13388388889,G,102199.848816908,0.340902001,UUN?,57.5779184188664,4,0,0,2,1,0,0,0,0,1
3861,WISEA J233355.24+000442.8,23h33m55.2471s,+00d04m42.877s,353.4801966,0.0785772,G,284023.3747092,0.9474,UUN,57.5779565872772,10,0,51,10,6,5,0,0,0,2
3862,DEEP2 33036798,23h33m50.5512s,+00d13m31.983s,353.46063,0.22555083333,G,286253.83059672,0.95484,UUN,57.5933600120973,4,0,0,2,3,0,0,0,0,1
3863,DEEP2 33005048,23h34m01.0632s,-00d00m52.916s,353.50443,-0.01469888889,G,257216.830393667,0.857982993,SLS,57.6009611675812,5,0,0,2,3,0,0,0,0,1
3865,WISEA J233401.18-000057.8,23h34m01.1568s,-00d00m59.400s,353.50482,-0.0165,G,417410.03304714,1.39233,SLS,57.6115696332345,4,0,12,3,3,0,0,0,0,1
3866,DEEP2 33004950,23h34m00.5064s,-00d00m29.707s,353.50211,-0.00825194444,G,173825.66299756,0.57982,UUN,57.6176558812328,5,0,0,2,3,0,0,0,0,1
3867,DEEP2 33004924,23h34m01.2816s,-00d01m06.412s,353.50534,-0.01844777778,G,104215.6533045,0.347626001,UUN?,57.6176692634745,4,0,0,2,1,0,0,0,0,1
3868,DEEP2 33024544,23h33m51.9504s,+00d09m11.916s,353.46646,0.15331,G,413161.97391728,1.37816,UUN?,57.6391617715813,5,0,0,2,1,0,0,0,0,1
3870,WISEA J233431.57+004937.6,23h34m31.5700s,+00d49m37.683s,353.6315417,0.8271343,G,19001.8772740955,0.06338344,SLS,57.6532650019421,11,0,67,7,4,10,0,0,1,1
3871,WISEA J233354.32+002738.2,23h33m54.2441s,+00d27m39.843s,353.4760173649,0.461067595,G,181818.12992784,0.60648,SLS,57.6592365892788,2,0,31,3,1,4,0,0,0,1
3873,WISEA J233353.51+000624.1,23h33m53.5776s,+00d06m23.900s,353.47324,0.10663888889,G,292398.97100454,0.975337982,UUN?,57.6648356726901,4,0,12,3,1,0,0,0,0,1
3874,DEEP2 33030455,23h33m50.5872s,+00d12m15.753s,353.46078,0.20437583333,G,331366.593680711,1.10531998,UUN?,57.6660412426428,4,0,0,2,1,0,0,0,0,1
3875,SDSS J233402.17-000157.5,23h34m02.1785s,-00d01m57.593s,353.5090773668,-0.032664717,G,280039.13294238,0.93411,SLS,57.6731582166133,5,0,5,2,3,4,0,0,0,1
3876,WISEA J233934.16-003336.2,23h39m34.1695s,-00d33m36.224s,354.8923733,-0.5600623,G,21002.7251159579,0.07005755,SLS,57.676030888468,1,0,36,6,1,4,0,0,0,1
3877,WISEA J233350.58+001206.1,23h33m50.5872s,+00d12m05.925s,353.46078,0.20164583333,G,260612.58166398,0.86931,UUN,57.6785984348291,4,0,12,3,2,0,0,0,0,1
3878,DEEP2 33043346,23h33m49.9656s,+00d18m49.183s,353.45819,0.31366194444,G,233010.683460486,0.777239978,SLS,57.7005414993255,4,0,0,2,3,0,0,0,0,1
3879,DEEP2 33036777,23h33m49.9224s,+00d14m28.489s,353.45801,0.24124694444,G,245586.991163831,0.819190025,SLS,57.7079508902265,5,0,0,2,3,0,0,0,0,1
3880,WISEA J233350.73+002203.1,23h33m50.7853s,+00d22m03.397s,353.4616054235,0.3676105031,G,216267.28127662,0.72139,UUN,57.7112990433923,4,0,17,3,3,4,0,0,0,1
3881,SDSS J234018.19-002535.5,23h40m18.1972s,-00d25m35.553s,355.0758219956,-0.4265427124,G,120492.58471936,0.40192,SLS,57.7277828854056,2,0,19,2,1,4,0,0,0,1
3882,SDSS J233349.96+001930.8,23h33m49.9666s,+00d19m30.866s,353.4581942377,0.3252407429,G,231520.425044919,0.772269011,SLS,57.7311565440448,4,0,18,3,3,3,0,0,0,1
3883,DEEP2 33030642,23h33m50.2728s,+00d12m25.988s,353.45947,0.20721888889,G,184180.487002069,0.614359975,SLS,57.7318497789683,4,0,0,2,3,0,0,0,0,1
3884,DEEP2 33036542,23h33m49.8336s,+00d14m24.086s,353.45764,0.24002388889,G,107680.054649356,0.359182,UUN?,57.7328863130855,5,0,0,2,1,0,0,0,0,1
3886,WISEA J233350.51+001133.5,23h33m50.4936s,+00d11m33.928s,353.46039,0.19275777778,G,272785.359725084,0.909914017,SLS,57.7459924650741,4,0,12,3,3,0,0,0,0,1
3888,DEEP2 33037103,23h33m49.6296s,+00d15m28.872s,353.45679,0.25802,G,367182.798637971,1.22478998,UUN?,57.7528049882372,4,0,0,2,1,0,0,0,0,1
3890,DEEP2 33037461,23h33m49.6368s,+00d15m19.522s,353.45682,0.25542277778,G,173930.297160836,0.580169022,UUN?,57.754240448801,5,0,0,2,1,0,0,0,0,1
3891,DEEP2 33037575,23h33m49.6800s,+00d14m46.741s,353.457,0.24631694444,G,323877.793069494,1.08034003,UUN?,57.7581069715564,4,0,0,2,1,0,0,0,0,1
3892,SDSS J233401.01-000123.4,23h34m01.0109s,-00d01m23.492s,353.5042121283,-0.0231924493,G,341670.46645802,1.13969,SLS,57.7700978252795,5,0,19,3,3,4,0,0,0,1
3893,WISEA J233808.53+011357.0,23h38m08.5300s,+01d13m56.953s,354.535542,1.232487,*,14.9125000910097,4.9742746e-05,SLS,57.772650047963,0,0,23,4,1,4,0,0,0,1
3894,WISEA J233516.23-002831.4,23h35m16.2398s,-00d28m31.410s,353.817666,-0.4753919,G,22796.3983817948,0.0760406,SLS,57.780616063916,15,0,62,8,4,8,0,0,0,1
3897,MCG +00-60-013,23h35m25.6817s,+01d03m32.842s,353.8570071,1.0591229,G,25297.8756451205,0.08438463,SLS,57.8062933185649,23,0,54,15,12,7,1,0,2,1
3898,DEEP2 33043786,23h33m49.5264s,+00d18m51.598s,353.45636,0.31433277778,G,221803.55399477,0.739857018,UUN?,57.8118165935876,4,0,0,2,1,0,0,0,0,1
3899,DEEP2 33044096,23h33m49.4688s,+00d18m33.332s,353.45612,0.30925888889,G,14262.0266643925,0.0475730002,UUN?,57.8151212102767,5,0,0,2,1,0,0,0,0,1
3900,SDSS J234117.41-000330.3,23h41m17.4336s,-00d03m30.313s,355.32264,-0.058420265,WD*,21.8849243821145,7.300025e-05,SLS,57.816535124857,1,0,5,3,2,3,0,0,0,2
3901,DEEP2 33037469,23h33m49.4616s,+00d14m39.015s,353.45609,0.24417083333,G,404078.26243988,1.34786,UUN,57.8168832530468,4,0,0,2,3,0,0,0,0,1
3902,WISEA J233359.27-000005.7,23h33m59.1504s,-00d00m05.256s,353.49646,-0.00146,G,377186.87895728,1.25816,SLS,57.8225491132822,5,0,12,3,3,0,0,0,0,1
3903,WISEA J233903.24+011036.5,23h39m03.2406s,+01d10m36.593s,354.7635028,1.1768314,G,12184.8644938405,0.040644333,SLS,57.825883720094,6,0,56,9,6,8,0,0,0,1
3904,DEEP2 33030697,23h33m49.9224s,+00d12m19.670s,353.45801,0.20546388889,G,270529.416382162,0.902389,SLS,57.8269084492897,4,0,0,2,3,0,0,0,0,1
3905,WISEA J233349.07+001655.2,23h33m49.1664s,+00d16m53.122s,353.45486,0.28142277778,G,392134.53091316,1.30802,UUN,57.8584135282306,4,0,12,3,3,0,0,0,0,1
3908,DEEP2 33031100,23h33m49.5768s,+00d12m56.948s,353.45657,0.21581888889,G,417029.29662548,1.39106,SLS,57.8705354307911,5,0,0,2,3,0,0,0,0,1
3909,DEEP2 33043875,23h33m49.1904s,+00d18m06.163s,353.45496,0.30171194444,G,199058.003111984,0.663986027,UUN?,57.8711721205469,5,0,0,2,1,0,0,0,0,1
3910,SDSS J233525.80+010339.5,23h35m25.8096s,+01d03m39.502s,353.85754,1.060973,G,25194.2283986162,0.0840389,SLS,57.8778597475581,0,0,0,1,1,0,0,0,0,1
3912,WISEA J233352.57+002638.6,23h33m52.5735s,+00d26m38.612s,353.4690563,0.4440591,G,101443.454158035,0.33837894,SLS,57.8834729949844,3,0,27,3,2,4,0,0,0,1
3913,DEEP2 33018097,23h33m54.5280s,+00d04m05.959s,353.4772,0.06832194444,G,164173.245227334,0.547623,SLS,57.8836633457219,4,0,0,2,3,0,0,0,0,1
3914,DEEP2 33044098,23h33m49.1592s,+00d18m17.355s,353.45483,0.30482083333,G,241210.009884918,0.804589987,SLS,57.8841046628902,4,0,0,2,3,0,0,0,0,1
3917,DEEP2 33024228,23h33m51.2400s,+00d08m36.938s,353.4635,0.14359388889,G,65988.8186914247,0.220115006,UUN?,57.8928281391391,5,0,0,2,1,0,0,0,0,1
3918,WISEA J233349.30+001927.0,23h33m49.2912s,+00d19m27.544s,353.45538,0.32431777778,G,285929.151767196,0.953756988,SLS,57.8970352198995,5,0,12,3,3,0,0,0,0,1
3919,WISEA J233349.00+001708.4,23h33m48.9696s,+00d17m08.368s,353.45404,0.28565777778,G,230141.67623286,0.76767,SLS,57.9094115080029,4,0,12,3,3,0,0,0,0,1
3922,WISEA J233559.39-003531.0,23h35m59.3940s,-00d35m31.047s,353.9974752,-0.5919576,G,40486.9444715788,0.13504991,SLS,57.9342489439508,13,0,57,8,5,8,1,0,0,1
3923,WISEA J233418.30+004452.6,23h34m18.3094s,+00d44m52.635s,353.5762892,0.7479543,QSO,428335.03982233,1.4287719,SLS,57.9394230348401,21,0,26,9,11,4,0,0,0,1
3925,WISEA J233350.24+000957.8,23h33m50.2944s,+00d09m58.708s,353.45956,0.16630777778,G,293413.466883657,0.978721976,SLS,57.9554614800969,4,0,12,3,3,0,0,0,0,1
3927,DEEP2 33031194,23h33m49.4760s,+00d12m02.394s,353.45615,0.200665,G,293412.877191892,0.978720009,UUN?,57.9601551893441,5,0,0,2,1,0,0,0,0,1
3929,DEEP2 33011479,23h33m56.3976s,+00d01m46.124s,353.48499,0.02947888889,G,301876.0155831,1.00695,UUN,57.9793798204475,5,0,0,2,3,0,0,0,0,1
3931,DEEP2 33043871,23h33m48.7656s,+00d18m19.983s,353.45319,0.30555083333,G,243025.859998043,0.810647011,UUN?,57.9837522408895,5,0,0,2,1,0,0,0,0,1
3932,SDSS J233625.69+011128.7,23h36m25.6952s,+01d11m28.772s,354.107063454,1.1913257747,G,131641.86623238,0.43911,SLS,57.9859446404864,2,0,19,2,1,4,0,0,0,1
3933,WISEA J233823.86+011334.1,23h38m23.8640s,+01d13m34.115s,354.5994334,1.2261432,G,19090.4239744904,0.0636788,SLS,57.9860647974718,8,0,63,11,6,8,0,0,0,2
3934,WISEA J233400.14-000127.2,23h34m00.1299s,-00d01m26.606s,353.5005415363,-0.0240573612,G,261026.29525602,0.87069,UUN,57.9955453122106,5,0,27,3,3,4,0,0,0,1
3935,2MASX J23403142-0022389,23h40m31.4145s,-00d22m38.532s,355.130894,-0.37737,G,20611.4839665696,0.06875251,SLS,57.9959503599316,12,0,51,7,7,10,0,0,1,1
3936,DEEP2 33024323,23h33m50.3688s,+00d09m27.669s,353.45987,0.15768583333,G,262627.18698174,0.87603,UUN,57.9983988555011,5,0,0,2,3,0,0,0,0,1
3938,WISEA J233543.36+010639.5,23h35m43.3626s,+01d06m39.512s,353.9306776,1.1109758,G,24361.8261586957,0.081262305,SLS,58.0065039163243,3,0,36,6,1,4,0,0,0,1
3940,DEEP2 33004941,23h34m02.3208s,-00d03m05.875s,353.50967,-0.05163194444,G,404102.24583652,1.34794,UUN,58.0159540392502,4,0,0,2,2,0,0,0,0,1
3941,DEEP2 33037523,23h33m48.7488s,+00d13m58.990s,353.45312,0.23305277778,G,261787.76809934,0.87323,UUN,58.0212624702609,5,0,0,2,3,0,0,0,0,1
3942,DEEP2 33017979,23h33m53.3496s,+00d04m48.846s,353.47229,0.080235,G,275455.30625956,0.91882,UUN,58.0219271493765,5,0,0,2,3,0,0,0,0,1
3944,GALEXMSC J233400.75-000155.0,23h34m00.6600s,-00d01m57.946s,353.50275,-0.03276277778,G,280209.115266066,0.934677,SLS,58.0346140684006,5,0,3,3,3,0,0,0,0,1
3945,WISEA J233523.62-003015.4,23h35m23.6232s,-00d30m15.438s,353.8484302,-0.5042885,*,25.1012057968234,8.372861e-05,SLS,58.0366164774887,0,0,23,4,1,3,0,0,0,1
3946,DEEP2 33004671,23h34m00.4464s,-00d01m51.196s,353.50186,-0.03088777778,G,279676.3840682,0.9329,SLS,58.0493486114065,6,0,0,2,3,0,0,0,0,1
3947,DEEP2 33037570,23h33m48.4800s,+00d14m59.456s,353.452,0.24984888889,G,166553.303247453,0.555562019,SLS,58.0516871094216,4,0,0,2,3,0,0,0,0,1
3950,DEEP2 33037246,23h33m48.3552s,+00d15m03.790s,353.45148,0.25105277778,G,417146.230673723,1.39145005,SLS,58.0809158470623,5,0,0,2,3,0,0,0,0,1
3951,WISEA J233531.14-003138.3,23h35m31.1484s,-00d31m38.318s,353.8797853,-0.5273106,G,21859.5769297906,0.0729157,SLS,58.0887224464813,1,0,36,6,1,4,0,0,0,1
3952,SDSS J234020.76-002529.4,23h40m20.7646s,-00d25m29.439s,355.0865193717,-0.4248443853,G,84340.61220914,0.28133,SLS,58.0938568806523,2,0,15,1,1,4,0,0,0,1
3953,DEEP2 33037543,23h33m48.2304s,+00d15m53.762s,353.45096,0.26493388889,G,243614.947980919,0.812611997,UUN?,58.0960122802131,5,0,0,2,1,0,0,0,0,1
3955,GALEXMSC J233348.16+001744.3,23h33m48.2376s,+00d17m40.678s,353.45099,0.29463277778,G,264926.5951346,0.8837,UUN,58.0998747986233,4,0,3,3,3,0,0,0,0,1
3958,SDSS J233935.90+010704.5,23h39m35.9005s,+01d07m04.514s,354.8995854228,1.1179206008,G,300428.01801096,1.00212,SLS,58.1248617360055,3,0,12,4,2,4,0,0,0,1
3959,WISEA J233418.00-001155.1,23h34m17.9483s,-00d11m53.528s,353.5747849674,-0.1982022469,G,162907.2216772,0.5434,SLS,58.1249952865746,2,0,31,3,1,4,0,0,0,1
3960,DEEP2 33037324,23h33m48.0984s,+00d15m38.311s,353.45041,0.26064194444,G,338315.782857151,1.12849998,SLS,58.1327085782062,5,0,0,2,3,0,0,0,0,1
3961,WISEA J233700.04+011351.2,23h37m00.0433s,+01d13m51.289s,354.2501807,1.2309137,G,25789.9340002097,0.08602596,SLS,58.145480659755,4,0,44,8,1,4,0,0,0,1
3963,WISEA J233348.00+001718.1,23h33m48.0096s,+00d17m17.599s,353.45004,0.28822194444,G,407289.033669211,1.35856998,UUN?,58.1510226173023,4,0,12,3,1,0,0,0,0,1
3964,DEEP2 33005024,23h33m59.5536s,-00d01m30.561s,353.49814,-0.02515583333,G,229925.8256631,0.76695,UUN,58.1529945460421,4,0,0,2,3,0,0,0,0,1
3965,DEEP2 33024413,23h33m51.0432s,+00d07m11.838s,353.46268,0.119955,G,375052.35665632,1.25104,UUN,58.1540116801049,4,0,0,2,3,0,0,0,0,1
3966,SDSS J233348.12+001431.3,23h33m48.1228s,+00d14m31.386s,353.4505120042,0.2420517021,G,122782.99909848,0.40956,SLS,58.1557770084215,2,0,19,2,1,4,0,0,0,1
3967,DEEP2 33004822,23h34m00.1320s,-00d01m58.321s,353.50055,-0.03286694444,G,280128.471094864,0.934408,SLS,58.1616876453389,5,0,0,2,3,0,0,0,0,1
3968,WISEA J233525.55+010357.9,23h35m25.5589s,+01d03m57.974s,353.8564955,1.0661041,G,26082.1207235502,0.08700059,SLS,58.1647857009065,6,0,62,5,4,10,0,0,1,1
3969,GALEXMSC J233349.14+001058.8,23h33m49.0056s,+00d11m00.434s,353.45419,0.18345388889,G,201671.579970375,0.672703981,SLS,58.1676170185396,4,0,4,3,3,0,0,0,0,1
3970,WISEA J233348.19+001341.6,23h33m48.1632s,+00d13m43.147s,353.45068,0.22865194444,G,261548.227929549,0.87243098,SLS,58.1799990324306,5,0,12,3,3,0,0,0,0,1
3971,SDSS J233922.52+010854.2,23h39m22.5204s,+01d08m54.288s,354.8438351019,1.14841354,G,169286.80518344,0.56468,SLS,58.180035084395,6,0,11,4,4,4,0,0,0,1
3972,WISEA J233400.89-000238.1,23h34m00.9456s,-00d02m37.809s,353.50394,-0.04383583333,G,212966.857412517,0.710380971,UUN?,58.1831709397888,4,0,12,3,1,0,0,0,0,1
3973,DEEP2 33011507,23h33m57.5256s,-00d00m01.339s,353.48969,-0.00037194444,G,283891.46602768,0.94696,UUN,58.1928996446631,4,0,0,2,3,0,0,0,0,1
3974,DEEP2 33011474,23h33m57.7944s,-00d00m14.983s,353.49081,-0.00416194444,G,315156.815476651,1.05124998,SLS,58.1939404837692,4,0,0,2,1,0,0,0,0,1
3975,SDSS J233517.40+010229.4,23h35m17.4065s,+01d02m29.420s,353.8225273839,1.0415057526,G,263871.32568244,0.88018,SLS,58.2001482104669,2,0,18,2,1,4,0,0,0,1
3976,WISEA J233802.98-004120.1,23h38m02.9520s,-00d41m20.032s,354.5123,-0.68889802,G,184177.796364758,0.614351,SUN,58.2027424769061,4,0,32,5,3,4,2,0,0,1
3977,DEEP2 33004989,23h34m01.5024s,-00d03m04.910s,353.50626,-0.05136388889,G,229043.236666748,0.764006,SLS,58.2030001414206,4,0,0,2,3,0,0,0,0,1
3978,DEEP2 33043955,23h33m48.0552s,+00d19m27.346s,353.45023,0.32426277778,G,285439.594280792,0.952124,SLS,58.2054941237563,5,0,0,2,3,0,0,0,0,1
3979,SDSS J233759.17-004125.3,23h37m59.1751s,-00d41m25.365s,354.4965630032,-0.6903792179,G,264962.57022956,0.88382,SLS,58.2082795505573,2,0,18,2,1,3,0,0,0,1
3980,SDSS J233519.80-002946.1,23h35m19.8024s,-00d29m46.171s,353.8325102342,-0.4961588582,G,154695.90625258,0.51601,SLS,58.2160339238053,2,0,23,3,1,3,0,0,0,1
3981,WISEA J233803.00+011431.5,23h38m02.9626s,+01d14m33.386s,354.5123443385,1.2426074096,G,172362.67580252,0.57494,SLS,58.2254134004681,2,0,31,3,1,4,0,0,0,1
3983,DEEP2 33037471,23h33m47.8344s,+00d14m22.826s,353.44931,0.23967388889,G,417209.166104431,1.39165998,SLS,58.2331192167283,4,0,0,2,3,0,0,0,0,1
3984,SDSS J234017.76-002622.9,23h40m17.7657s,-00d26m22.951s,355.0740240175,-0.4397088235,G,165590.3641763,0.55235,SLS,58.2348027201896,2,0,15,1,1,4,0,0,0,1
3985,WIG S00J234034606-00220708,23h40m34.6061s,-00d22m07.078s,355.14419208333,-0.36863277778,G,166243.91173474,0.55453,SLS,58.236094842999,2,0,0,1,1,0,0,0,0,1
3986,DEEP2 33017863,23h33m53.3208s,+00d03m49.507s,353.47217,0.06375194444,G,377690.533284645,1.25984001,SLS,58.2379142219831,4,0,0,2,3,0,0,0,0,1
3987,WISEA J233556.43+010841.8,23h35m56.3832s,+01d08m41.217s,353.984930303,1.144782634,G,144820.74268606,0.48307,SLS,58.2387667068972,2,0,31,3,1,4,0,0,0,1
3988,SDSS J233732.12+011448.1,23h37m32.1287s,+01d14m48.107s,354.3838696548,1.2466964823,G,73077.40956208,0.24376,SLS,58.2402995192918,2,0,19,2,1,4,0,0,0,1
3989,SDSS J233712.96-004114.0,23h37m12.9642s,-00d41m14.056s,354.3040175152,-0.6872379749,G,137376.89595392,0.45824,SLS,58.2454766305116,2,0,9,2,1,4,0,0,0,1
3990,DEEP2 33018078,23h33m52.2072s,+00d05m04.110s,353.46753,0.084475,G,319174.0404097,1.06465,UUN,58.2506998996167,4,0,0,2,3,0,0,0,0,1
3991,DEEP2 33043947,23h33m47.9880s,+00d20m01.212s,353.44995,0.33367,G,264754.806261562,0.883126974,SLS,58.2526608540515,4,0,0,2,3,0,0,0,0,1
3992,DEEP2 33031257,23h33m48.4272s,+00d11m39.282s,353.45178,0.194245,G,261586.90715248,0.87256,UUN,58.2529923375047,5,0,0,2,3,0,0,0,0,1
3994,SDSS J233917.34-003624.0,23h39m17.3471s,-00d36m24.054s,354.8222799419,-0.6066818039,G,151158.35524818,0.50421,SLS,58.2587431088954,2,0,19,2,1,4,0,0,0,1
3997,WISEA J233730.74-004137.3,23h37m30.7471s,-00d41m37.327s,354.3781133,-0.693702,G,55708.8375742634,0.18582468,SLS,58.2741998798412,1,0,31,4,1,4,0,0,0,1
3998,SDSS J233441.22+005349.2,23h34m41.2211s,+00d53m49.232s,353.6717546086,0.8970089859,G,179680.6097023,0.59935,SLS,58.2768117849615,2,0,19,2,1,4,0,0,0,1
3999,WISEA J233851.35-003855.6,23h38m51.3546s,-00d38m56.034s,354.7139777314,-0.648898417,G,238041.20750116,0.79402,SLS,58.2828745683591,2,0,31,3,1,3,0,0,0,1
4000,WISEA J234101.26+004616.1,23h41m01.2990s,+00d46m16.373s,355.2554128647,0.7712148952,G,160382.96918084,0.53498,SLS,58.2903303249357,2,0,31,3,1,4,0,0,0,1
4002,WISEA J233347.89+001256.0,23h33m47.8632s,+00d12m56.624s,353.44943,0.21572888889,G,265947.384856581,0.887104988,UUN?,58.2984229797855,4,0,12,3,1,0,0,0,0,1
4003,WISEA J233348.35+001122.3,23h33m48.3332s,+00d11m22.437s,353.451388589,0.1895659905,G,148055.50330788,0.49386,SLS,58.3008956766538,2,0,35,4,1,4,0,0,0,1
4005,WISEA J233353.40+000323.2,23h33m53.4097s,+00d03m23.225s,353.4725404,0.0564516,G,106513.56489341,0.355291009,UUN?,58.313924432183,4,0,38,6,1,4,0,0,0,1
4006,WISEA J233530.87-003152.1,23h35m30.8785s,-00d31m52.164s,353.8786604,-0.5311567,G,82854.8527789903,0.27637404,SLS,58.3180018892742,5,0,18,6,3,0,0,0,0,1
4010,DEEP2 33024936,23h33m49.4760s,+00d08m39.580s,353.45615,0.14432777778,G,101304.968029986,0.337917,UUN?,58.3236302336511,4,0,0,2,1,0,0,0,0,1
4011,DEEP2 33004980,23h34m00.4752s,-00d02m43.479s,353.50198,-0.04541083333,G,315156.815476651,1.05124998,SLS,58.3254174474216,4,0,0,2,3,0,0,0,0,1
4012,SDSS J233900.05-003814.4,23h39m00.0504s,-00d38m14.566s,354.75021,-0.63737964,WD*,5.20503742757029,1.7362136e-05,SLS,58.3287330501614,1,0,13,6,3,4,0,0,0,2
4013,SDSS J233350.79+002644.1,23h33m50.7945s,+00d26m44.117s,353.4616441204,0.4455882074,G,184273.43015886,0.61467,SLS,58.3373646594921,2,0,15,1,1,4,0,0,0,1
4014,DEEP2 33044054,23h33m47.6376s,+00d19m58.454s,353.44849,0.33290388889,G,300787.76896056,1.00332,UUN,58.33743409309,4,0,0,2,3,0,0,0,0,1
4016,DEEP2 33025018,23h33m48.7344s,+00d09m59.227s,353.45306,0.16645194444,G,335545.691551457,1.11925995,UUN?,58.3419403965834,4,0,0,2,1,0,0,0,0,1
4017,DEEP2 33043648,23h33m47.2128s,+00d17m25.180s,353.44672,0.29032777778,G,406434.63115976,1.35572,UUN,58.3518388160731,5,0,0,2,3,0,0,0,0,1
4018,GALEXMSC J233656.35+011355.8,23h36m56.3990s,+01d13m54.598s,354.23499583333,1.23183277778,G,170081.25519714,0.56733,SLS,58.3653684319066,2,0,4,2,1,0,0,0,0,1
4019,WISEA J233633.15-003916.8,23h36m33.1526s,-00d39m16.800s,354.1381361,-0.6546668,G,27031.8737232302,0.090168625,SLS,58.3685467212556,6,0,56,9,6,8,0,0,0,1
4020,WISEA J233430.29+005026.5,23h34m30.2925s,+00d50m26.594s,353.6262188,0.8407208,G,93615.5612954982,0.3122679,SLS,58.3839900954962,11,0,29,8,7,4,0,0,0,1
4022,WISEA J233347.56+001222.6,23h33m47.6448s,+00d12m23.547s,353.44852,0.20654083333,G,220933.55088539,0.736955,SLS,58.3900685222701,4,0,12,3,2,0,0,0,0,1
4023,WISEA J233830.01+011341.0,23h38m30.0120s,+01d13m40.292s,354.62505,1.227859,G,484782.39213348,1.61706,SLS,58.3928726886767,15,0,27,6,6,4,0,0,0,1
4024,WISEA J233454.70-002431.2,23h34m54.7464s,-00d24m31.219s,353.72811,-0.408672,G,39818.0565330629,0.13281874,SLS,58.3958144197641,1,0,36,6,1,4,0,0,0,1
4025,WISEA J233932.19+010754.1,23h39m32.1907s,+01d07m54.137s,354.8841283,1.1317048,G,25378.4373733966,0.084653355,SLS,58.3958434335248,7,0,56,8,5,8,0,0,0,1
4026,DEEP2 33043930,23h33m47.1168s,+00d18m21.798s,353.44632,0.306055,G,300008.30856976,1.00072,SLS,58.396668313109,5,0,0,2,3,0,0,0,0,1
4027,DEEP2 33037338,23h33m47.0496s,+00d15m16.192s,353.44604,0.25449777778,G,415353.45678526,1.38547,SLS,58.4021175110695,5,0,0,2,3,0,0,0,0,1
4028,DEEP2 33005007,23h33m59.6496s,-00d02m23.571s,353.49854,-0.03988083333,G,223060.878167358,0.744051,SLS,58.4114678132332,4,0,0,2,3,0,0,0,0,1
4029,SDSS J234044.63+005235.7,23h40m44.6339s,+00d52m35.769s,355.185974635,0.8766026181,G,187846.95625822,0.62659,SLS,58.4146386561813,2,0,23,3,1,3,0,0,0,1
4030,WISEA J233421.47+004711.3,23h34m21.5123s,+00d47m10.963s,353.5896349352,0.786378824,G,91382.73704756,0.30482,SLS,58.4150308794556,2,0,27,2,1,4,0,0,0,1
4031,DEEP2 33049750,23h33m48.0168s,+00d22m31.861s,353.45007,0.37551694444,G,246628.469263546,0.822664022,SLS,58.4465584714662,5,0,0,2,3,0,0,0,0,1
4032,WISEA J233401.74-000401.3,23h34m01.7695s,-00d04m02.277s,353.5073730745,-0.0672993603,G,162769.31714652,0.54294,SLS,58.4707554027448,2,0,31,3,1,4,0,0,0,1
4033,SDSS J233421.29+004712.1,23h34m21.2926s,+00d47m12.165s,353.5887192542,0.7867125669,G,232836.81043028,0.77666,SLS,58.4723218600708,2,0,22,3,1,4,0,0,0,1
4034,SDSS J234006.96-002900.5,23h40m06.9720s,-00d29m00.535s,355.02905,-0.483482,G,20654.651082597,0.0688965,SLS,58.4739045947708,2,0,23,5,2,4,0,0,0,1
4035,WISEA J234023.04+005840.9,23h40m23.0487s,+00d58m40.922s,355.0960364,0.9780339,*,28.9020300409521,9.6406795e-05,SLS,58.4810146203922,0,0,23,4,1,4,0,0,0,1
4036,DEEP2 33043728,23h33m46.6560s,+00d17m12.620s,353.4444,0.28683888889,G,421415.245296397,1.40568995,UUN?,58.4884732882951,5,0,0,2,1,0,0,0,0,1
4037,WISEA J234018.15-002638.5,23h40m18.1575s,-00d26m38.517s,355.0756566,-0.4440327,G,16107.1442560637,0.05372765,SLS,58.4924639561338,13,0,59,8,5,8,0,0,0,1
4038,WISEA J233510.39+010127.3,23h35m10.4184s,+01d01m27.300s,353.79341,1.02425,G,26225.1816845078,0.08747779,SLS,58.4929577919614,3,0,36,7,2,4,0,0,0,1
4039,DEEP2 33018122,23h33m50.4048s,+00d06m01.368s,353.46002,0.10038,G,163047.526046506,0.543868005,UUN?,58.5124141610678,4,0,0,2,1,0,0,0,0,1
4040,DEEP2 33024995,23h33m48.5160s,+00d09m00.061s,353.45215,0.15001694444,G,413188.9552385,1.37825,SLS,58.516087343931,5,0,0,2,3,0,0,0,0,1
4041,WISEA J234130.70+002720.7,23h41m30.6912s,+00d27m20.779s,355.37788,0.455772,*,45.8718196000994,0.00015301192,SLS,58.5168223410064,0,0,23,4,1,4,0,0,0,1
4042,DEEP2 33049737,23h33m47.1312s,+00d20m49.149s,353.44638,0.34698583333,G,301435.32066984,1.00548,SLS,58.5186249044502,5,0,0,2,3,0,0,0,0,1
4044,WISEA J233523.13+010358.3,23h35m23.1389s,+01d03m58.371s,353.8464122,1.0662142,G,25745.0895453797,0.085876375,SLS,58.523308248552,2,0,34,6,2,4,0,0,0,1
4046,WISEA J233400.35+003628.3,23h34m00.3521s,+00d36m28.370s,353.5014672,0.6078806,G,25792.1074955302,0.08603321,SLS,58.5368294033729,1,0,36,6,1,4,0,0,0,1
4047,DEEP2 33044063,23h33m46.7280s,+00d19m45.724s,353.4447,0.32936777778,G,246096.63084762,0.82089,UUN,58.5526204770181,4,0,0,2,3,0,0,0,0,1
4049,DEEP2 33031395,23h33m47.5704s,+00d10m37.095s,353.44821,0.17697083333,G,40472.881207374,0.135003,UUN?,58.5632263098233,4,0,0,2,1,0,0,0,0,1
4050,SDSS J234131.19+002657.5,23h41m31.1958s,+00d26m57.592s,355.3799825713,0.4493311155,G,200198.40552782,0.66779,SLS,58.5712670155355,2,0,18,2,1,4,0,0,0,1
4052,DEEP2 33005031,23h33m58.6512s,-00d02m11.655s,353.49438,-0.03657083333,G,245463.766570442,0.818778992,UUN?,58.5835434796986,5,0,0,2,1,0,0,0,0,1
4053,WISEA J234007.47-002903.1,23h40m07.4720s,-00d29m03.134s,355.0311335,-0.4842039,G,49876.0245466976,0.16636851,SLS,58.5859606216951,5,0,53,6,5,8,0,0,0,1
4055,DEEP2 33017961,23h33m50.5008s,+00d05m28.824s,353.46042,0.09134,G,300140.226245054,1.00116003,UUN?,58.5893389947442,4,0,0,2,1,0,0,0,0,1
4056,SDSS J233428.36-001655.7,23h34m28.3693s,-00d16m55.780s,353.6182054986,-0.2821613669,G,144407.02909402,0.48169,SLS,58.5982980018878,2,0,19,2,1,4,0,0,0,1
4057,2MASS J23403886-0021275,23h40m38.8464s,-00d21m27.874s,355.16186,-0.357743,*,23.5506971915949,7.855667e-05,SLS,58.6056952575324,0,0,11,4,2,4,0,0,0,2
4058,WISEA J233400.92-000351.4,23h34m00.9225s,-00d03m51.458s,353.503844,-0.0642941,G,31204.6684575471,0.10408757,SLS,58.6057307854277,1,0,44,8,1,4,0,0,0,1
4059,WISEA J233646.38-004025.1,23h36m46.3829s,-00d40m25.108s,354.1932622,-0.6736411,G,47811.3988573203,0.15948166,SLS,58.6073128237314,10,0,61,8,3,8,0,0,0,1
4060,WISEA J233349.89+000610.4,23h33m49.9008s,+00d06m11.091s,353.45792,0.10308083333,G,261072.161403547,0.870842993,SLS,58.6073234895994,4,0,12,3,3,0,0,0,0,1
4061,DEEP2 33031264,23h33m47.1240s,+00d11m18.171s,353.44635,0.18838083333,G,374102.005570686,1.24786997,UUN?,58.6083842537857,4,0,0,2,1,0,0,0,0,1
4062,DEEP2 33011315,23h33m54.1848s,+00d01m24.056s,353.47577,0.02334888889,G,60982.2846428248,0.203415006,UUN?,58.6086526564566,4,0,0,2,1,0,0,0,0,1
4063,DEEP2 33030913,23h33m47.1024s,+00d11m21.235s,353.44626,0.18923194444,G,436129.07412466,1.45477,UUN,58.6091674415349,4,0,0,2,3,0,0,0,0,1
4065,WISEA J233701.02-004111.1,23h37m01.0213s,-00d41m11.122s,354.2542554,-0.686423,*,19.7647651378173,6.592816e-05,SLS,58.6263687601196,0,0,23,4,1,4,0,0,0,1
4066,WISEA J233504.88+010026.6,23h35m04.8824s,+01d00m26.675s,353.7703435,1.0074099,G,21937.9201938774,0.073177025,SLS,58.6313455577706,6,0,55,7,5,8,0,0,0,1
4067,WISEA J233831.66-004037.9,23h38m31.6603s,-00d40m37.956s,354.631918,-0.6772102,G,25934.1251787339,0.08650693,SLS,58.6388394044658,9,0,62,9,5,8,0,0,0,1
4068,2MASS J23402633+0058059,23h40m26.3347s,+00d58m05.919s,355.109728,0.968311,*,9.2516887891269,3.0860312e-05,SLS,58.6401353033562,0,0,11,3,1,4,0,0,0,1
4069,WISEA J233447.55+005612.1,23h34m47.5505s,+00d56m12.106s,353.6981271,0.9366962,G,22513.2324135155,0.07509606,SLS,58.6489766774852,1,0,32,5,1,4,0,0,0,1
4070,WISEA J233411.63+004316.0,23h34m11.6327s,+00d43m16.036s,353.5484698,0.7211212,G,187130.4522836,0.6242,SLS,58.6526153910738,2,0,30,3,1,4,0,0,0,1
4071,DEEP2 33037444,23h33m45.9384s,+00d16m23.167s,353.44141,0.27310194444,G,144415.424482014,0.481718004,UUN?,58.6651107084075,5,0,0,2,1,0,0,0,0,1
4072,SDSS J234034.59-002245.9,23h40m34.5967s,-00d22m45.906s,355.144153211,-0.3794183281,G,164511.1113275,0.54875,SLS,58.666591712595,2,0,15,1,1,4,0,0,0,1
4073,WISEA J233517.61+010307.7,23h35m17.6155s,+01d03m07.701s,353.8233982,1.0521392,QSO,187094.47718864,0.62408,SLS,58.6726526513323,40,0,39,14,21,5,0,1,0,1
4075,SDSS J234122.42-000234.6,23h41m22.4267s,-00d02m34.636s,355.3434449306,-0.0429546432,G,118043.2803375,0.39375,SLS,58.6787252827288,2,0,19,2,1,4,0,0,0,1
4076,DEEP2 33018182,23h33m50.7360s,+00d04m42.196s,353.4614,0.07838777778,G,241838.07898173,0.806685,SLS,58.6842224064326,4,0,0,2,3,0,0,0,0,1
4077,DEEP2 33011533,23h33m53.6064s,+00d01m37.851s,353.47336,0.02718083333,G,23972.3038993446,0.0799629986,UUN?,58.6892508755307,4,0,0,2,1,0,0,0,0,1
4079,WISEA J233345.78+001603.9,23h33m45.7920s,+00d16m04.900s,353.4408,0.26802777778,G,164646.625013327,0.549202025,UUN?,58.7036211607983,4,0,12,3,1,0,0,0,0,1
4081,DEEP2 33037518,23h33m45.8856s,+00d14m40.851s,353.44119,0.24468083333,G,231814.5181485,0.77325,UUN,58.709363853665,4,0,0,2,3,0,0,0,0,1
4082,DEEP2 33011439,23h33m53.8920s,+00d01m14.847s,353.47455,0.02079083333,G,378080.26048212,1.26114,UUN,58.7192956486029,4,0,0,2,3,0,0,0,0,1
4083,DEEP2 33025076,23h33m48.6768s,+00d07m18.300s,353.45282,0.12175,G,317351.30226506,1.05857,UUN,58.7207547772969,5,0,0,2,3,0,0,0,0,1
4084,DEEP2 33037311,23h33m45.7176s,+00d15m59.598s,353.44049,0.266555,G,379498.272812611,1.26586998,SLS,58.7230702706257,4,0,0,2,3,0,0,0,0,1
4085,WISEA J233512.43-002858.0,23h35m12.4357s,-00d28m58.094s,353.8018157,-0.482804,QSO,340457.506172952,1.135644,SLS,58.7237570759918,24,0,27,10,13,4,0,1,0,1
4086,WISEA J233349.66+000548.1,23h33m49.7051s,+00d05m48.278s,353.4571048129,0.0967440567,G,127064.03539872,0.42384,SLS,58.7241686078372,2,0,31,3,1,4,0,0,0,1
4087,WISEA J233346.27+001230.9,23h33m46.2600s,+00d12m32.511s,353.44275,0.20903083333,G,271867.392220763,0.906852007,SLS,58.7248523056301,5,0,12,3,3,0,0,0,0,1
4088,WISEA J233417.60+004612.9,23h34m17.6775s,+00d46m11.886s,353.5736565646,0.7699684494,G,110437.54567804,0.36838,SLS,58.7316893580991,2,0,27,2,1,4,0,0,0,1
4089,GALEXMSC J233355.84-000031.7,23h33m55.8336s,-00d00m30.322s,353.48264,-0.00842277778,G,302232.759614346,1.00813997,SLS,58.7372557369881,5,0,4,3,3,0,0,0,0,1
4090,WISEA J233422.06+004800.3,23h34m22.0706s,+00d48m01.231s,353.5919611807,0.800342174,G,173208.09053408,0.57776,SLS,58.7399581663445,6,0,25,5,3,4,0,0,0,1
4091,WISEA J233508.13-002806.1,23h35m08.1362s,-00d28m06.118s,353.7839011,-0.4683663,QSO,430877.909430332,1.437254,SLS,58.7457778591783,22,0,24,9,11,4,0,1,0,1
4093,WISEA J233346.71+001046.2,23h33m46.7179s,+00d10m46.234s,353.4446579,0.1795096,G,142701.210008,0.476,SUN,58.7599279016962,10,0,53,11,2,4,0,0,0,1
4094,WISEA J233836.96-004026.9,23h38m36.9672s,-00d40m26.920s,354.65403,-0.6741447,G,85836.7654438085,0.28632063,SLS,58.7632887680565,2,0,33,4,1,4,0,0,0,1
4095,DEEP2 33049708,23h33m46.6248s,+00d22m13.951s,353.44427,0.37054194444,G,392380.36072872,1.30884,SLS,58.7634197713504,4,0,0,2,3,0,0,0,0,1
4096,DEEP2 33024960,23h33m48.3624s,+00d07m28.113s,353.45151,0.12447583333,G,271577.191022872,0.905884,SLS,58.772727953915,4,0,0,2,3,0,0,0,0,1
4097,DEEP2 33018275,23h33m49.4760s,+00d05m49.574s,353.45615,0.09710388889,G,416729.50416748,1.39006,UUN,58.7765199082981,4,0,0,2,3,0,0,0,0,1
4098,DEEP2 33037249,23h33m45.4536s,+00d16m35.248s,353.43939,0.27645777778,G,407031.21815118,1.35771,SLS,58.7859124812311,5,0,0,2,3,0,0,0,0,1
4099,DEEP2 33037438,23h33m45.4248s,+00d16m42.056s,353.43927,0.27834888889,G,233910.960811445,0.78024298,UUN?,58.7931930065093,4,0,0,2,1,0,0,0,0,1
4100,WISEA J233745.76-004211.0,23h37m45.7673s,-00d42m11.098s,354.4406973,-0.7030828,G,86104.2462706853,0.28721285,SLS,58.7991602834077,13,0,41,11,10,4,0,0,0,1
4102,WISEA J233824.29-004110.8,23h38m24.2983s,-00d41m10.801s,354.6012431,-0.6863338,G,24735.7198175018,0.08250948,SLS,58.8036900436644,1,0,36,6,1,4,0,0,0,1
4103,WISEA J233514.38+010239.9,23h35m14.3829s,+01d02m39.997s,353.8099288,1.0444436,G,25310.2061089181,0.08442576,SLS,58.8060373240182,13,0,66,6,3,10,0,0,1,1
4104,WISEA J234108.09+004419.2,23h41m08.0910s,+00d44m19.295s,355.2837128,0.7386933,*,12.1312529083688,4.0465504e-05,SLS,58.8136517551046,0,0,29,6,1,3,0,0,0,1
4106,WISEA J233914.15-003722.2,23h39m14.1506s,-00d37m22.237s,354.8089609,-0.6228436,G,23033.3381518053,0.076830946,SLS,58.8200111104758,2,0,36,7,2,4,0,0,0,1
4107,SDSS J233927.49+010900.8,23h39m27.4944s,+01d09m00.833s,354.86456,1.1502314,*,66.6355321809922,0.00022227221,SLS,58.8323183815338,0,0,5,2,1,4,0,0,0,1
4108,SDSS J233437.64-002024.3,23h34m37.6486s,-00d20m24.313s,353.6568691922,-0.3400869937,G,137056.11802386,0.45717,SLS,58.8329486949181,2,0,19,2,1,4,0,0,0,1
4109,DEEP2 33025085,23h33m48.4488s,+00d06m57.175s,353.45187,0.11588194444,G,314578.22202856,1.04932,SLS,58.8337508698668,4,0,0,2,3,0,0,0,0,1
4110,DEEP2 33031345,23h33m45.7536s,+00d12m48.063s,353.44064,0.21335083333,G,314068.57484996,1.04762,UUN,58.8338350020242,5,0,0,2,3,0,0,0,0,1
4111,WISEA J233445.23-002238.3,23h34m45.2315s,-00d22m38.393s,353.6884648,-0.3773316,QSO,462741.950413778,1.543541,SLS,58.8377218796383,26,0,21,12,16,4,0,0,0,1
4113,SDSS J233345.69+002020.2,23h33m45.6977s,+00d20m20.233s,353.4404074305,0.3389537131,G,286082.646704862,0.954268992,SLS,58.8434975277755,5,0,19,3,3,4,0,0,0,1
4114,DEEP2 33037105,23h33m45.2568s,+00d15m18.810s,353.43857,0.255225,G,261290.413610688,0.871571004,UUN?,58.8492255774774,4,0,0,2,1,0,0,0,0,1
4115,DEEP2 33031360,23h33m45.7320s,+00d12m23.828s,353.44055,0.20661888889,G,138177.643407993,0.460911006,UUN?,58.866696464434,4,0,0,2,1,0,0,0,0,1
4116,WISEA J233612.37-003759.3,23h36m12.3786s,-00d37m59.364s,354.0515778,-0.6331569,G,244600.6664822,0.8159,SLS,58.8763677559974,2,0,27,2,1,4,0,0,0,1
4117,WISEA J233902.93+011146.6,23h39m02.8613s,+01d11m46.152s,354.7619220811,1.1961534572,G,66413.02322074,0.22153,SLS,58.8769501778595,2,0,35,4,1,4,0,0,0,1
4118,DEEP2 33031023,23h33m46.3560s,+00d10m29.251s,353.44315,0.17479194444,G,397731.644112322,1.32668996,SLS,58.8786767097019,4,0,0,2,3,0,0,0,0,1
4119,SDSS J233928.04-003547.6,23h39m28.0469s,-00d35m47.691s,354.8668623899,-0.5965808769,G,238406.95429992,0.79524,SLS,58.879151299628,2,0,15,1,1,4,0,0,0,1
4120,WISEA J233724.58+011520.6,23h37m24.5895s,+01d15m20.642s,354.3524563,1.255734,G,25512.5570242943,0.08510073,SLS,58.8802168494874,4,0,52,7,1,6,0,0,1,1
4121,DEEP2 33011366,23h33m51.5928s,+00d02m50.222s,353.46497,0.04728388889,G,329864.630468206,1.10030997,SLS,58.8825680593438,5,0,0,2,3,0,0,0,0,1
4123,DEEP2 33031293,23h33m46.3848s,+00d10m09.285s,353.44327,0.16924583333,G,294996.984137474,0.984004021,SLS,58.9070059618313,5,0,0,2,3,0,0,0,0,1
4124,SDSS J233644.23+011348.0,23h36m44.2319s,+01d13m48.060s,354.1842998474,1.2300167671,G,88999.38700646,0.29687,SLS,58.9109564690282,2,0,15,1,1,4,0,0,0,1
4126,DEEP2 33044092,23h33m45.0648s,+00d18m40.856s,353.43777,0.31134888889,G,311148.578321493,1.03787994,SLS,58.9197785908473,4,0,0,2,3,0,0,0,0,1
4130,DEEP2 33037149,23h33m44.8968s,+00d15m20.102s,353.43707,0.25558388889,G,258274.801575458,0.861512005,UUN?,58.9387361982654,4,0,0,2,1,0,0,0,0,1
4132,SDSS J233931.99-003520.7,23h39m31.9968s,-00d35m20.834s,354.88332,-0.58912064,G,55829.9027625776,0.18622851,SLS,58.9412691780847,2,0,15,2,1,4,0,0,0,1
4133,GALEXMSC J233349.83+000428.3,23h33m49.8336s,+00d04m28.480s,353.45764,0.07457777778,G,214495.50784984,0.71548,UUN,58.9517534470713,4,0,3,3,3,0,0,0,0,1
4134,DEEP2 33024946,23h33m47.1456s,+00d08m14.060s,353.44644,0.13723888889,G,108098.868910276,0.360579014,UUN?,58.9597116133488,4,0,0,2,1,0,0,0,0,1
4135,SDSS J234011.66+010152.8,23h40m11.6675s,+01d01m52.828s,355.0486147088,1.0313413159,G,213215.39405418,0.71121,SLS,58.9614538148288,2,0,9,2,1,4,0,0,0,1
4136,WISEA J233350.88+003002.8,23h33m50.9371s,+00d30m01.746s,353.4622382414,0.5004850734,G,247286.80690588,0.82486,SLS,58.9639534729589,2,0,35,4,1,4,0,0,0,1
4137,DEEP2 33018652,23h33m48.2304s,+00d06m28.807s,353.45096,0.10800194444,G,293967.192247564,0.980569005,SLS,58.96692331082,4,0,0,2,3,0,0,0,0,1
4138,DEEP2 33018198,23h33m50.2656s,+00d03m51.213s,353.45944,0.06422583333,G,242295.562272638,0.808211,SLS,58.9771936501997,6,0,0,2,3,0,0,0,0,1
4139,DEEP2 33043750,23h33m44.9424s,+00d19m21.223s,353.43726,0.32256194444,G,127315.260878939,0.424677998,UUN?,58.9779103762231,5,0,0,2,1,0,0,0,0,1
4140,DEEP2 33044015,23h33m45.0504s,+00d19m54.368s,353.43771,0.33176888889,G,401883.78164732,1.34054,UUN,58.9793005647847,5,0,0,2,3,0,0,0,0,1
4142,DEEP2 33024739,23h33m47.1816s,+00d07m59.113s,353.44659,0.13308694444,G,374323.866979229,1.24861002,UUN?,58.9866768210526,4,0,0,2,1,0,0,0,0,1
4144,DEEP2 33017864,23h33m50.2368s,+00d03m48.470s,353.45932,0.06346388889,G,241875.55303898,0.80681,UUN,58.9941205745618,5,0,0,2,3,0,0,0,0,1
4148,DEEP2 33025077,23h33m47.4312s,+00d07m17.464s,353.44763,0.12151777778,G,220978.523351599,0.737105012,SLS,59.030443400123,4,0,0,2,3,0,0,0,0,1
4149,DEEP2 33100252,23h33m54.3312s,-00d00m16.822s,353.47638,-0.00467277778,G,423399.88635798,1.41231,UUN?,59.0319403644665,5,0,0,2,1,0,0,0,0,1
4151,WISEA J233345.28+002130.9,23h33m45.2496s,+00d21m31.737s,353.43854,0.35881583333,G,224441.718631397,0.748656988,SLS,59.0427827151908,5,0,12,3,3,0,0,0,0,1
4152,DEEP2 33018576,23h33m49.6944s,+00d04m11.935s,353.45706,0.06998194444,G,341463.609662,1.139,SLS,59.0431160520261,5,0,0,2,3,0,0,0,0,1
4153,WISEA J233345.38+002200.9,23h33m45.3960s,+00d22m01.455s,353.43915,0.36707083333,G,382154.430992566,1.27472997,UUN?,59.0497229957795,4,0,12,3,1,0,0,0,0,1
4154,SDSS J233344.45+001501.8,23h33m44.4543s,+00d15m01.837s,353.4352265825,0.25051037,G,187654.796787453,0.625949025,SLS,59.0566318812499,4,0,9,3,3,4,0,0,0,1
4156,DEEP2 33024888,23h33m46.0704s,+00d09m30.160s,353.44196,0.15837777778,G,293571.7644965,0.97925,UUN,59.0599629972752,5,0,0,2,3,0,0,0,0,1
4157,WISEA J233424.77+004938.7,23h34m24.7719s,+00d49m38.796s,353.6032163,0.8274435,G,221606.5849536,0.7392,SLS,59.0646009001787,3,0,32,4,1,4,0,0,0,1
4159,DEEP2 33044007,23h33m44.3256s,+00d17m12.357s,353.43469,0.28676583333,G,415581.29905334,1.38623,UUN,59.0709898945634,4,0,0,2,3,0,0,0,0,1
4160,DEEP2 33037367,23h33m44.5104s,+00d14m09.006s,353.43546,0.235835,G,294078.41375052,0.98094,UUN,59.0726282551372,5,0,0,2,3,0,0,0,0,1
4161,DEEP2 33049694,23h33m44.9928s,+00d21m07.189s,353.43747,0.35199694444,G,318406.57171722,1.06209,SLS,59.0740670060093,4,0,0,2,3,0,0,0,0,1
4162,DEEP2 33025037,23h33m46.2816s,+00d08m57.753s,353.44284,0.14937583333,G,402843.11751292,1.34374,SLS,59.0749596920344,4,0,0,2,3,0,0,0,0,1
4163,GALEXMSC J233346.60+000822.8,23h33m46.6032s,+00d08m21.688s,353.44418,0.13935777778,G,271661.732496028,0.906166,SLS,59.0760748434352,5,0,3,3,3,0,0,0,0,1
4164,WISEA J233344.77+001259.1,23h33m44.7144s,+00d13m01.106s,353.43631,0.21697388889,G,237303.71805448,0.79156,UUN,59.0795084132748,5,0,12,3,3,0,0,0,0,1
4165,WISEA J233344.84+001225.6,23h33m44.8536s,+00d12m26.366s,353.43689,0.20732388889,G,245260.2098898,0.8181,SLS,59.082740912142,4,0,12,3,3,0,0,0,0,1
4166,SDSS J234136.93+001631.8,23h41m36.9399s,+00d16m31.860s,355.4039164897,0.275516767,G,155745.17985558,0.51951,SLS,59.0843476726088,2,0,5,1,1,3,0,0,0,1
4167,DEEP2 33024864,23h33m47.3064s,+00d07m07.348s,353.44711,0.11870777778,G,215952.49919572,0.72034,UUN,59.0880657009591,5,0,0,2,3,0,0,0,0,1
4168,WISEA J233606.65-003737.5,23h36m06.6543s,-00d37m37.579s,354.0277263,-0.6271053,G,86242.195770234,0.287673,SUN,59.093898107314,6,0,36,8,5,4,4,0,0,1
4171,2MASX J23362581+0112423,23h36m25.7980s,+01d12m41.932s,354.107492,1.211648,G,25666.9531380889,0.08561574,SLS,59.1331158738677,8,0,36,7,4,6,0,0,1,1
4172,DEEP2 33011466,23h33m53.4960s,+00d00m03.848s,353.4729,0.00106888889,G,315675.46242484,1.05298,UUN,59.134790565628,4,0,0,2,3,0,0,0,0,1
4173,WISEA J233350.59+000244.2,23h33m50.6256s,+00d02m44.750s,353.46094,0.04576388889,G,211744.920142086,0.706305027,SLS,59.1389961820084,5,0,16,4,3,0,0,0,0,1
4174,WISEA J233518.27-003038.4,23h35m18.2515s,-00d30m38.041s,353.8260480637,-0.5105670409,G,182162.89125454,0.60763,SLS,59.1394134760093,2,0,27,2,1,3,0,0,0,1
4177,WISEA J233416.18+004623.4,23h34m16.1496s,+00d46m23.296s,353.56729,0.773138,*,71.79279887955,0.000239475,SLS,59.1574465852975,0,0,17,3,1,4,0,0,0,1
4179,DEEP2 33024878,23h33m46.1424s,+00d08m27.074s,353.44226,0.14085388889,G,365626.8817768,1.2196,UUN,59.1777204400064,4,0,0,2,3,0,0,0,0,1
4180,WISEA J233343.92+001806.7,23h33m43.9255s,+00d18m06.732s,353.433023,0.30187,G,85652.504005348,0.285706,SLS,59.1871825192822,1,0,34,5,1,4,0,0,0,1
4181,WISEA J233540.32+010735.8,23h35m40.3282s,+01d07m35.839s,353.9180345,1.126622,G,25161.9899168527,0.083931364,SLS,59.2001238722084,10,0,61,7,4,8,0,0,0,1
4182,WISEA J233516.24+010333.1,23h35m16.2457s,+01d03m33.104s,353.8176906,1.0591957,G,24352.2582823986,0.08123039,SLS,59.2169992989112,3,0,34,5,1,4,0,0,0,1
4184,DEEP2 33024867,23h33m46.9032s,+00d06m54.633s,353.44543,0.11517583333,G,342237.071205715,1.14157999,SLS,59.2218705058007,4,0,0,2,3,0,0,0,0,1
4185,WISEA J234133.24+002747.4,23h41m33.2477s,+00d27m47.427s,355.3885323,0.4631742,G,55658.9910822718,0.18565841,SLS,59.2274743305988,2,0,41,7,1,4,0,0,0,1
4186,DEEP2 33037360,23h33m43.7832s,+00d14m35.685s,353.43243,0.24324583333,G,336442.0859905,1.12225,SLS,59.2375353704323,4,0,0,2,3,0,0,0,0,1
4187,WISEA J233354.20-000047.3,23h33m54.0600s,-00d00m46.353s,353.47525,-0.01287583333,G,377603.5904739,1.25955,UUN,59.2393825093047,4,0,12,3,3,0,0,0,0,1
4188,DEEP2 33004992,23h33m57.3264s,-00d03m15.814s,353.48886,-0.05439277778,G,295551.602882906,0.98585403,SLS,59.2472296374099,4,0,0,2,3,0,0,0,0,1
4189,SDSS J233625.83-003937.8,23h36m25.8374s,-00d39m37.857s,354.1076558865,-0.6605160384,G,149893.23107542,0.49999,SLS,59.2557974967011,2,0,19,2,1,4,0,0,0,1
4190,SDSS J233343.53+001613.3,23h33m43.5324s,+00d16m13.362s,353.4313850393,0.2703784334,G,229343.928502122,0.765009,SLS,59.2674191867833,4,0,15,2,3,4,0,0,0,1
4191,DEEP2 33011373,23h33m50.7120s,+00d02m05.661s,353.4613,0.03490583333,G,35303.5607534574,0.117760003,UUN?,59.2740658704797,5,0,0,2,1,0,0,0,0,1
4192,WISEA J233344.25+001147.6,23h33m44.2648s,+00d11m47.001s,353.4344368652,0.1963891925,G,237785.484534486,0.793167,SLS,59.2792845786708,4,0,27,3,3,4,0,0,0,1
4195,SDSS J233759.25-004230.6,23h37m59.2502s,-00d42m30.673s,354.4968759271,-0.7085205085,G,147192.10102884,0.49098,SLS,59.2948242728193,2,0,19,2,1,4,0,0,0,1
4196,DEEP2 33005041,23h33m53.4600s,-00d00m28.656s,353.47275,-0.00796,G,48448.8583532942,0.161607996,UUN?,59.2971823026026,5,0,0,2,1,0,0,0,0,1
4198,WISEA J233344.28+002136.9,23h33m44.2152s,+00d21m37.926s,353.43423,0.360535,G,389718.209697529,1.29996002,UUN?,59.3091375867486,5,0,12,3,1,0,0,0,0,1
4199,DEEP2 33012107,23h33m49.6368s,+00d02m57.148s,353.45682,0.04920777778,G,110005.243454642,0.366937995,UUN?,59.3314701132961,4,0,0,2,1,0,0,0,0,1
4200,WISEA J234004.50+010347.3,23h40m04.5086s,+01d03m47.353s,355.0187861,1.0631537,*,9.53843847644915,3.1816806e-05,SLS,59.3378645403264,0,0,23,4,1,4,0,0,0,1
4201,WISEA J233346.79+000617.4,23h33m46.8312s,+00d06m18.050s,353.44513,0.10501388889,G,339329.08736104,1.13188,UUN,59.3424187154816,4,0,12,3,3,0,0,0,0,1
4202,DEEP2 33004868,23h33m54.0384s,-00d01m07.532s,353.47516,-0.01875888889,G,271336.15788664,0.90508,UUN,59.3490154146124,4,0,0,2,3,0,0,0,0,1
4203,WISEA J233504.61+010121.5,23h35m04.6133s,+01d01m21.508s,353.7692222,1.0226411,G,26414.6115449443,0.08810966,SLS,59.3619667111865,12,0,54,6,4,6,0,0,1,1
4204,DEEP2 33031218,23h33m43.5360s,+00d13m11.384s,353.4314,0.21982888889,G,428319.48059376,1.42872,SLS,59.363473390002,4,0,0,2,3,0,0,0,0,1
4205,DEEP2 33018699,23h33m47.2920s,+00d05m31.898s,353.44705,0.09219388889,G,374707.59532962,1.24989,UUN,59.3675754311491,4,0,0,2,3,0,0,0,0,1
4206,DEEP2 33011553,23h33m51.8784s,+00d00m37.310s,353.46616,0.01036388889,G,200017.623180835,0.667186975,UUN?,59.3706416942065,5,0,0,2,1,0,0,0,0,1
4207,WISEA J233343.03+001610.4,23h33m43.1077s,+00d16m10.672s,353.4296154051,0.2696313158,G,187115.4626607,0.62415,UUN,59.3738974986696,5,0,31,4,3,4,0,0,0,1
4208,DEEP2 33037289,23h33m43.0008s,+00d16m52.298s,353.42917,0.28119388889,G,272202.55809026,0.90797,UUN,59.3997131740386,4,0,0,2,3,0,0,0,0,1
4209,DEEP2 33004995,23h33m56.8296s,-00d03m23.788s,353.48679,-0.05660777778,G,337521.3388393,1.12585,UUN,59.4088575811513,6,0,0,2,3,0,0,0,0,1
4211,DEEP2 33100433,23h33m46.6248s,+00d06m04.276s,353.44427,0.10118777778,G,233568.3040278,0.7791,UUN,59.4334797749252,4,0,0,2,3,0,0,0,0,1
4212,DEEP2 33030926,23h33m44.2008s,+00d10m17.932s,353.43417,0.17164777778,G,20544.77714674,0.06853,UUN,59.4342975787298,4,0,0,2,3,0,0,0,0,1
4213,SDSS J233813.98+011526.7,23h38m13.9896s,+01d15m26.787s,354.55829,1.257441,G,76766.0109964433,0.25606385,SLS,59.4354340692418,1,0,24,5,1,4,0,0,0,1
4214,SDSS J233504.51+010126.8,23h35m04.5192s,+01d01m26.842s,353.76883,1.024123,G,26458.5952956273,0.088256374,SLS,59.4444732880565,2,0,15,2,1,4,0,0,0,1
4215,SDSS J234057.75+004950.2,23h40m57.7530s,+00d49m50.291s,355.2406376604,0.8306365328,G,212265.05196232,0.70804,SLS,59.4463167588238,2,0,15,1,1,4,0,0,0,1
4216,GALEXMSC J233353.37+003401.9,23h33m53.2490s,+00d34m01.819s,353.47187083333,0.56717194444,G,83027.5212431,0.27695,SLS,59.4488284778146,2,0,4,2,1,0,0,0,0,1
4217,DEEP2 33031184,23h33m43.1184s,+00d13m18.814s,353.42966,0.22189277778,G,192552.195588813,0.642284989,UUN?,59.460722946919,5,0,0,2,1,0,0,0,0,1
4218,WISEA J233400.29+003900.7,23h34m00.2905s,+00d39m00.758s,353.5012105,0.6502108,*,28.1275267184451,9.382333e-05,SLS,59.4611959645889,0,0,23,4,1,4,0,0,0,1
4219,GALEXMSC J233343.44+002033.7,23h33m43.2792s,+00d20m33.867s,353.43033,0.34274083333,G,327016.61111098,1.09081,UUN,59.461632848667,4,0,4,3,3,0,0,0,0,1
4221,DEEP2 33037576,23h33m42.8616s,+00d14m41.071s,353.42859,0.24474194444,G,261640.86979492,0.87274,UUN,59.4648387659483,5,0,0,2,3,0,0,0,0,1
4222,WISEA J233349.57+000223.4,23h33m49.6008s,+00d02m24.216s,353.45667,0.04006,G,286796.4549457,0.95665,UUN,59.4688699388747,6,0,12,3,3,0,0,0,0,1
4223,DEEP2 33012119,23h33m49.3656s,+00d02m33.608s,353.45569,0.04266888889,G,223058.477729147,0.744042993,SLS,59.488831124749,5,0,0,2,3,0,0,0,0,1
4224,SDSS J233342.91+001345.0,23h33m42.9133s,+00d13m45.007s,353.4288056147,0.2291688309,G,315765.40016224,1.05328,SLS,59.4893799444801,4,0,15,2,3,3,0,0,0,1
4225,DEEP2 33018676,23h33m46.1136s,+00d06m28.220s,353.44214,0.10783888889,G,271375.13090618,0.90521,UUN,59.4900032340448,4,0,0,2,3,0,0,0,0,1
4226,WISEA J233342.95+002003.1,23h33m43.0368s,+00d20m04.092s,353.42932,0.33447,G,281610.0454223,0.93935,UUN,59.4911290460206,4,0,12,3,3,0,0,0,0,1
4228,DEEP2 33031261,23h33m43.5432s,+00d11m20.090s,353.43143,0.18891388889,G,188056.813976745,0.62729001,UUN?,59.4971280031889,5,0,0,2,1,0,0,0,0,1
4229,SDSS J233821.07-004201.8,23h38m21.0792s,-00d42m01.875s,354.58783,-0.700521,G,98965.8073971952,0.3301144,SLS,59.4981612648793,3,0,15,2,1,4,0,0,0,1
4230,DEEP2 33018672,23h33m48.5952s,+00d03m17.708s,353.45248,0.05491888889,G,382106.47319306,1.27457,SLS,59.5073595889932,4,0,0,2,3,0,0,0,0,1
4231,WISEA J233523.97+010520.2,23h35m23.9776s,+01d05m20.204s,353.8499067,1.0889457,G,56230.3745217477,0.18756434,SLS,59.5120946239392,11,0,67,8,6,10,0,0,1,1
4233,WISEA J233343.91+001011.8,23h33m43.9176s,+00d10m11.892s,353.43299,0.16997,G,20458.483386667,0.068242155,SLS,59.5154456645353,6,0,44,8,1,4,0,0,0,1
4234,SDSS J233349.48+000219.3,23h33m49.4842s,+00d02m19.306s,353.4561844206,0.0386962962,G,286682.833604118,0.956271,SLS,59.5167403746678,5,0,15,2,3,4,0,0,0,1
4235,DEEP2 33037479,23h33m42.6480s,+00d14m08.617s,353.4277,0.23572694444,G,271147.2886381,0.90445,UUN,59.5380935159444,5,0,0,2,3,0,0,0,0,1
4236,WISEA J234134.21+002812.5,23h41m34.2134s,+00d28m12.595s,355.3925561,0.4701653,G,28175.1739329649,0.093982264,SLS,59.5449048865147,19,0,76,12,8,10,0,0,2,1
4237,SDSS J233411.63+004511.0,23h34m11.6352s,+00d45m11.077s,353.54848,0.753077,G,39448.6162912204,0.13158642,SLS,59.548190181364,1,0,16,3,1,4,0,0,0,1
4238,SDSS J233342.79+002012.0,23h33m42.8064s,+00d20m11.978s,353.42836,0.3366607,*,39.3638739571175,0.00013130375,SLS,59.5564240325313,0,0,5,2,1,4,0,0,0,1
4239,DEEP2 33004865,23h33m53.1072s,-00d01m04.915s,353.47128,-0.01803194444,G,314982.950840634,1.05067003,UUN?,59.5582655074958,4,0,0,2,1,0,0,0,0,1
4240,WISEA J233353.40-000119.6,23h33m53.4007s,-00d01m19.644s,353.4725031,-0.0221234,*,5.47134786469102,1.8250452e-05,SLS,59.5616235348204,0,0,23,4,1,4,0,0,0,1
4241,WISEA J233512.68-003005.5,23h35m12.6851s,-00d30m05.569s,353.8028547,-0.5015471,G,59148.8121294336,0.1972992,SLS,59.5618921510821,1,0,35,5,1,4,0,0,0,1
4242,DEEP2 33043829,23h33m42.6936s,+00d20m05.910s,353.42789,0.334975,G,284289.890204362,0.948289,SLS,59.5785522301394,4,0,0,2,3,0,0,0,0,1
4243,DEEP2 33037432,23h33m42.2616s,+00d16m54.314s,353.42609,0.28175388889,G,221804.44797588,0.73986,UUN,59.5846702841113,5,0,0,2,3,0,0,0,0,1
4244,WISEA J233345.09+000730.0,23h33m45.0072s,+00d07m30.385s,353.43753,0.12510694444,G,100717.372114174,0.335956991,UUN?,59.5956884440883,4,0,12,3,1,0,0,0,0,1
4245,DEEP2 33037585,23h33m42.3864s,+00d14m20.162s,353.42661,0.23893388889,G,414517.053814987,1.38268006,SLS,59.5958101618466,4,0,0,2,3,0,0,0,0,1
4246,WISEA J233836.99-004118.3,23h38m36.9986s,-00d41m18.389s,354.6541612,-0.6884415,QSO,407407.757478428,1.358966,SLS,59.5982816456797,25,0,24,11,14,4,0,0,0,1
4247,DEEP2 33012110,23h33m48.5808s,+00d02m53.592s,353.45242,0.04822,G,253497.911547611,0.845578015,UUN?,59.6020236336998,4,0,0,2,1,0,0,0,0,1
4248,SDSS J234122.89+003809.2,23h41m22.8945s,+00d38m09.236s,355.345393787,0.6358990508,G,307862.87096936,1.02692,SLS,59.6053266430881,4,0,22,4,2,4,0,0,0,1
4249,WISEA J233356.28-000333.8,23h33m56.2128s,-00d03m33.886s,353.48422,-0.05941277778,G,338222.865182718,1.12819004,SLS,59.6108043936989,6,0,12,3,3,0,0,0,0,1
4250,WISEA J234059.52-001617.1,23h40m59.4676s,-00d16m17.529s,355.2477818391,-0.2715359771,G,160098.16634574,0.53403,SLS,59.6124719069257,2,0,31,3,1,4,0,0,0,1
4251,SDSS J233917.06+011107.2,23h39m17.0644s,+01d11m07.227s,354.8211020486,1.1853409513,G,103944.04103776,0.34672,SLS,59.6151068368439,2,0,15,1,1,4,0,0,0,1
4253,DEEP2 33018700,23h33m46.1712s,+00d05m31.862s,353.44238,0.09218388889,G,311169.5817811,1.03795,UUN,59.6429953085282,4,0,0,2,3,0,0,0,0,1
4254,SDSS J233359.13+003850.0,23h33m59.1375s,+00d38m50.059s,353.4964065898,0.6472388072,G,233826.12554168,0.77996,SLS,59.6615884990385,2,0,19,2,1,4,0,0,0,1
4255,WIG S00J233548642-00360579,23h35m48.6420s,-00d36m05.788s,353.952675,-0.60160777778,G,144595.89834256,0.48232,SLS,59.6683152238607,2,0,0,1,1,0,0,0,0,1
4256,WISEA J233517.46+010421.0,23h35m17.4601s,+01d04m21.076s,353.8227508,1.0725212,G,24163.0502683811,0.08059926,SLS,59.6703308111579,11,0,65,7,5,10,0,0,1,1
4258,DEEP2 33024647,23h33m43.5048s,+00d09m40.924s,353.43127,0.16136777778,G,237642.477236378,0.792689979,SLS,59.6756916077662,5,0,0,2,3,0,0,0,0,1
4259,DEEP2 33044124,23h33m41.8656s,+00d17m02.043s,353.42444,0.28390083333,G,236721.525597931,0.789618015,SLS,59.684460133084,4,0,0,2,3,0,0,0,0,1
4260,DEEP2 33031250,23h33m42.6048s,+00d11m52.166s,353.42752,0.19782388889,G,343031.52421734,1.14423,UUN,59.6860430032721,4,0,0,2,3,0,0,0,0,1
4262,WISEA J233814.22-004229.6,23h38m14.2280s,-00d42m29.693s,354.5592835372,-0.7082481021,G,199152.1298494,0.6643,SLS,59.6898713386182,2,0,31,3,1,4,0,0,0,1
4264,DEEP2 33011547,23h33m50.0832s,+00d00m57.927s,353.45868,0.01609083333,G,252582.034795892,0.842522979,UUN?,59.7121091764867,5,0,0,2,1,0,0,0,0,1
4265,DEEP2 33011342,23h33m51.0288s,+00d00m04.827s,353.46262,0.00134083333,G,302289.72917514,1.00833,UUN,59.7227162568466,5,0,0,2,3,0,0,0,0,1
4268,DEEP2 33043906,23h33m41.7048s,+00d18m08.593s,353.42377,0.30238694444,G,258297.888592649,0.861589015,SLS,59.7429676545851,5,0,0,2,3,0,0,0,0,1
4269,WISEA J233440.89+005559.5,23h34m40.8922s,+00d55m59.550s,353.6703842,0.9332084,G,26052.7002908919,0.086902454,SLS,59.749080180868,1,0,34,5,1,4,0,0,0,1
4270,DEEP2 33024997,23h33m43.6008s,+00d08m52.548s,353.43167,0.14793,G,237906.295498796,0.793569982,SLS,59.7507482460387,4,0,0,2,3,0,0,0,0,1
4272,SDSS J233804.32-004251.9,23h38m04.3226s,-00d42m51.957s,354.518010954,-0.714432575,G,147084.17574396,0.49062,SLS,59.7609495591359,2,0,19,2,1,4,0,0,0,1
4273,WISEA J233358.37+003840.6,23h33m58.3745s,+00d38m40.617s,353.4932272,0.6446159,G,35751.2729087818,0.11925341,SLS,59.7803593928666,7,0,43,5,1,6,1,0,1,1
4275,DEEP2 33004682,23h33m54.3384s,-00d02m48.487s,353.47641,-0.04680194444,G,163987.668899153,0.547003984,SLS,59.8021541582971,4,0,0,2,3,0,0,0,0,1
4276,WISEA J233342.05+001207.2,23h33m42.0408s,+00d12m08.154s,353.42517,0.202265,G,342216.091729505,1.14151001,SLS,59.8061102439549,4,0,12,3,3,0,0,0,0,1
4278,DEEP2 33011323,23h33m49.8264s,+00d00m47.808s,353.45761,0.01328,G,317222.403499818,1.05814004,SLS,59.8184076926223,4,0,0,2,3,0,0,0,0,1
4279,WISEA J233947.83+010715.7,23h39m47.8351s,+01d07m15.771s,354.9493129,1.1210475,G,48047.0387272329,0.16026767,SLS,59.8193437752105,1,0,42,7,1,4,0,0,0,1
4280,SDSS J233354.30-000250.7,23h33m54.3049s,-00d02m50.722s,353.4762705746,-0.0474228692,G,163833.58037242,0.54649,SLS,59.8221668480686,2,0,15,1,1,4,0,0,0,1
4281,DEEP2 33011804,23h33m49.3944s,+00d01m09.951s,353.45581,0.01943083333,G,61675.1026149231,0.205725998,UUN?,59.8263022844884,4,0,0,2,1,0,0,0,0,1
4282,SDSS J234056.64-001742.4,23h40m56.6492s,-00d17m42.460s,355.2360384249,-0.2951280096,G,168552.31366134,0.56223,SLS,59.8264442036126,2,0,13,3,1,4,0,0,0,1
4283,DEEP2 33043912,23h33m41.6232s,+00d19m56.632s,353.42343,0.33239777778,G,186821.66605186,0.62317,UUN,59.8368555481508,4,0,0,2,3,0,0,0,0,1
4284,WISEA J233353.97-000242.3,23h33m53.9880s,-00d02m41.967s,353.47495,-0.04499083333,G,230078.71981668,0.76746,UUN,59.8498886841469,6,0,12,3,3,0,0,0,0,1
4285,WISEA J233358.30+003852.5,23h33m58.3086s,+00d38m52.584s,353.4929526,0.64794,G,36186.0469209963,0.12070366,SLS,59.8695805277212,12,0,67,7,4,10,0,0,1,1
4286,DEEP2 33011843,23h33m47.2560s,+00d03m06.922s,353.4469,0.05192277778,G,243527.40948256,0.81232,UUN,59.8739627761984,4,0,0,2,3,0,0,0,0,1
4287,SDSS J233412.20-001255.1,23h34m12.2003s,-00d12m55.141s,353.5508347312,-0.2153170387,G,148019.52821292,0.49374,SLS,59.8811828866877,2,0,23,3,1,4,0,0,0,1
4288,DEEP2 33004686,23h33m53.5848s,-00d02m30.336s,353.47327,-0.04176,G,229979.78830554,0.76713,UUN,59.8831819777629,6,0,0,2,3,0,0,0,0,1
4289,GALEXMSC J233343.28+000819.5,23h33m43.3440s,+00d08m19.471s,353.4306,0.13874194444,G,295268.58980878,0.98491,UUN,59.8881107688174,4,0,3,3,3,0,0,0,0,1
4290,WISEA J233440.42+005604.7,23h34m40.4225s,+00d56m04.704s,353.6684271,0.9346402,QSO,220065.981491184,0.7340611,SLS,59.8940002896215,25,0,27,10,13,4,0,0,0,1
4291,WISEA J234053.74-001850.4,23h40m53.7419s,-00d18m50.439s,355.2239249,-0.3140109,*,16.5731566424018,5.52821e-05,SLS,59.8958126505713,0,0,23,4,1,4,0,0,0,1
4292,SDSS J233510.70+010319.9,23h35m10.7034s,+01d03m19.927s,353.7945978223,1.0555352692,G,123994.1606288,0.4136,SLS,59.8998282751634,2,0,15,1,1,4,0,0,0,1
4293,DEEP2 33012128,23h33m47.8776s,+00d02m20.781s,353.44949,0.03910583333,G,38274.50311286,0.12767,UUN,59.900899277175,5,0,0,2,3,0,0,0,0,1
4294,SDSS J234049.93+005319.7,23h40m49.9391s,+00d53m19.742s,355.2080797921,0.8888174757,G,227395.57731758,0.75851,SLS,59.9112043699561,2,0,23,3,1,3,0,0,0,1
4295,DEEP2 33004965,23h33m52.2432s,-00d01m34.345s,353.46768,-0.02620694444,G,86052.4256453577,0.287039995,UUN?,59.9115169775189,5,0,0,2,1,0,0,0,0,1
4296,DEEP2 33031355,23h33m41.4840s,+00d12m32.547s,353.42285,0.20904083333,G,237474.59975554,0.79213,UUN,59.9160033494533,5,0,0,2,3,0,0,0,0,1
4297,DEEP2 33018385,23h33m46.0632s,+00d04m15.776s,353.44193,0.07104888889,G,37650.93480022,0.12559,UUN,59.9177503567822,4,0,0,2,3,0,0,0,0,1
4299,DEEP2 33030832,23h33m41.4336s,+00d12m33.764s,353.42264,0.20937888889,G,237365.775093286,0.791767,SLS,59.9272037093525,5,0,0,2,3,0,0,0,0,1
4300,DEEP2 33043951,23h33m41.1768s,+00d19m36.764s,353.42157,0.32687888889,G,417904.69060284,1.39398,UUN,59.9307371871557,4,0,0,2,3,0,0,0,0,1
4301,SDSS J233340.88+001728.9,23h33m40.8867s,+00d17m28.973s,353.4203613872,0.291381648,G,539626.4244,1.8,PUN,59.9340796832971,7,0,29,8,2,4,0,0,0,1
4302,WISEA J233341.05+001855.5,23h33m41.0376s,+00d18m55.749s,353.42099,0.31548583333,G,232938.739866,0.777,UUN,59.9350691115191,4,0,12,3,2,0,0,0,0,1
4304,SDSS J233924.24-003726.9,23h39m24.2414s,-00d37m26.971s,354.8510058225,-0.6241586663,G,166243.91173474,0.55453,SLS,59.9389440438153,2,0,19,2,1,4,0,0,0,1
4308,WISEA J234136.12+002756.4,23h41m36.1227s,+00d27m56.450s,355.4005113,0.4656807,QSO,335915.620455006,1.1204939,SLS,59.9616608154018,25,0,27,10,13,4,0,0,0,1
4310,DEEP2 33037483,23h33m40.9272s,+00d13m46.740s,353.42053,0.22965,G,190697.677045285,0.636098981,UUN?,59.9839808597559,4,0,0,2,1,0,0,0,0,1
