No.,Object Name,RA-s,Dec-s,RA,Dec,Object Type,cz (Velocity),Redshift (z),z flag,Separation,Reference,Note,Photometry,Position,Redshift,Diameter,Distances,Classification,Images,Spectra
2,WISEA J234338.26+001945.4,23h43m38.2664s,+00d19m45.499s,355.9094434,0.3293055,G,81671.859748024,0.272428,SUN,0.369924293732246,7,0,53,8,7,8,0,0,0,1
17,WISEA J234337.42+001952.5,23h43m37.4592s,+00d19m52.372s,355.90608,0.3312147,G,79987.4548372789,0.26680943,SLS,0.560653779475704,0,0,27,3,1,4,0,0,0,1
61,WISEA J234335.67+001951.4,23h43m35.6734s,+00d19m51.470s,355.8986392,0.330964,G,80741.004165934,0.269323,SUN,1.00665774010076,6,0,34,9,5,4,0,0,0,1
79,WISEA J234340.82+001844.7,23h43m40.8223s,+00d18m44.784s,355.9200932,0.3124402,G,81479.992574904,0.271788,SUN,1.13870033826315,4,0,32,6,3,4,0,0,0,1
132,WISEA J234334.66+002037.3,23h43m34.6613s,+00d20m37.390s,355.8944222,0.3437196,G,80562.927445882,0.268729,SUN,1.47800516950904,9,0,55,10,7,8,0,0,0,1
212,SDSS J234342.69+001756.5,23h43m42.6986s,+00d17m56.524s,355.9279109638,0.2990346598,G,143302.803533469,0.4780067,SUN,2.0499114062334,3,0,19,3,2,4,0,0,0,1
238,GALEXASC J234342.89+002151.3,23h43m43.0020s,+00d21m54.061s,355.929175,0.36501694444,G,160231.963719745,0.5344763,SUN,2.21090488642769,3,0,8,4,2,0,0,0,0,1
275,SDSS J234346.52+002135.6,23h43m46.5232s,+00d21m35.600s,355.9438469849,0.3598891187,G,160131.14351612,0.53414,SLS,2.43905417636992,2,0,23,3,1,4,0,0,0,1
379,WISEA J234337.38+002249.2,23h43m37.3807s,+00d22m49.278s,355.9057532,0.3803552,G,54785.872529668,0.182746,SLS,3.02735094813113,1,0,42,7,1,4,0,0,0,1
527,WISEA J234326.77+002137.0,23h43m26.7782s,+00d21m37.075s,355.8615762,0.3602986,G,20719.9458799494,0.0691143,SLS,3.68249722345743,20,0,85,11,9,10,0,0,1,1
554,WISEA J234332.33+002313.2,23h43m32.3382s,+00d23m13.261s,355.8847427,0.387017,G,107109.951323676,0.35728034,SLS,3.84068208496624,2,0,27,3,1,4,0,0,0,1
690,SDSS J234343.53+001529.2,23h43m43.5376s,+00d15m29.242s,355.931407008,0.2581230255,G,281630.880998131,0.9394195,SUN,4.46686827706766,4,0,22,5,3,4,0,0,0,1
699,WISEA J234321.69+001933.1,23h43m21.6940s,+00d19m33.184s,355.8403919,0.3258846,G,80294.91298843,0.267835,SUN,4.51119037783926,11,0,54,9,8,8,0,0,0,1
713,WISEA J234345.95+001534.3,23h43m45.9541s,+00d15m34.366s,355.9414758,0.2595463,G,77732.8416734933,0.25928885,SLS,4.55403766539258,6,0,42,10,4,4,0,0,0,1
795,2MASS J23434752+0015241,23h43m47.5368s,+00d15m24.028s,355.94807,0.25667444,G,79987.026134064,0.266808,SUN,4.86176198141994,7,0,20,7,6,4,0,0,0,1
877,SDSS J234347.28+001501.1,23h43m47.2824s,+00d15m01.116s,355.94701,0.25031,*,27.2339803077532,9.084278e-05,SLS,5.18995655306041,0,0,9,3,1,4,0,0,0,1
897,WISEA J234331.27+001502.8,23h43m31.1301s,+00d15m02.887s,355.8797088006,0.2508020409,G,138624.0325792,0.4624,SLS,5.25814410950822,2,0,35,4,1,4,0,0,0,1
966,WISEA J234318.72+001810.5,23h43m18.7214s,+00d18m10.533s,355.8280061,0.3029259,G,18101.9926512566,0.060381748,SLS,5.50536755357091,2,0,36,7,2,4,0,0,0,1
986,WISEA J234339.73+002527.4,23h43m39.7342s,+00d25m27.450s,355.9155595,0.4242917,G,55718.0561923469,0.18585543,SLS,5.60750839488722,17,0,70,12,9,8,0,0,1,1
993,WISEA J234332.87+001427.9,23h43m32.8896s,+00d14m28.266s,355.88704,0.241185,G,80160.569992151,0.26738688,SLS,5.64192584571157,3,0,36,8,2,4,0,0,0,1
996,SDSS J234328.03+001500.7,23h43m28.0335s,+00d15m00.723s,355.8668064612,0.2502009541,G,199967.56533516,0.66702,SLS,5.64907741788527,2,0,23,3,1,4,0,0,0,1
1044,SDSS J234335.38+002532.7,23h43m35.3838s,+00d25m32.707s,355.8974325775,0.4257520582,G,238083.17844528,0.79416,SLS,5.79643933627589,2,0,15,1,1,4,0,0,0,1
1116,WISEA J234324.08+001516.1,23h43m24.0712s,+00d15m16.110s,355.850297,0.254475,*,22.7660623829698,7.593941e-05,SLS,6.02127623289582,0,0,27,5,1,4,0,0,0,1
1140,WISEA J234354.97+001503.7,23h43m54.9327s,+00d15m04.161s,355.9788864796,0.2511559046,G,233397.42232674,0.77853,SLS,6.1119989261918,2,0,35,4,1,4,0,0,0,1
1177,WISEA J234402.74+001729.6,23h44m02.7469s,+00d17m29.665s,356.0114456,0.2915737,G,119351.574624212,0.398114,SUN,6.22458156217727,8,0,55,13,7,5,4,0,0,1
1245,SDSS J234316.74+001654.8,23h43m16.7435s,+00d16m54.862s,355.8197647265,0.2819061143,G,82143.133492,0.274,SUN,6.4462710456961,3,0,19,3,2,4,0,0,0,1
1282,SDSS J234403.97+002223.0,23h44m03.9800s,+00d22m23.000s,356.01658333333,0.37305555556,G,24639.7532537715,0.08218937,SLS,6.57733484498678,7,0,29,7,5,4,0,0,0,1
1303,GALEXMSC J234348.81+001332.3,23h43m48.6979s,+00d13m34.089s,355.95290791667,0.22613583333,G,245803.044093501,0.8199107,SUN,6.67245653869955,3,0,4,3,2,0,0,0,0,1
1336,SDSS J234404.79+001717.5,23h44m04.7902s,+00d17m17.540s,356.0199595437,0.2882057164,G,298425.40439152,0.99544,SLS,6.77389678783428,2,0,19,2,1,4,0,0,0,1
1394,WISEA J234406.94+001829.3,23h44m06.9432s,+00d18m29.505s,356.02893,0.308196,*,2.50829154589608,8.36676e-06,SLS,6.94481276283187,0,0,17,3,1,4,0,0,0,1
1664,CGCG 381-031,23h43m55.9591s,+00d13m05.144s,355.9831633,0.2180958,G,6627.28672487004,0.022106249,SLS,7.89159921111567,42,0,98,28,20,10,1,2,1,1
1672,SDSS J234308.99+002147.0,23h43m08.9928s,+00d21m47.023s,355.78747,0.363062,G,6830.15478223635,0.022782944,SLS,7.91645796913855,0,0,0,1,1,0,0,0,0,1
1805,SDSS J234355.05+001229.2,23h43m55.0506s,+00d12m29.249s,355.9793776319,0.2081249154,G,165398.227189968,0.5517091,SUN,8.30263818913089,3,0,19,3,2,4,0,0,0,1
1855,SDSS J234317.19+002608.2,23h43m17.1923s,+00d26m08.248s,355.8216349112,0.4356245855,G,196229.1533839,0.65455,SLS,8.43759057850072,2,0,19,2,1,4,0,0,0,1
1890,WISEA J234403.05+001335.3,23h44m03.0543s,+00d13m35.386s,356.0127266,0.2264963,G,81243.756118,0.271,SUN,8.56030464802368,7,0,34,8,5,4,0,0,0,1
1909,WISEA J234318.03+002632.7,23h43m18.0307s,+00d26m32.799s,355.8251279,0.4424442,G,11145.9382275284,0.037178848,SLS,8.6134300868575,25,0,71,16,13,10,0,1,1,1
1949,SDSS J234333.82+001114.2,23h43m33.8280s,+00d11m14.294s,355.89095,0.187304,*,143878.746816231,0.47992784,SLS,8.73598192094352,0,0,5,2,1,3,0,0,0,1
1986,WISEA J234320.18+001228.4,23h43m20.1862s,+00d12m28.482s,355.8341093,0.2079118,G,23452.799964435,0.07823012,SLS,8.84271206094355,13,0,72,9,5,10,0,0,1,1
1992,WIG S00J234323521+00115814,23h43m23.5210s,+00d11m58.138s,355.84800416667,0.19948277778,G,184306.40732924,0.61478,SLS,8.85834643568425,2,0,0,1,1,0,0,0,0,1
2046,SDSS J234326.07+001128.6,23h43m26.0765s,+00d11m28.682s,355.8586522418,0.1913006006,G,41506.2658101,0.13845,SLS,9.03822046840549,2,0,19,2,1,4,0,0,0,1
2052,SDSS J234408.53+001422.3,23h44m08.5372s,+00d14m22.390s,356.0355719861,0.2395528768,G,119563.22809956,0.39882,SLS,9.05365571697684,2,0,19,2,1,4,0,0,0,1
2089,WISEA J234334.82+001044.2,23h43m34.8213s,+00d10m44.278s,355.8950888,0.1789662,*,17.9555215510892,5.9893173e-05,SLS,9.19329195158115,0,0,23,4,1,3,0,0,0,1
2114,WISEA J234303.61+001749.3,23h43m03.6149s,+00d17m49.306s,355.7650621,0.2970296,G,40865.066703005,0.13631119,SLS,9.24632684436369,1,0,36,6,1,4,0,0,0,1
2128,WIG S00J234414288+00231449,23h44m14.2879s,+00d23m14.488s,356.05953291667,0.38735777778,G,376626.26706082,1.25629,SLS,9.28812940651569,2,0,0,1,1,0,0,0,0,1
2143,WISEA J234318.46+002731.7,23h43m18.4604s,+00d27m31.733s,355.8269187,0.4588149,*,19.7499044256742,6.587859e-05,SLS,9.33588892154492,0,0,23,4,1,4,0,0,0,1
2144,WISEA J234322.54+001133.6,23h43m22.5124s,+00d11m33.639s,355.8438019202,0.1926776377,G,212792.6866884,0.7098,SLS,9.33680776897107,5,0,48,7,2,4,0,0,0,1
2229,WISEA J234352.54+001047.4,23h43m52.5454s,+00d10m47.426s,355.9689392,0.1798407,G,59263.2758878226,0.19768101,SLS,9.61187758103902,8,0,59,12,6,8,4,0,0,1
2345,WISEA J234357.88+002840.2,23h43m57.8841s,+00d28m40.284s,355.9911839,0.4778569,G,55427.7431718689,0.18488705,SLS,9.9238481977248,12,0,63,7,6,10,1,0,1,1
2445,WISEA J234304.02+001454.7,23h43m04.0270s,+00d14m54.782s,355.7667795,0.2485508,G,23464.7856669058,0.0782701,SLS,10.1934392989809,12,0,60,9,5,8,0,0,0,1
2605,WISEA J234308.61+002705.9,23h43m08.6121s,+00d27m05.941s,355.785884,0.4516505,*,3.79536592284592,1.2659978e-05,SLS,10.6277417577835,0,0,23,4,1,4,0,0,0,1
2846,WISEA J234424.02+002200.2,23h44m24.0168s,+00d22m00.075s,356.1000702327,0.3666877396,G,162178.72600426,0.54097,SLS,11.2859406497966,2,0,31,3,1,4,0,0,0,1
2886,SDSS J234417.20+002621.0,23h44m17.2008s,+00d26m21.008s,356.07167,0.439169,G,58501.2814056257,0.19513927,SLS,11.407991638607,1,0,16,3,1,4,0,0,0,1
2899,WISEA J234357.89+000920.9,23h43m57.8948s,+00d09m20.938s,355.9912284,0.1558163,G,157630.694540925,0.5257994,SLS,11.443855190435,3,0,27,3,1,4,0,0,0,1
2936,WIG S00J234425280+00180426,23h44m25.2799s,+00d18m04.258s,356.10533291667,0.30118277778,G,170225.15557698,0.56781,SLS,11.5328467386011,2,0,0,1,1,0,0,0,0,1
2946,WISEA J234417.50+002630.3,23h44m17.5002s,+00d26m30.394s,356.0729178,0.4417763,G,6430.64925415835,0.021450337,SLS,11.5589706235951,24,0,73,14,12,10,0,0,1,1
2980,WISEA J234424.23+001624.7,23h44m24.1944s,+00d16m24.690s,356.10081,0.273525,*,6.48210653102684,2.162198e-05,SLS,11.6427830563379,0,0,17,3,1,4,0,0,0,1
3064,WISEA J234259.42+001345.1,23h42m59.1552s,+00d13m44.173s,355.74648,0.22893704,UvS,480874.627422696,1.6040251,SLS,11.837156292756,1,0,16,3,1,0,0,0,0,1
3086,WISEA J234303.09+002725.6,23h43m03.0939s,+00d27m25.664s,355.7628916,0.457129,*,37.1667489950779,0.00012397493,SLS,11.8814182454709,0,0,23,4,1,4,0,0,0,1
3179,GALEXMSC J234424.79+002422.9,23h44m24.7601s,+00d24m22.370s,356.10316708333,0.40621388889,G,161959.87750992,0.54024,SLS,12.1388479748123,2,0,4,2,1,0,0,0,0,1
3233,WISEA J234403.74+003030.9,23h44m03.7437s,+00d30m30.922s,356.015599,0.5085897,G,3.2792854978897,1.0938519e-05,SLS,12.2425426189669,2,0,32,5,1,4,0,0,0,1
3269,WISEA J234424.35+001438.6,23h44m24.3560s,+00d14m38.693s,356.1014837,0.2440815,G,53863.6869454634,0.17966992,SLS,12.3176900151519,7,0,62,9,5,8,0,0,0,1
3273,WISEA J234327.89+003150.7,23h43m27.9419s,+00d31m49.095s,355.8664247698,0.530304339,G,275698.13815054,0.91963,SLS,12.3239390207439,2,0,24,4,1,4,0,0,0,1
3347,SDSS J234429.51+001933.9,23h44m29.5176s,+00d19m33.945s,356.12299,0.326096,*,7.68231004742202,2.5625428e-05,SLS,12.4574425016003,0,0,0,1,1,0,0,0,0,1
3400,WISEA J234249.70+001921.8,23h42m49.5858s,+00d19m20.183s,355.7066078534,0.3222731182,G,244201.94251306,0.81457,SLS,12.5388449614971,2,0,31,3,1,4,0,0,0,1
3417,GALEXMSC J234406.21+000912.4,23h44m06.2690s,+00d09m10.868s,356.02612083333,0.15301888889,G,153352.83604074,0.51153,SLS,12.5675548758578,2,0,4,2,1,0,0,0,0,1
3506,WISEA J234355.21+000742.8,23h43m55.2243s,+00d07m42.854s,355.9801014101,0.1285706756,G,92324.08536568,0.30796,SLS,12.7412421952494,2,0,35,4,1,4,0,0,0,1
3541,SDSS J234403.00+003116.8,23h44m03.0100s,+00d31m16.800s,356.01254166667,0.52133333333,PofG,6748.0,0.0225089051439713,SLS,12.8297618799826,3,0,21,5,5,4,0,0,0,1
3629,WISEA J234259.88+001130.7,23h42m59.8916s,+00d11m30.880s,355.7495483366,0.1919113418,G,325265.82315626,1.08497,SLS,12.9815120445302,2,0,31,3,1,4,0,0,0,1
3632,WISEA J234427.44+002457.9,23h44m27.4436s,+00d24m57.947s,356.1143485,0.4160965,*,18.4521700285028,6.1549814e-05,SLS,12.9858103157205,0,0,21,4,1,3,0,0,0,1
3643,SDSS J234418.63+001113.2,23h44m18.6334s,+00d11m13.274s,356.0776394141,0.1870206204,G,83258.36143576,0.27772,SLS,13.0073838403937,2,0,15,1,1,4,0,0,0,1
3770,WISEA J234355.58+000710.3,23h43m55.5811s,+00d07m10.367s,355.9815879,0.1195466,G,92303.7504432539,0.30789217,SLS,13.2843649208343,2,0,33,4,1,4,0,0,0,1
3850,WISEA J234249.52+002440.4,23h42m49.5552s,+00d24m40.478s,355.70648,0.411244,G,11117.9591970082,0.03708552,SLS,13.432302238517,4,0,35,6,2,4,0,0,0,1
3957,WISEA J234402.77+000729.4,23h44m02.7780s,+00d07m29.489s,356.0115751,0.1248582,*,63.1690859517806,0.00021070939,SLS,13.6388931858162,0,0,23,4,1,4,0,0,0,1
3981,SDSS J234431.02+001507.0,23h44m31.0281s,+00d15m07.083s,356.1292840064,0.251967716,G,135868.93989018,0.45321,SLS,13.6765605171086,2,0,19,2,1,4,0,0,0,1
3983,WISEA J234413.60+003035.0,23h44m13.5984s,+00d30m35.215s,356.05666,0.509782,G,34891.0604214949,0.11638405,SLS,13.6783199801296,1,0,17,4,1,0,0,0,0,1
4079,SDSS J234429.02+001329.8,23h44m29.0225s,+00d13m29.866s,356.1209271265,0.2249628052,G,353931.97799022,1.18059,SLS,13.8705336885902,2,0,19,2,1,4,0,0,0,1
4178,SDSS J234243.44+002000.6,23h42m43.4488s,+00d20m00.614s,355.6810369919,0.3335040116,G,276984.24779536,0.92392,SLS,14.0634530869976,2,0,19,2,1,3,0,0,0,1
4206,WISEA J234308.24+000808.0,23h43m08.2469s,+00d08m08.041s,355.7843623,0.1355671,G,115594.950281128,0.38558325,SLS,14.1100599846852,1,0,27,3,1,4,0,0,0,1
4216,SDSS J234346.09+003353.6,23h43m46.0920s,+00d33m53.614s,355.94205,0.564893,*,33.7258780604584,0.00011249742,SLS,14.1341993735724,0,0,12,4,1,4,0,0,0,1
4299,WISEA J234334.77+003404.0,23h43m34.7782s,+00d34m04.061s,355.8949092,0.5677948,G,24763.96326497,0.08260369,SLS,14.2708284514595,34,0,86,20,16,10,1,1,1,1
4377,WISEA J234434.93+002355.6,23h44m34.9392s,+00d23m55.663s,356.1455803,0.3987953,G,83602.1934058402,0.2788669,SLS,14.3990003990606,2,0,33,4,1,4,0,0,0,1
4396,WISEA J234435.95+001634.5,23h44m35.9587s,+00d16m34.542s,356.1498282,0.2762618,*,2.82522373830486,9.423932e-06,SLS,14.4406057892458,0,0,26,5,1,4,0,0,0,1
4421,WISEA J234436.04+002312.9,23h44m36.0428s,+00d23m12.929s,356.1501784,0.3869248,*,1.79731604399406,5.995201e-06,SLS,14.4819155642251,0,0,23,5,2,4,0,0,0,1
4427,WISEA J234332.99+003414.7,23h43m32.9975s,+00d34m14.787s,355.8874897,0.5707742,G,24778.0984793647,0.08265084,SLS,14.4936306682579,4,0,42,7,1,4,0,0,0,1
4476,SDSS J234435.95+001559.2,23h44m35.9533s,+00d15m59.249s,356.1498054874,0.2664581773,G,136834.27160494,0.45643,SLS,14.5839270306899,2,0,19,2,1,4,0,0,0,1
4505,SDSS J234427.48+001125.1,23h44m27.4848s,+00d11m25.164s,356.1145200871,0.1903234695,G,209429.01530964,0.69858,SLS,14.6213464781268,2,0,19,2,1,3,0,0,0,1
4693,WISEA J234310.02+003251.4,23h43m10.0282s,+00d32m51.460s,355.7917844,0.547628,G,29118.3377942106,0.09712832,SLS,14.9740492397813,17,0,72,13,9,10,0,1,1,1
4718,WISEA J234257.69+003034.5,23h42m57.6624s,+00d30m34.837s,355.74026,0.509677,G,11150.1587057521,0.037192926,SLS,15.0195730565159,2,0,36,7,2,4,0,0,0,1
4732,SDSS J234435.98+001430.7,23h44m35.9885s,+00d14m30.770s,356.1499521977,0.2418807746,G,157325.08610924,0.52478,SLS,15.0500907308668,2,0,19,2,1,4,0,0,0,1
4771,WISEA J234314.96+003337.7,23h43m14.9627s,+00d33m37.744s,355.8123447,0.5604845,G,43825.2384187691,0.14618526,SLS,15.1031831164613,12,0,62,9,5,8,0,0,0,1
4791,SDSS J234240.50+002303.4,23h42m40.5008s,+00d23m03.425s,355.6687535196,0.3842847679,G,81504.57555646,0.27187,SLS,15.143001184403,2,0,19,2,1,4,0,0,0,1
4877,WISEA J234422.68+003042.6,23h44m22.7016s,+00d30m42.467s,356.0945903775,0.5117965603,G,184150.51525108,0.61426,SLS,15.2792999453993,2,0,31,3,1,4,0,0,0,1
5016,WISEA J234356.08+000452.6,23h43m56.0857s,+00d04m52.680s,355.9836908,0.0813002,G,83459.7560131952,0.27839178,SLS,15.5222776956473,4,0,54,7,5,8,0,0,0,1
5041,WIG S00J234403076+00052504,23h44m03.0761s,+00d05m25.040s,356.01281708333,0.09028888889,G,201556.46536256,0.67232,SLS,15.5709355937487,2,0,0,1,1,0,0,0,0,1
5134,WISEA J234437.64+001344.4,23h44m37.6250s,+00d13m44.691s,356.15677083333,0.22908083333,G,322684.61009288,1.07636,SLS,15.7154228106127,2,0,12,2,1,0,0,0,0,1
5371,WISEA J234311.26+000524.4,23h43m11.2658s,+00d05m24.469s,355.7969409,0.0901304,G,29062.180670978,0.096941,UUN,16.0968029542085,18,0,63,14,11,6,0,0,2,1
5448,SDSS J234401.90+003504.5,23h44m01.9000s,+00d35m04.597s,356.0079168004,0.5846103406,G,136327.62235092,0.45474,SLS,16.2064981517811,2,0,19,2,1,4,0,0,0,1
5498,WISEA J234411.87+000539.8,23h44m11.9016s,+00d05m40.214s,356.04959,0.094504,*,104.012075938179,0.00034694694,SLS,16.3056314807172,0,0,23,5,1,4,0,0,0,1
5516,SDSS J234235.41+002243.6,23h42m35.4152s,+00d22m43.612s,355.647563483,0.3787811655,G,203631.02917192,0.67924,SLS,16.3263441214339,2,0,19,2,1,4,0,0,0,1
5561,SDSS J234347.19+000333.8,23h43m47.1978s,+00d03m33.870s,355.9466576611,0.059408518,G,190817.899517,0.6365,SLS,16.3930083051398,2,0,19,2,1,4,0,0,0,1
5593,WISEA J234236.82+002440.2,23h42m36.8258s,+00d24m40.268s,355.653441,0.4111858,G,144093.925850885,0.4806456,SLS,16.440968352307,6,0,12,5,2,0,0,0,0,1
5677,WISEA J234233.60+002118.0,23h42m33.6036s,+00d21m18.015s,355.6400152,0.3550044,G,81824.0343997048,0.2729356,SLS,16.5873093821975,2,0,33,4,1,4,0,0,0,1
5706,SDSS J234445.38+002232.0,23h44m45.3895s,+00d22m32.066s,356.189123144,0.3755740315,G,168135.60214472,0.56084,SLS,16.640040411904,3,0,23,4,2,4,0,0,0,1
5758,SDSS J234418.96+003323.1,23h44m18.9656s,+00d33m23.151s,356.0790234132,0.5564308698,G,275017.60927088,0.91736,SLS,16.7205044856238,3,0,5,2,2,3,0,0,0,1
5798,SDSS J234420.35+003313.2,23h44m20.3527s,+00d33m13.203s,356.084803112,0.5536676708,G,140956.41790244,0.47018,SLS,16.7941260075525,2,0,9,2,1,4,0,0,0,1
5832,WISEA J234232.94+001731.8,23h42m32.9496s,+00d17m32.340s,355.63729,0.2923168,*,96.0622694746719,0.00032042924,SLS,16.8466109209756,0,0,17,4,2,4,0,0,0,1
5846,WISEA J234419.02+003333.9,23h44m19.0297s,+00d33m33.905s,356.0792906,0.5594181,G,140924.699860384,0.4700742,SLS,16.8752627473061,2,0,35,7,2,4,0,0,0,1
5898,SDSS J234338.60+000254.0,23h43m38.6088s,+00d02m54.058s,355.9108701373,0.0483495352,G,188230.69060446,0.62787,SLS,16.951223081705,2,0,19,2,1,4,0,0,0,1
5927,SDSS J234437.77+001102.5,23h44m37.7738s,+00d11m02.521s,356.15739108,0.1840337339,G,170420.02067468,0.56846,SLS,16.9812251965679,2,0,19,2,1,4,0,0,0,1
6063,SDSS J234437.68+001040.6,23h44m37.8072s,+00d10m40.670s,356.15753,0.177964,G,6925.30291255639,0.023100324,SLS,17.1799962452888,6,0,19,8,4,0,0,0,0,1
6127,WISEA J234340.15+000234.2,23h43m40.1556s,+00d02m34.264s,355.9173152,0.0428512,*,46.0945713922425,0.00015375494,SLS,17.2793036621121,0,0,30,6,1,3,0,0,0,1
6158,WISEA J234315.56+000336.5,23h43m15.5589s,+00d03m35.772s,355.8148288282,0.0599367977,G,215526.79390536,0.71892,SLS,17.3381000124973,2,0,34,4,1,4,0,0,0,1
6242,SDSS J234353.28+000242.5,23h43m53.2855s,+00d02m42.514s,355.9720231455,0.0451428188,G,191030.75216218,0.63721,SLS,17.4746671877611,3,0,13,4,2,4,0,0,0,1
6300,WISEA J234410.65+000404.1,23h44m10.6567s,+00d04m04.169s,356.0444032,0.0678249,G,23665.352817157,0.07893912,SLS,17.5760831614804,6,0,41,7,1,4,0,0,0,1
6340,GALEXMSC J234425.08+003320.0,23h44m25.2180s,+00d33m18.770s,356.105075,0.55521388889,G,171211.4727638,0.5711,SLS,17.6276226682379,2,0,4,2,1,0,0,0,0,1
6374,2MASX J23422975+0022243,23h42m29.7341s,+00d22m20.758s,355.62389208333,0.37243277778,G,51936.04542392,0.17324,SLS,17.6683295665099,2,0,18,4,1,2,0,0,1,1
6398,WISEA J234234.75+002652.6,23h42m34.7376s,+00d26m52.857s,355.64474,0.44801589,G,82767.9609329636,0.2760842,SLS,17.6968637243603,1,0,35,5,1,4,0,0,0,1
6427,WISEA J234449.33+001616.9,23h44m49.2579s,+00d16m16.872s,356.2052412969,0.2713535444,G,234923.36593796,0.78362,SLS,17.7516743999227,2,0,27,2,1,4,0,0,0,1
6428,WISEA J234258.77+000520.5,23h42m58.7715s,+00d05m20.577s,355.7448815,0.0890493,*,34.5267736120054,0.00011516892,SLS,17.752428126865,0,0,23,4,1,3,0,0,0,1
6444,WISEA J234440.57+001038.4,23h44m40.5600s,+00d10m38.000s,356.169,0.17722222222,G,11008.0193068104,0.0367188,SLS,17.7887212847583,15,0,41,12,7,4,0,0,0,1
6470,WISEA J234445.15+002655.7,23h44m45.1506s,+00d26m55.795s,356.1881278,0.448832,QSO,156741.369208042,0.52283293,SLS,17.8283429184054,34,0,55,12,20,8,0,1,0,1
6546,WISEA J234442.32+002833.4,23h44m42.3297s,+00d28m33.477s,356.1763738,0.475966,*,1.85989574097134,6.2039444e-06,SLS,17.9156763187464,0,0,23,4,1,4,0,0,0,1
6599,SDSS J234423.39+003409.3,23h44m23.3909s,+00d34m09.367s,356.0974623095,0.5692686695,G,222628.87723538,0.74261,SLS,17.9989955790434,2,0,18,2,1,4,0,0,0,1
6611,WISEA J234341.28+000149.5,23h43m41.3690s,+00d01m49.969s,355.92237083333,0.03054694444,G,247829.43125486,0.82667,SLS,18.0220143106577,2,0,19,4,1,0,0,0,0,1
6615,WISEA J234450.75+002255.2,23h44m50.7571s,+00d22m55.242s,356.2114881,0.3820117,*,10.760386539408,3.5892786e-05,SLS,18.0273951616312,0,0,23,4,1,4,0,0,0,1
6729,WISEA J234227.40+001743.3,23h42m27.4032s,+00d17m43.540s,355.61418,0.295428,*,68.246496933301,0.00022764581,SLS,18.1983386520609,0,0,17,3,1,4,0,0,0,1
6756,WISEA J234336.62+003804.5,23h43m36.6255s,+00d38m04.561s,355.9026066,0.6346004,G,24880.4296369784,0.08299218,SLS,18.24222156597,13,0,63,7,6,10,0,0,1,1
6774,WISEA J234255.75+000515.7,23h42m55.7501s,+00d05m15.787s,355.7322923,0.0877188,*,10.0567163801225,3.3545595e-05,SLS,18.2619626815579,0,0,23,4,1,4,0,0,0,1
6785,WISEA J234452.71+001906.7,23h44m52.7229s,+00d19m07.029s,356.2196790953,0.3186193209,G,156914.37044178,0.52341,SLS,18.2701600246918,2,0,31,3,1,4,0,0,0,1
6965,WISEA J234241.46+000821.6,23h42m41.4674s,+00d08m21.670s,355.672781,0.1393529,G,67648.3600148731,0.22565064,SLS,18.5453143651924,1,0,36,6,1,4,0,0,0,1
6967,WISEA J234259.25+000418.2,23h42m59.2516s,+00d04m18.220s,355.7468818,0.071728,*,5.86212463556189,1.9553943e-05,SLS,18.5456452578088,0,0,23,4,1,3,0,0,0,1
7021,WISEA J234243.44+000737.0,23h42m43.4404s,+00d07m37.085s,355.6810019,0.1269681,G,24668.1058256944,0.082283944,SLS,18.6396690864255,1,0,42,7,1,4,0,0,0,1
7106,WISEA J234442.82+003002.8,23h44m42.8256s,+00d30m02.860s,356.1784402,0.5007947,G,360032.75451052,1.20094,SLS,18.7891592712249,7,0,25,5,4,4,0,0,0,1
7232,2MFGC 17784,23h42m26.0232s,+00d15m21.413s,355.60843,0.25594821,G,6556.161264002,0.021869,SLS,18.9590572737106,31,0,73,21,16,10,0,0,1,1
7286,WIG S00J234300081+00360622,23h43m00.0811s,+00d36m06.220s,355.75033791667,0.60172777778,G,58957.18479028,0.19666,SLS,19.0336148182565,2,0,0,1,1,0,0,0,0,1
7291,SDSS J234408.42+000212.8,23h44m08.4218s,+00d02m12.824s,356.0350908819,0.0368957986,G,155484.36041712,0.51864,SLS,19.0419460842182,2,0,19,2,1,4,0,0,0,1
7363,SDSS J234456.14+001840.0,23h44m56.1466s,+00d18m40.062s,356.2339441579,0.3111283753,G,369566.15467492,1.23274,SLS,19.1478891636193,2,0,9,2,1,3,0,0,0,1
7402,SDSS J234352.72+000055.9,23h43m52.7228s,+00d00m55.902s,355.9696786129,0.0155284961,G,171658.16352622,0.57259,SLS,19.1963878268171,2,0,9,2,1,4,0,0,0,1
7414,SDSS J234230.78+001120.9,23h42m30.7835s,+00d11m20.935s,355.6282648238,0.1891487796,G,131878.7022742,0.4399,SLS,19.2120820971751,2,0,15,1,1,4,0,0,0,1
7428,SDSS J234345.58+000040.6,23h43m45.5860s,+00d00m40.692s,355.9399418406,0.0113033685,G,144404.03116944,0.48168,SLS,19.2281868695153,2,0,19,2,1,4,0,0,0,1
7456,WISEA J234315.51+000133.7,23h43m15.5424s,+00d01m33.495s,355.81476,0.025971,*,6.46204441973748,2.155506e-05,SLS,19.2629598569299,0,0,22,4,1,4,0,0,0,1
7539,SDSS J234406.63+003801.6,23h44m06.6333s,+00d38m01.655s,356.0276390137,0.6337932956,G,134762.70572016,0.44952,SLS,19.3845213461107,2,0,15,1,1,4,0,0,0,1
7542,WISEA J234456.57+002224.2,23h44m56.5769s,+00d22m24.282s,356.2357374,0.3734117,G,136553.03630009,0.4554919,SLS,19.3879350886665,5,0,28,4,2,4,0,0,0,1
7713,WISEA J234458.20+002001.3,23h44m58.2165s,+00d20m01.670s,356.242569053,0.3337973601,G,136090.7863091,0.45395,SLS,19.6296226409213,2,0,31,3,1,4,0,0,0,1
7837,WISEA J234458.72+001829.5,23h44m58.7241s,+00d18m29.574s,356.2446841,0.3082152,G,136670.20418645,0.45588273,SLS,19.802299272219,5,0,29,4,2,4,0,0,0,1
7853,GALEXMSC J234453.32+001219.8,23h44m53.1139s,+00d12m19.778s,356.22130791667,0.20549388889,G,164655.01170734,0.54923,SLS,19.8342782934103,2,0,4,2,1,0,0,0,0,1
7922,WISEA J234440.28+003248.7,23h44m40.2655s,+00d32m49.059s,356.167773,0.546961,*,9.4070076641072,3.13784e-05,SLS,19.9350943504717,0,0,26,5,1,4,0,0,0,1
8045,WISEA J234310.64+003836.2,23h43m10.6417s,+00d38m36.255s,355.7943404,0.6434043,G,39782.645047924,0.13270062,SLS,20.1119926436096,15,0,64,10,10,10,1,0,1,1
8128,WISEA J234221.59+001438.7,23h42m21.5968s,+00d14m38.756s,355.5899868,0.244099,G,23313.2435773114,0.07776461,SLS,20.2071514369927,17,0,75,9,7,10,1,0,1,1
8158,WISEA J234457.36+002531.8,23h44m57.3798s,+00d25m34.103s,356.2390827107,0.4261397207,G,293352.91600216,0.97852,SLS,20.2439735626727,2,0,31,3,1,4,0,0,0,1
8219,WISEA J234218.56+001927.7,23h42m18.4758s,+00d19m27.965s,355.5769828119,0.3244347497,G,159015.91557236,0.53042,SLS,20.3093242575939,2,0,27,2,1,4,0,0,0,1
8261,WISEA J234241.01+003357.4,23h42m41.0090s,+00d33m57.459s,355.670871,0.565961,*,20.3173905631962,6.777152e-05,SLS,20.3544039529079,0,0,31,6,1,4,0,0,0,1
8307,WISEA J234248.17+000401.9,23h42m48.1690s,+00d04m00.930s,355.70070416667,0.066925,G,295688.29924998,0.98631,SLS,20.4130900835063,2,0,15,3,1,0,0,0,0,1
8378,2MASX J23422635+0029073,23h42m26.4200s,+00d29m04.500s,355.61008333333,0.48458333333,G,40225.8552199066,0.13417901,SLS,20.5111111343178,7,0,43,8,5,6,0,0,1,1
8386,WISEA J234459.26+001448.7,23h44m59.2549s,+00d14m48.961s,356.2468954752,0.2469338687,G,137215.0080266,0.4577,SLS,20.5156620354901,2,0,31,3,1,4,0,0,0,1
8411,2MASS J23422632+0029075,23h42m26.3220s,+00d29m07.504s,355.609675,0.485418,G,40258.0919029153,0.13428654,SLS,20.555543312809,0,0,6,2,1,0,0,0,0,1
8453,SDSS J234350.17-000035.6,23h43m50.1737s,-00d00m35.655s,355.9590574547,-0.0099042045,G,155946.04080244,0.52018,SLS,20.6112510671174,2,0,23,3,1,4,0,0,0,1
8539,WISEA J234307.38+003854.8,23h43m07.3823s,+00d38m54.850s,355.7807598,0.6485695,QSO,199851.530664291,0.66663295,SLS,20.7054212629761,23,0,21,9,13,4,0,0,0,1
8564,WISEA J234253.24+000240.1,23h42m53.2401s,+00d02m40.124s,355.7218338,0.0444791,QSO,233165.964561617,0.77775794,SLS,20.738882519944,18,0,20,9,10,0,0,0,0,1
8647,WISEA J234503.07+001913.8,23h45m03.0714s,+00d19m13.836s,356.2627977,0.3205101,G,6894.7618556901,0.02299845,SLS,20.8517307577253,17,0,65,10,5,8,0,0,0,1
8697,WISEA J234502.25+001628.9,23h45m02.2769s,+00d16m29.088s,356.2594874424,0.2747469204,G,188626.41664902,0.62919,SLS,20.9164436213969,2,0,31,3,1,4,0,0,0,1
8770,SDSS J234447.03+000717.6,23h44m47.0304s,+00d07m17.771s,356.19596,0.1216031,*,297267.096271545,0.9915763,SLS,20.9983350691931,9,0,9,5,3,4,0,0,0,1
8931,WISEA J234415.55+000038.8,23h44m15.5541s,+00d00m38.848s,356.0648088,0.0107913,G,219765.85926148,0.73306,SLS,21.1915275576763,2,0,35,4,1,4,0,0,0,1
8993,SDSS J234445.36+000618.0,23h44m45.3672s,+00d06m18.064s,356.18903,0.105018,G,11057.7926494423,0.036884826,SLS,21.2856863467063,1,0,9,4,1,0,0,0,0,1
9032,SDSS J234315.08-000034.8,23h43m15.0840s,-00d00m34.843s,355.81285,-0.0096786117,*,138612.655455419,0.46236205,SLS,21.3374189940518,1,0,5,2,1,4,0,0,0,1
9096,WISEA J234352.03-000119.4,23h43m52.0176s,-00d01m19.560s,355.96674,-0.0221,*,21.9252629563007,7.3134805e-05,SLS,21.3987292369263,0,0,17,3,1,4,0,0,0,1
9123,WISEA J234248.27+003659.9,23h42m48.2783s,+00d36m59.917s,355.7011597,0.6166438,*,33.3145328288366,0.00011112532,SLS,21.4318796501293,0,0,23,4,1,4,0,0,0,1
9154,WISEA J234226.34+000842.1,23h42m26.3460s,+00d08m42.138s,355.6097751,0.1450385,G,52977.2006471574,0.17671292,SLS,21.4607809050181,1,0,42,7,1,4,0,0,0,1
9181,WISEA J234349.63-000130.3,23h43m49.6397s,-00d01m30.312s,355.9568323,-0.0250867,G,10988.4329661519,0.036653467,SLS,21.4992914353355,13,0,72,9,5,10,0,0,1,1
9246,WIG S00J234251831+00374902,23h42m51.8309s,+00d37m49.018s,355.71596208333,0.63028277778,G,330913.91306498,1.10381,SLS,21.5874282866435,2,0,0,1,1,0,0,0,0,1
9322,SDSS J234439.08+000401.9,23h44m39.0888s,+00d04m01.937s,356.1628700908,0.0672047538,G,130175.88111276,0.43422,SLS,21.6941624739111,2,0,19,2,1,4,0,0,0,1
9325,WISEA J234216.75+001327.9,23h42m16.7539s,+00d13m27.931s,355.5698081,0.2244255,G,56187.9868661111,0.18742295,SLS,21.6968681259848,13,0,63,8,5,10,0,0,1,1
9388,WISEA J234446.82+000558.5,23h44m46.8084s,+00d05m58.675s,356.195035,0.099632,*,23.9767202619603,7.997773e-05,SLS,21.7692781850136,0,0,23,4,1,4,0,0,0,1
9408,WISEA J234236.56+003452.1,23h42m36.5736s,+00d34m52.089s,355.65239,0.581136,QSO,528022.95731311,1.761295,SLS,21.7850344706806,23,0,24,9,12,4,0,1,0,1
9510,SDSS J234456.47+000915.9,23h44m56.4741s,+00d09m15.906s,356.2353088648,0.1544184569,G,164738.95359558,0.54951,SLS,21.9185966086478,2,0,19,2,1,4,0,0,0,1
9536,SDSS J234417.68+000003.6,23h44m17.6808s,+00d00m03.618s,356.07367,0.001005,G,23807.0779029217,0.079411864,SLS,21.9497181390468,2,0,23,5,2,4,0,0,0,1
9538,WISEA J234417.37+000001.2,23h44m17.3784s,+00d00m01.240s,356.07241,0.0003445,G,23792.0346171717,0.079361685,SLS,21.9529106723419,13,0,54,8,7,8,0,0,0,1
9558,WISEA J234228.09+000709.3,23h42m27.9624s,+00d07m09.998s,355.61651,0.11944403,*,80774.2301640541,0.26943383,SLS,21.9659920804852,3,0,25,6,2,4,0,0,0,1
9608,SDSS J234423.25+000043.2,23h44m23.2595s,+00d00m43.213s,356.0969146799,0.0120036968,G,197602.20284154,0.65913,SLS,22.0121930556278,2,0,19,2,1,4,0,0,0,1
9618,WISEA J234213.03+001552.9,23h42m13.0352s,+00d15m52.929s,355.5543137,0.2647025,*,2.8647004091743,9.555612e-06,SLS,22.0262161966154,0,0,23,4,1,3,0,0,0,1
9642,SDSS J234211.68+002129.1,23h42m11.6800s,+00d21m29.200s,355.54866666667,0.35811111111,G,6599.67673886562,0.022014152,SLS,22.0653804517386,13,0,21,5,5,4,0,0,0,1
9645,WISEA J234215.30+001323.0,23h42m15.3005s,+00d13m23.063s,355.5637522,0.2230732,G,23556.7949701906,0.07857701,SLS,22.0680270133898,4,0,50,7,1,6,0,0,1,1
9668,SDSS J234211.55+002127.4,23h42m11.5608s,+00d21m27.622s,355.54817,0.357673,G,6619.99157519707,0.022081915,SLS,22.0931668488399,5,0,25,5,3,4,0,0,0,1
9768,WISEA J234226.98+003235.7,23h42m26.9853s,+00d32m35.721s,355.6124389,0.543256,G,29144.3178086208,0.09721498,SLS,22.2010887906105,2,0,36,6,1,4,0,0,0,1
9770,SDSS J234448.77+003348.4,23h44m48.7728s,+00d33m48.420s,356.20322,0.56345,G,58465.7290180314,0.19502068,SLS,22.2029309692677,0,0,0,1,1,0,0,0,0,1
9921,WISEA J234458.06+003040.9,23h44m58.0920s,+00d30m40.680s,356.24205,0.5113,G,215904.53240244,0.72018,SLS,22.3898700455782,2,0,15,3,1,0,0,0,0,1
10064,WISEA J234432.63+000135.0,23h44m32.6359s,+00d01m35.030s,356.1359831,0.0263974,*,7.99284376939971,2.6661257e-05,SLS,22.5563480659873,0,0,23,4,1,4,0,0,0,1
10087,WISEA J234347.12+004221.1,23h43m47.1262s,+00d42m21.135s,355.9463595,0.705871,G,27759.535973137,0.092595845,SLS,22.5787127734719,23,0,73,12,10,10,1,0,1,1
10094,SDSS J234454.17+003238.2,23h44m54.1707s,+00d32m38.223s,356.2257114884,0.5439509001,G,134666.7721336,0.4492,SLS,22.5855407467249,2,0,19,2,1,4,0,0,0,1
10285,WISEA J234209.18+001706.4,23h42m09.2016s,+00d17m05.845s,355.53834,0.284957,G,6479.33405037526,0.021612732,SLS,22.7910998597698,6,0,45,10,4,4,0,0,0,1
10295,SDSS J234208.60+002056.9,23h42m08.6052s,+00d20m56.966s,355.5358549883,0.349157347,G,369146.44523372,1.23134,SLS,22.7998193885341,2,0,18,2,1,4,0,0,0,1
10331,WISEA J234429.13+003903.2,23h44m29.1349s,+00d39m03.237s,356.1213954,0.6508994,G,55785.0568087854,0.18607892,SLS,22.8367856178953,14,0,41,10,9,4,0,0,0,1
10340,SDSS J234324.66-000240.8,23h43m24.6695s,-00d02m40.882s,355.8527899171,-0.0446894461,G,172068.87919368,0.57396,SLS,22.842546312693,2,0,22,3,1,4,0,0,0,1
10390,WISEA J234506.02+002730.3,23h45m06.0253s,+00d27m30.390s,356.2751054,0.4584419,G,136856.456246832,0.456504,SLS,22.8987692779109,4,0,31,4,1,4,0,0,0,1
10407,SDSS J234445.13+003553.8,23h44m45.1333s,+00d35m53.814s,356.1880555026,0.5982817565,G,138381.20068822,0.46159,SLS,22.9146282177706,2,0,19,2,1,3,0,0,0,1
10523,WISEA J234320.66-000242.6,23h43m20.6682s,-00d02m42.639s,355.8361177,-0.0451776,G,23687.2556541384,0.07901218,SLS,23.0569061323688,7,0,36,6,1,4,0,0,0,1
10548,WISEA J234501.75+000918.1,23h45m01.8004s,+00d09m16.767s,356.257501668,0.1546576904,G,155928.05325496,0.52012,SLS,23.0869723633664,2,0,31,3,1,4,0,0,0,1
10556,WISEA J234422.74+004017.1,23h44m22.7478s,+00d40m17.125s,356.0947827,0.6714236,G,55532.3857293338,0.1852361,SLS,23.0958206566612,1,0,38,6,1,4,0,0,0,1
10567,SDSS J234320.63-000245.4,23h43m20.6376s,-00d02m45.449s,355.83599,-0.045958182,G,23727.0680925608,0.07914498,SLS,23.1043142282937,1,0,0,2,2,0,0,0,0,1
10608,WISEA J234227.89+000513.5,23h42m27.8913s,+00d05m13.585s,355.6162141,0.0871071,G,53124.9413683843,0.17720573,SLS,23.1543481408337,1,0,42,7,1,4,0,0,0,1
10631,WISEA J234446.40+000345.5,23h44m46.4005s,+00d03m45.525s,356.1933356,0.062646,*,6.84243757903307,2.2823915e-05,SLS,23.1729263948884,0,0,23,4,1,4,0,0,0,1
10669,WISEA J234436.63+003811.8,23h44m36.6309s,+00d38m11.891s,356.1526288,0.6366364,G,188758.32533054,0.62963,SLS,23.220930009141,2,0,30,3,1,4,0,0,0,1
10736,WISEA J234512.15+001705.5,23h45m12.1575s,+00d17m05.512s,356.3006564,0.2848646,G,168896.71523709,0.5633788,SLS,23.2780310378407,4,0,27,3,1,4,0,0,0,1
10798,WISEA J234240.37+000148.6,23h42m40.3745s,+00d01m48.600s,355.6682272,0.0301669,*,43.4606038500283,0.00014496897,SLS,23.3539669193694,0,0,23,4,1,4,0,0,0,1
10836,SDSS J234444.80+003638.2,23h44m44.8042s,+00d36m38.269s,356.1866844766,0.6106303951,G,148292.3393497,0.49465,SLS,23.3821117741841,2,0,19,2,1,4,0,0,0,1
10842,SDSS J234208.57+001432.2,23h42m08.5795s,+00d14m32.251s,355.5357482135,0.2422919823,G,161561.15354078,0.53891,SLS,23.3910768018826,2,0,19,2,1,3,0,0,0,1
10865,WISEA J234319.04+004241.6,23h43m19.0488s,+00d42m41.651s,355.8293701,0.7115698,G,24602.5867835834,0.082065396,SLS,23.4202693189213,2,0,37,6,2,4,0,0,0,1
11013,SDSS J234205.47+001839.7,23h42m05.4753s,+00d18m39.773s,355.5228140229,0.3110483186,G,142833.11868952,0.47644,SLS,23.5856781472666,2,0,19,2,1,4,0,0,0,1
11191,WISEA J234513.99+001641.1,23h45m13.9632s,+00d16m41.286s,356.30818,0.278135,G,53864.5083767983,0.17967266,SLS,23.7766483763976,2,0,36,7,2,4,0,0,0,1
11197,SDSS J234418.75-000150.1,23h44m18.7568s,-00d01m50.155s,356.0781533127,-0.0305988202,G,143591.59360826,0.47897,SLS,23.7827293992514,2,0,19,2,1,4,0,0,0,1
11216,WISEA J234446.44+000252.4,23h44m46.4488s,+00d02m52.415s,356.193537,0.0478933,*,3.55186099779771,1.1847733e-05,SLS,23.8045808100463,0,0,23,4,1,4,0,0,0,1
11217,WISEA J234459.84+000700.2,23h44m59.8728s,+00d07m00.393s,356.24947,0.116776,G,11064.319131253,0.036906596,SLS,23.8049865558573,0,0,36,6,1,4,0,0,0,1
11225,SDSS J234232.44+000259.1,23h42m32.4429s,+00d02m59.133s,355.6351789383,0.0497592469,G,170695.82973604,0.56938,SLS,23.8143897776751,2,0,19,2,1,4,0,0,0,1
11268,WISEA J234212.13+001020.7,23h42m12.1319s,+00d10m20.734s,355.5505499,0.1724263,*,8.38158105217881,2.7957945e-05,SLS,23.8659641145775,0,0,23,4,1,4,0,0,0,1
11294,WISEA J234512.39+001400.7,23h45m12.3952s,+00d14m00.736s,356.3016468,0.233538,G,169159.243492561,0.5642545,SLS,23.897518365455,4,0,27,3,1,4,0,0,0,1
11389,WISEA J234310.13-000258.6,23h43m10.1365s,-00d02m58.672s,355.7922357,-0.0496313,G,80542.5655421346,0.26866108,SLS,23.9945038387855,2,0,33,4,1,4,0,0,0,1
11426,2MASS J23435545+0043333,23h43m55.4556s,+00d43m33.358s,355.981065,0.725933,G,27946.3711298495,0.09321906,SLS,24.0309605292682,12,0,49,5,6,8,0,0,0,1
11430,2MASS J23431877+0043184,23h43m18.7824s,+00d43m18.723s,355.82826,0.72186756,*,5.64762762874976,1.8838458e-05,SLS,24.03772285798,0,0,6,2,1,0,0,0,0,1
11468,2MASS J23445953+0006240,23h44m59.5800s,+00d06m23.605s,356.24825,0.106557,G,11200.2801074278,0.037360113,SLS,24.080579103761,1,0,4,3,2,0,0,0,0,1
11560,SDSS J234206.91+001302.2,23h42m06.9194s,+00d13m02.254s,355.5288311538,0.2172929771,G,94113.84633994,0.31393,SLS,24.1745839125196,2,0,19,2,1,4,0,0,0,1
11563,2MFGC 17819,23h44m59.8394s,+00d06m19.184s,356.249331,0.105329,G,11126.9169956532,0.0371154,SLS,24.1755533990729,21,0,53,16,10,6,0,0,1,1
11644,WISEA J234228.99+003628.6,23h42m29.0138s,+00d36m28.717s,355.620891,0.607977,*,11.6920896347768,3.9000613e-05,SLS,24.2646370973738,0,0,23,4,1,4,0,0,0,1
11670,SDSS J234458.79+003358.8,23h44m58.7919s,+00d33m58.870s,356.2449664836,0.566352975,G,166831.50495242,0.55649,SLS,24.3030232153949,2,0,15,1,1,3,0,0,0,1
11801,WISEA J234404.55+004330.2,23h44m04.5552s,+00d43m30.241s,356.01898,0.725067,G,31281.9897291446,0.104345486,SLS,24.4565039226679,1,0,36,6,1,4,0,0,0,1
11839,WISEA J234515.66+002444.9,23h45m15.7005s,+00d24m44.990s,356.3154190282,0.4124974723,G,214894.23181898,0.71681,SLS,24.4947171995098,2,0,31,3,1,3,0,0,0,1
11869,SDSS J234455.30+000413.9,23h44m55.3049s,+00d04m13.915s,356.2304371414,0.0705320758,G,87818.20472194,0.29293,SLS,24.5188881867527,2,0,19,2,1,3,0,0,0,1
11968,WISEA J234252.55+004127.2,23h42m52.5527s,+00d41m27.219s,355.7189696,0.6908942,G,50771.6245357268,0.16935591,SLS,24.6096606381477,1,0,42,7,1,4,0,0,0,1
11976,WISEA J234503.48+000654.5,23h45m03.4944s,+00d06m55.121s,356.26456,0.11531162,QSO,572807.753443898,1.910681,SLS,24.6181931967743,25,0,28,10,13,4,0,2,0,1
12003,WISEA J234312.93+004334.3,23h43m12.9376s,+00d43m34.322s,355.8039068,0.7262007,G,55692.9455760649,0.18577167,SLS,24.6474187366289,13,0,58,9,7,8,0,0,0,1
12064,WIG S00J234514941+00262747,23h45m14.9410s,+00d26m27.470s,356.31225416667,0.44096388889,G,236236.456904,0.788,SLS,24.7096289529931,2,0,0,1,1,0,0,0,0,1
12096,WISEA J234518.42+002129.5,23h45m18.4699s,+00d21m29.149s,356.32695791667,0.35809694444,G,214636.4103051,0.71595,SLS,24.7461585980134,2,0,12,2,1,0,0,0,0,1
12164,WISEA J234459.76+000511.2,23h44m59.7605s,+00d05m11.233s,356.2490023,0.0864538,G,28636.4963660901,0.09552107,SLS,24.8112248200187,11,0,72,10,6,10,0,0,1,1
12235,WISEA J234515.74+002620.1,23h45m15.7471s,+00d26m20.115s,356.3156131,0.438921,G,138297.963312256,0.46131235,SLS,24.8716398137057,5,0,27,5,2,4,0,0,0,1
12344,WISEA J234316.55+004410.2,23h43m16.5565s,+00d44m10.248s,355.8189857,0.7361802,*,26.7116429144061,8.910045e-05,SLS,24.9994990553916,0,0,27,5,1,4,0,0,0,1
12415,WISEA J234419.98-000306.0,23h44m19.9855s,-00d03m06.434s,356.0832729082,-0.051787322,G,183221.15863128,0.61116,SLS,25.0692347476229,2,0,31,3,1,4,0,0,0,1
12481,WISEA J234340.79+004458.9,23h43m40.7961s,+00d44m58.938s,355.9199841,0.749705,G,66841.3397034092,0.22295871,SLS,25.1337938170059,1,0,33,4,1,4,0,0,0,1
12491,WISEA J234415.71-000337.5,23h44m15.6840s,-00d03m37.735s,356.06535,-0.060482,*,1.34535358109636,4.4876165e-06,SLS,25.1433294297323,0,0,17,3,1,4,0,0,0,1
12526,2MFGC 17777,23h42m03.2188s,+00d12m37.781s,355.5134118,0.2104949,G,20544.2585057877,0.06852827,SLS,25.177528020652,15,0,51,8,7,6,0,0,1,1
12573,WISEA J234253.75+004218.5,23h42m53.7571s,+00d42m18.556s,355.723988,0.7051546,G,27578.564756903,0.09199219,SLS,25.2255721789273,13,0,67,8,5,10,0,0,1,1
12645,WISEA J234201.03+002527.9,23h42m01.0374s,+00d25m27.929s,355.5043226,0.4244248,G,20660.3321496761,0.06891545,SLS,25.2962632991729,2,0,36,6,1,4,0,0,0,1
12647,SDSS J234401.76-000450.3,23h44m01.7664s,-00d04m50.365s,356.00736,-0.080657,*,327646.475065238,1.092911,SLS,25.2982234883713,1,0,11,4,1,4,0,0,0,1
12649,SDSS J234427.74-000225.0,23h44m27.7447s,-00d02m25.041s,356.1156029833,-0.0402892529,G,234077.9512064,0.7808,SLS,25.3002410803132,2,0,15,1,1,4,0,0,0,1
12712,SDSS J234435.12+004105.1,23h44m35.1247s,+00d41m05.188s,356.1463529595,0.6847745749,G,140959.41582702,0.47019,SLS,25.3567726343535,2,0,15,1,1,4,0,0,0,1
12727,WISEA J234516.26+002738.1,23h45m16.2677s,+00d27m38.176s,356.3177822,0.4606045,G,55282.3168484177,0.18440196,SLS,25.3659421512021,0,0,12,2,1,0,0,0,0,1
12848,SDSS J234503.94+000528.4,23h45m03.9414s,+00d05m28.486s,356.2664227671,0.0912463443,G,209051.27681256,0.69732,SLS,25.4986167774279,2,0,19,2,1,4,0,0,0,1
12890,2MASS J23420349+0011166,23h42m03.4728s,+00d11m17.181s,355.51447,0.18810586,*,4.5840179504082,1.5290638e-05,SLS,25.5353351748936,0,0,11,4,2,4,0,0,0,1
12939,UM 172 NED02,23h42m27.4432s,+00d37m57.583s,355.614347,0.632662,G,17871.0661183687,0.05961146,SLS,25.5783616347365,13,0,50,6,7,10,0,0,2,1
12947,WISEA J234203.66+001100.4,23h42m03.6552s,+00d11m01.324s,355.5152301812,0.1837012549,G,222287.11383326,0.74147,SLS,25.5823636126185,2,0,27,2,1,4,0,0,0,1
12969,WISEA J234506.31+003328.8,23h45m06.3579s,+00d33m28.893s,356.2764914809,0.5580258356,G,182099.93483836,0.60742,SLS,25.5957135326766,2,0,35,4,1,4,0,0,0,1
13026,SDSS J234517.01+001142.3,23h45m17.0104s,+00d11m42.350s,356.3208768213,0.1950972917,G,183347.07146364,0.61158,SLS,25.6543838311192,2,0,15,1,1,4,0,0,0,1
13038,WISEA J234158.98+002450.6,23h41m58.9832s,+00d24m50.639s,355.4957637,0.4140665,G,28774.7816331917,0.09598234,SLS,25.6691222396045,2,0,40,7,1,4,0,0,0,1
13056,WISEA J234157.85+001630.2,23h41m57.8552s,+00d16m30.211s,355.4910636,0.2750586,G,35654.0472167278,0.1189291,SLS,25.6798066311619,1,0,35,5,1,4,0,0,0,1
13114,WISEA J234510.91+003146.8,23h45m10.9168s,+00d31m46.839s,356.295487,0.5296775,G,27855.316365751,0.092915334,SLS,25.7360290502917,1,0,38,6,1,4,0,0,0,1
13129,WISEA J234424.33-000321.6,23h44m24.3609s,-00d03m21.068s,356.1015041256,-0.0558523377,G,183221.15863128,0.61116,SLS,25.7479041419498,2,0,35,4,1,4,0,0,0,1
13146,WISEA J234157.37+001646.0,23h41m57.3782s,+00d16m46.045s,355.4890761,0.2794572,G,35567.6155521241,0.118640795,SLS,25.765131892625,1,0,36,6,1,4,0,0,0,1
13176,SDSS J234518.77+002702.2,23h45m18.7717s,+00d27m02.247s,356.3282155961,0.4506241798,G,195125.91713846,0.65087,SLS,25.7891747581184,2,0,19,2,1,4,0,0,0,1
13177,WISEA J234202.19+001125.5,23h42m02.1950s,+00d11m25.552s,355.5091459,0.1904311,G,22.3322357149226,7.449232e-05,SLS,25.7905916491735,2,0,33,4,1,4,0,0,0,1
13208,WISEA J234210.30+003247.1,23h42m10.3071s,+00d32m47.119s,355.5429466,0.5464222,G,201959.626260078,0.6736648,SLS,25.8212120853266,5,0,29,4,2,4,0,0,0,1
13216,WIG S00J234300186+00434288,23h43m00.1860s,+00d43m42.880s,355.750775,0.72857777778,G,140644.63374612,0.46914,SLS,25.8282453570068,2,0,0,1,1,0,0,0,0,1
13219,WISEA J234233.11+003936.3,23h42m33.1160s,+00d39m36.357s,355.6379836,0.6600993,G,17949.184538112,0.059872035,SLS,25.8334093286668,12,0,58,8,5,8,0,0,0,1
13235,WIG S00J234210564+00064525,23h42m10.5641s,+00d06m45.248s,355.54401708333,0.11256888889,G,86954.8024429,0.29005,SLS,25.8470318614432,2,0,0,1,1,0,0,0,0,1
13382,WISEA J234201.02+002757.2,23h42m01.0075s,+00d27m57.668s,355.504198,0.466019,*,2.16777977728823,7.230935e-06,SLS,25.9715906950006,0,0,23,4,1,3,0,0,0,1
13387,SDSS J234416.92-000424.1,23h44m16.9205s,-00d04m24.165s,356.0705024319,-0.0733793524,G,159162.81387678,0.53091,SLS,25.9765557687802,2,0,23,3,1,4,0,0,0,1
13420,WISEA J234432.55-000233.1,23h44m32.5576s,-00d02m33.181s,356.135657,-0.0425503,*,16.9102912489703,5.640666e-05,SLS,26.0098923712636,0,0,23,4,1,4,0,0,0,1
13439,SDSS J234216.76+000406.5,23h42m16.7602s,+00d04m06.582s,355.5698341763,0.0684951528,G,206275.19865148,0.68806,SLS,26.0324557035293,2,0,15,1,1,4,0,0,0,1
13556,SDSS J234445.30+004012.8,23h44m45.3007s,+00d40m12.854s,356.1887531433,0.6702374686,G,182852.41390794,0.60993,SLS,26.1466555999882,7,0,12,3,3,4,0,0,0,1
13585,SDSS J234516.56+002945.9,23h45m16.5604s,+00d29m45.950s,356.3190018673,0.4960974095,G,136921.21141776,0.45672,SLS,26.1661016075936,2,0,19,2,1,4,0,0,0,1
13595,WISEA J234227.94+003854.6,23h42m27.9528s,+00d38m54.751s,355.61647,0.648542,G,35579.6926912946,0.11868108,SLS,26.1741091274633,1,0,36,6,1,4,0,0,0,1
13597,WISEA J234344.22-000618.1,23h43m44.2251s,-00d06m18.124s,355.9342714,-0.1050347,*,10.0334060175507,3.346784e-05,SLS,26.1765391657955,0,0,23,4,1,4,0,0,0,1
13616,WISEA J234312.27-000525.8,23h43m12.2760s,-00d05m25.830s,355.8011501,-0.0905085,*,29.0917312135631,9.703957e-05,SLS,26.1936704998712,0,0,23,4,1,4,0,0,0,1
13622,SDSS J234157.72+001348.6,23h41m57.7238s,+00d13m48.661s,355.4905161947,0.2301837829,G,144832.73438438,0.48311,SLS,26.1992123458944,2,0,19,2,1,4,0,0,0,1
13641,WISEA J234520.45+001233.9,23h45m20.4507s,+00d12m33.955s,356.3352116,0.2094322,G,22.594515142653,7.536719e-05,SLS,26.2195259443255,2,0,33,4,1,4,0,0,0,1
13799,WISEA J234245.64+004228.8,23h42m45.6734s,+00d42m30.028s,355.6903058599,0.708341098,G,140851.49054214,0.46983,SLS,26.371525897446,2,0,31,3,1,4,0,0,0,1
13809,WISEA J234523.46+001502.6,23h45m23.4601s,+00d15m02.693s,356.3477508,0.2507482,G,80332.7647841771,0.26796126,SLS,26.3810143918944,1,0,21,5,1,0,0,0,0,1
13868,SDSS J234154.63+001656.8,23h41m54.6326s,+00d16m56.898s,355.4776360928,0.2824717052,G,216612.04260332,0.72254,SLS,26.4262450417011,2,0,18,2,1,4,0,0,0,1
13948,GALEXMSC J234521.39+002720.6,23h45m21.3780s,+00d27m20.059s,356.339075,0.45557194444,G,136174.72819734,0.45423,SLS,26.4978393625853,2,0,4,2,1,0,0,0,0,1
13994,WISEA J234515.13+003127.2,23h45m15.1350s,+00d31m27.232s,356.3130625,0.5242312,G,68013.2464092787,0.22686777,SLS,26.5303175487921,1,0,35,5,1,4,0,0,0,1
14074,WIG S00J234519222+00291401,23h45m19.2221s,+00d29m14.010s,356.33009208333,0.487225,G,138645.01805126,0.46247,SLS,26.5905784027856,2,0,0,1,1,0,0,0,0,1
14130,SDSS J234435.45-000251.7,23h44m35.4596s,-00d02m51.756s,356.1477483966,-0.0477101562,G,202398.88216954,0.67513,SLS,26.6492357871729,2,0,15,1,1,4,0,0,0,1
14309,WISEA J234521.84+002757.9,23h45m21.8955s,+00d27m59.210s,356.3412312853,0.466447378,G,214462.53067946,0.71537,SLS,26.8127139630847,2,0,31,3,1,4,0,0,0,1
14330,WISEA J234518.52+000926.2,23h45m18.5880s,+00d09m25.372s,356.32745,0.157048,*,216710.54241332,0.72286856,SLS,26.8307802589597,1,0,17,3,1,4,0,0,0,1
14331,WIG S00J234427458-00041073,23h44m27.4579s,-00d04m10.729s,356.11440791667,-0.06964694444,G,161276.35070568,0.53796,SLS,26.8315835523053,2,0,0,1,1,0,0,0,0,1
14333,WISEA J234443.89-000140.1,23h44m43.8478s,-00d01m39.770s,356.1826992902,-0.027714133,G,169205.86121978,0.56441,SLS,26.8325199630574,2,0,31,3,1,4,0,0,0,1
14444,SDSS J234420.96-000502.1,23h44m20.9693s,-00d05m02.199s,356.0873722745,-0.0839442997,G,170668.84841482,0.56929,SLS,26.9405328240462,2,0,19,2,1,4,0,0,0,1
14557,GALEXMSC J234209.85+000444.3,23h42m09.7690s,+00d04m44.770s,355.54070416667,0.07910277778,G,295019.76206864,0.98408,SLS,27.0849104102879,2,0,4,2,1,0,0,0,0,1
14646,WISEA J234525.70+002551.6,23h45m25.7088s,+00d25m51.416s,356.35712,0.430949,G,16688.8705353406,0.05566808,SLS,27.173864737353,2,0,32,6,2,4,0,0,0,1
14654,WISEA J234204.84+000633.8,23h42m04.8669s,+00d06m33.582s,355.5202789431,0.1093283882,G,261416.02545142,0.87199,SLS,27.1791199649027,2,0,27,2,1,4,0,0,0,1
14668,WISEA J234151.27+002158.7,23h41m51.2794s,+00d21m58.752s,355.4636645,0.3663201,G,47746.1400350628,0.15926398,SLS,27.1881252913957,12,0,71,9,4,10,0,0,1,1
14718,WISEA J234245.53-000346.2,23h42m45.5369s,-00d03m46.210s,355.6897373,-0.0628362,*,50.9006462158762,0.00016978628,SLS,27.2261443451243,0,0,23,4,1,4,0,0,0,1
14795,SDSS J234508.96+003534.4,23h45m08.9615s,+00d35m34.487s,356.2873398208,0.5929132371,G,105775.77295614,0.35283,SLS,27.2985841458775,2,0,19,2,1,3,0,0,0,1
14981,SDSS J234522.56+001013.5,23h45m22.5662s,+00d10m13.508s,356.3440261327,0.1704189117,G,110425.55397972,0.36834,SLS,27.4584599421882,2,0,19,2,1,4,0,0,0,1
15001,WISEA J234312.51+004628.7,23h43m12.5126s,+00d46m28.742s,355.8021359,0.7746507,G,40516.6239249208,0.13514891,SLS,27.4826927378919,2,0,32,5,1,4,0,0,0,1
15008,WISEA J234320.89+004656.1,23h43m20.8993s,+00d46m56.186s,355.8370805,0.782274,*,8.84171720654765,2.9492794e-05,SLS,27.4911728546187,0,0,23,4,1,4,0,0,0,1
15085,WISEA J234309.77+004621.9,23h43m09.7778s,+00d46m21.929s,355.7907412,0.7727583,G,20763.0800188064,0.06925818,SLS,27.5503974128938,12,0,52,7,5,8,0,0,0,1
15104,SDSS J234151.94+002541.0,23h41m51.9504s,+00d25m41.062s,355.46646,0.428073,*,47.3008882764412,0.00015777878,SLS,27.5614094609948,0,0,5,2,1,4,0,0,0,1
15105,SDSS J234432.09-000424.1,23h44m32.0940s,-00d04m24.136s,356.1337252499,-0.073371298,G,137787.61162138,0.45961,SLS,27.5634288920579,2,0,15,1,1,4,0,0,0,1
15120,SDSS J234505.42+003712.5,23h45m05.4283s,+00d37m12.573s,356.2726179507,0.6201591716,G,87734.2628337,0.29265,SLS,27.5799830934047,2,0,23,3,1,4,0,0,0,1
15137,WISEA J234528.58+001518.3,23h45m28.5874s,+00d15m18.328s,356.3691144,0.2550912,G,83421.6583876326,0.2782647,SLS,27.5982490747981,1,0,31,4,1,4,0,0,0,1
15142,WISEA J234156.88+000947.0,23h41m56.8866s,+00d09m47.041s,355.4870278,0.163067,G,35638.1959903035,0.118876226,SLS,27.6038454168443,11,0,71,9,5,10,0,0,1,1
15191,SDSS J234152.33+001314.5,23h41m52.3334s,+00d13m14.505s,355.4680559176,0.2206958444,G,199568.84136602,0.66569,SLS,27.6428243564118,2,0,19,2,1,4,0,0,0,1
15196,SDSS J234450.86-000118.9,23h44m50.8603s,-00d01m18.961s,356.2119180744,-0.0219336723,G,208601.58812556,0.69582,SLS,27.6493105104909,2,0,15,1,1,4,0,0,0,1
15232,SDSS J234420.83-000551.2,23h44m20.8345s,-00d05m51.244s,356.0868104443,-0.0975679155,G,81066.87856778,0.27041,SLS,27.6848623770875,2,0,19,2,1,4,0,0,0,1
15271,WISEA J234453.22-000054.3,23h44m53.2294s,-00d00m54.381s,356.2217894,-0.0151059,G,167245.21854446,0.55787,SLS,27.7260545252836,2,0,16,3,1,0,0,0,0,1
15366,SDSS J234249.93+004444.1,23h42m49.9357s,+00d44m44.173s,355.7080656619,0.7456038276,G,184090.55675948,0.61406,SLS,27.8224723270249,2,0,19,2,1,4,0,0,0,1
15374,WISEA J234411.55+004630.8,23h44m11.5573s,+00d46m30.870s,356.0481555,0.7752418,*,18.4145646621562,6.1424376e-05,SLS,27.8284093483807,0,0,18,3,1,0,0,0,0,1
15402,WISEA J234215.59+000135.2,23h42m15.5953s,+00d01m35.222s,355.5649804,0.0264507,G,55613.0149109129,0.18550505,SLS,27.8501384590001,1,0,27,6,1,0,0,0,0,1
15420,WISEA J234230.80-000204.0,23h42m30.8304s,-00d02m04.131s,355.62846,-0.034481086,QSO,619012.96624069,2.064805,SLS,27.8724307339809,20,0,26,8,11,4,0,1,0,1
15461,WISEA J234227.37-000125.0,23h42m27.3742s,-00d01m25.009s,355.6140593,-0.0236136,QSO,258606.541416745,0.86261857,SLS,27.9143776055632,26,0,27,9,13,4,0,0,0,1
15601,WISEA J234152.32+001143.0,23h41m52.3291s,+00d11m43.032s,355.468038,0.1952869,G,27989.3014098351,0.09336226,SLS,28.0474256991562,1,0,36,6,1,4,0,0,0,1
15604,SDSS J234453.66-000114.5,23h44m53.6688s,-00d01m14.505s,356.22362,-0.020696,G,23639.7010754882,0.078853555,SLS,28.050318676865,2,0,16,4,2,4,0,0,0,1
15630,WISEA J234154.15+001015.2,23h41m54.1567s,+00d10m15.285s,355.4756531,0.1709125,G,35461.4455520857,0.11828665,SLS,28.0760751424932,2,0,36,6,1,4,0,0,0,1
15641,WISEA J234520.25+003222.6,23h45m20.2553s,+00d32m22.651s,356.3343974,0.5396253,*,5.65111601379105,1.8850094e-05,SLS,28.0867089144954,0,0,23,4,1,4,0,0,0,1
15646,WISEA J234450.01-000203.6,23h44m50.0193s,-00d02m03.699s,356.208414,-0.0343609,G,23828.5748209151,0.07948357,SLS,28.0921410381901,11,0,46,8,4,4,0,0,0,1
15653,WISEA J234430.23+004456.5,23h44m30.1920s,+00d44m57.505s,356.1258003582,0.7493069515,G,146874.32102336,0.48992,SLS,28.1026423650237,2,0,34,4,1,4,0,0,0,1
15740,SDSS J234220.38+003952.4,23h42m20.3872s,+00d39m52.416s,355.5849469434,0.6645601812,G,121655.7794564,0.4058,SLS,28.179263788822,2,0,19,2,1,4,0,0,0,1
15805,WISEA J234156.66+003124.8,23h41m56.6679s,+00d31m24.820s,355.4861163,0.5235612,G,28042.7124341524,0.09354042,SLS,28.2339598478278,2,0,36,6,1,4,0,0,0,1
15894,WISEA J234518.41+003342.4,23h45m18.4271s,+00d33m42.969s,356.3267799637,0.5619358409,G,273230.8462212,0.9114,SLS,28.3094271072246,2,0,31,3,1,3,0,0,0,1
15913,SDSS J234146.41+001949.8,23h41m46.4175s,+00d19m49.815s,355.443406545,0.3305043446,G,152948.11622244,0.51018,SLS,28.3201385344929,2,0,19,2,1,4,0,0,0,1
15966,SDSS J234429.00-000541.7,23h44m29.0112s,-00d05m41.833s,356.12088,-0.094953721,QSO,657527.902904866,2.193277,SLS,28.3660718567087,22,0,10,5,10,4,0,1,0,1
16055,WISEA J234451.94+004149.0,23h44m51.9466s,+00d41m49.065s,356.2164445,0.6969626,G,106331.570185725,0.35468394,SLS,28.4390402621786,3,0,29,4,2,4,0,0,0,1
16076,WISEA J234308.85+004714.4,23h43m08.8546s,+00d47m14.437s,355.7868943,0.7873437,G,20812.7046643792,0.06942371,SLS,28.4553144771506,5,0,37,6,1,4,0,0,0,1
16333,SDSS J234147.08+001418.2,23h41m47.0812s,+00d14m18.200s,355.4461720329,0.2383890405,G,124848.5691341,0.41645,SLS,28.6954935482591,2,0,15,1,1,4,0,0,0,1
16353,WISEA J234510.42+000214.5,23h45m10.4281s,+00d02m14.599s,356.2934505,0.0373886,G,79590.0499549541,0.26548383,SLS,28.713473433892,4,0,54,6,3,8,0,0,0,1
16401,WISEA J234420.77-000700.9,23h44m20.7912s,-00d07m00.759s,356.08663,-0.11687776,QSO,247336.752329383,0.8250266,SLS,28.7599097510932,23,0,27,10,12,4,0,0,0,1
16429,2MASS J23433418+0048355,23h43m34.1851s,+00d48m35.564s,355.892438,0.809879,*,21.5654610419828,7.1934635e-05,SLS,28.7757841228544,0,0,11,3,1,4,0,0,0,1
16455,WISEA J234514.67+003609.4,23h45m14.6637s,+00d36m09.572s,356.311099,0.602659,*,1.04000917662892,3.4690972e-06,SLS,28.8026917433168,0,0,23,4,1,4,0,0,0,1
16620,SDSS J234150.67+001006.8,23h41m50.6735s,+00d10m06.830s,355.461139656,0.1685641038,G,199311.01985214,0.66483,SLS,28.9430688995438,2,0,19,2,1,4,0,0,0,1
16661,WISEA J234532.24+002645.9,23h45m32.2451s,+00d26m45.974s,356.3843549,0.4461039,G,139342.952881031,0.46479806,SLS,28.9732445100365,4,0,27,3,1,4,0,0,0,1
16691,WISEA J234509.88+000137.7,23h45m09.8885s,+00d01m37.162s,356.2912020796,0.0269896739,G,260276.81411102,0.86819,SLS,28.9952127647368,2,0,31,3,1,4,0,0,0,1
16743,SDSS J234200.36+000447.2,23h42m00.3696s,+00d04m47.226s,355.50154,0.079785,G,40731.3442771141,0.13586514,SLS,29.0437580337187,1,0,24,5,1,4,0,0,0,1
16755,SDSS J234430.75-000614.8,23h44m30.7575s,-00d06m14.871s,356.128156249,-0.1041310431,G,137742.64275268,0.45946,SLS,29.0521322702537,2,0,19,2,1,4,0,0,0,1
16817,SDSS J234440.23-000500.9,23h44m40.2303s,-00d05m00.994s,356.1676262526,-0.0836096037,G,80359.3683669,0.26805,SLS,29.1090966631087,2,0,23,3,1,4,0,0,0,1
16819,WISEA J234535.73+002221.9,23h45m35.7079s,+00d22m21.806s,356.3987829604,0.372724111,G,168879.08744056,0.56332,SLS,29.1101461281411,2,0,35,4,1,4,0,0,0,1
16825,WISEA J234438.84+004454.9,23h44m38.9314s,+00d44m55.164s,356.1622142341,0.7486568035,G,125768.93198016,0.41952,SLS,29.115759473379,2,0,31,3,1,4,0,0,0,1
16857,WISEA J234401.97-000845.5,23h44m01.9933s,-00d08m45.335s,356.0083054716,-0.1459265672,G,377240.84159972,1.25834,SLS,29.1434691114401,2,0,33,4,1,4,0,0,0,1
16865,WISEA J234536.02+002207.9,23h45m35.9583s,+00d22m07.953s,356.3998265772,0.3688758328,G,168939.04593216,0.56352,SLS,29.1535486726099,2,0,31,3,1,4,0,0,0,1
16870,SDSS J234351.35-000909.7,23h43m51.3545s,-00d09m09.783s,355.9639774751,-0.1527177534,G,76390.11622298,0.25481,SLS,29.1589996714826,2,0,22,3,1,4,0,0,0,1
16874,WISEA J234157.57+000544.5,23h41m57.6024s,+00d05m44.775s,355.49001,0.095771,G,23313.9330999648,0.07776691,SLS,29.1616243459534,2,0,21,6,2,0,0,0,0,1
17063,GALEXMSC J234235.93+004428.1,23h42m35.9760s,+00d44m27.060s,355.6499,0.74085,G,253444.5439932,0.8454,SLS,29.3084040170298,2,0,4,2,1,0,0,0,0,1
17117,WISEA J234213.51-000005.8,23h42m13.5181s,-00d00m05.887s,355.5563255,-0.0016355,G,95469.4898474685,0.31845194,SLS,29.3620480963385,5,0,36,7,3,4,4,0,0,1
17293,SDSS J234527.13+003204.1,23h45m27.1394s,+00d32m04.115s,356.3630809816,0.5344765726,G,83833.96295512,0.27964,SLS,29.5077003793426,2,0,9,2,1,3,0,0,0,1
17384,WISEA J234142.57+001545.2,23h41m42.5119s,+00d15m47.411s,355.4271330553,0.2631698861,G,199206.09249184,0.66448,SLS,29.5765755632993,2,0,31,3,1,4,0,0,0,1
17411,WISEA J234257.13-000745.6,23h42m57.1363s,-00d07m45.624s,355.7380682,-0.1293402,*,8.57484495836063,2.8602604e-05,SLS,29.5899094090298,0,0,23,4,1,4,0,0,0,1
17436,2MASS J23441338+0048139,23h44m13.3872s,+00d48m13.921s,356.05578,0.803867,PofG,15061.8518969059,0.05024093,SLS,29.6050413876446,8,0,26,6,6,4,0,0,0,1
17453,WISEA J234329.75+004921.8,23h43m29.7566s,+00d49m21.830s,355.8739862,0.8227308,G,141630.884978599,0.47242978,SLS,29.618336738114,3,0,27,3,1,4,0,0,0,1
17496,SDSS J234413.74+004816.0,23h44m13.7400s,+00d48m16.020s,356.05725,0.80445,G,14882.4950630583,0.04964266,SLS,29.6637578117731,0,0,0,1,1,0,0,0,0,1
17529,WISEA J234157.37+003455.1,23h41m57.3878s,+00d34m55.651s,355.4891158434,0.5821254187,G,196145.21149566,0.65427,SLS,29.6904966271004,2,0,31,3,1,4,0,0,0,1
17564,WISEA J234148.49+000920.7,23h41m48.4930s,+00d09m20.718s,355.4520544,0.155755,G,34839.3732038111,0.11621164,SLS,29.7198669151122,1,0,36,6,1,4,0,0,0,1
17620,WISEA J234531.33+000928.8,23h45m31.3364s,+00d09m28.878s,356.3805686,0.1580218,G,50769.1062790796,0.16934751,SLS,29.7727054529208,0,0,27,6,1,0,0,0,0,1
17629,WISEA J234538.84+002001.7,23h45m38.8301s,+00d20m01.201s,356.41179208333,0.33366694444,G,206050.35430798,0.68731,SLS,29.7825135321885,2,0,16,3,1,0,0,0,0,1
17641,SDSS J234219.46+004152.5,23h42m19.4699s,+00d41m52.542s,355.58112471,0.697928321,G,167545.01100246,0.55887,SLS,29.7892843837417,2,0,15,1,1,4,0,0,0,1
17696,WISEA J234140.42+001905.8,23h41m40.4272s,+00d19m05.889s,355.4184469,0.3183026,G,145016.618084343,0.48372337,SLS,29.8271807628492,4,0,27,3,1,4,0,0,0,1
17740,SDSS J234259.23+004757.0,23h42m59.2320s,+00d47m57.006s,355.7468,0.79916854,G,168071.266683233,0.5606254,SLS,29.8656892307537,0,0,0,1,1,0,0,0,0,1
17748,WISEA J234405.59+004900.7,23h44m05.5903s,+00d49m00.752s,356.023293,0.8168757,*,3.69090743795024,1.2311542e-05,SLS,29.8721230665604,0,0,23,4,1,4,0,0,0,1
17798,WISEA J234538.80+001658.9,23h45m38.7768s,+00d16m58.607s,356.41157,0.28294659,QSO,500112.27947331,1.668195,SLS,29.9071118006741,26,0,28,12,15,4,0,0,0,1
17814,WISEA J234537.87+002437.1,23h45m37.8717s,+00d24m37.132s,356.4077989,0.4103146,*,12.250186872099,4.0862225e-05,SLS,29.9247508385782,0,0,23,4,1,4,0,0,0,1
17863,WIG S00J234520857+00355550,23h45m20.8570s,+00d35m55.500s,356.33690416667,0.59875,G,140137.9844921,0.46745,SLS,29.9651253365953,2,0,0,1,1,0,0,0,0,1
17877,SDSS J234141.27+001509.9,23h41m41.2736s,+00d15m09.921s,355.421973524,0.252756025,G,161384.27599056,0.53832,SLS,29.974536169119,2,0,19,2,1,4,0,0,0,1
17903,WISEA J234537.88+001443.2,23h45m37.8840s,+00d14m43.273s,356.4078501,0.2453538,G,41624.5309368564,0.13884449,SLS,29.9874770202229,1,0,26,6,1,0,0,0,0,1
17909,WISEA J234500.91+004155.7,23h45m00.9158s,+00d41m55.778s,356.2538162,0.6988273,QSO,656346.870516575,2.1893375,SLS,29.9954521091494,44,0,47,15,24,8,0,2,0,1
17923,WISEA J234520.50+000334.4,23h45m20.5248s,+00d03m34.095s,356.33552,0.059471,G,23895.143736214,0.07970562,SLS,30.0073195106802,2,0,35,6,2,4,0,0,0,1
18126,2MASX J23414154+0013358,23h41m41.5605s,+00d13m35.922s,355.423169,0.226645,G,35629.8311811404,0.118848324,SLS,30.1888321572523,15,0,59,9,7,10,0,0,1,1
18152,GALEXASC J234434.10-000707.0,23h44m34.0140s,-00d07m08.068s,356.141725,-0.11890777778,G,258777.85182102,0.86319,SLS,30.2082049036708,2,0,4,2,1,0,0,0,0,1
18189,2MASS J23444668-0005194,23h44m46.6920s,-00d05m19.680s,356.19455,-0.0888,G,80152.6314878632,0.2673604,SLS,30.2394580782319,4,0,20,5,3,4,0,0,0,1
18271,WISEA J234215.34+004137.3,23h42m15.3453s,+00d41m37.453s,355.563939,0.693737,*,22.0174044680594,7.3442156e-05,SLS,30.3118957231225,0,0,31,6,1,2,0,0,0,1
18315,SDSS J234440.98-000620.7,23h44m40.9867s,-00d06m20.795s,356.170778023,-0.1057764808,G,80356.37044232,0.26804,SLS,30.3482005567474,2,0,19,2,1,4,0,0,0,1
18319,WISEA J234339.82-001030.0,23h43m39.8289s,-00d10m30.060s,355.9159541,-0.1750169,G,38393.8654800127,0.12806815,SLS,30.3510312937507,11,0,46,9,4,4,0,0,0,1
18326,WISEA J234437.00+004636.5,23h44m37.0063s,+00d46m36.594s,356.1541931,0.7768317,*,67.4168093140877,0.00022487827,SLS,30.3533081188894,0,0,22,4,1,4,0,0,0,1
18353,WISEA J234418.35-000857.1,23h44m18.3548s,-00d08m57.112s,356.0764787,-0.1491978,QSO,519557.118091648,1.733056,SLS,30.3798358917752,22,0,26,10,13,4,0,2,0,1
18357,WISEA J234529.15+003303.5,23h45m29.1461s,+00d33m03.652s,356.3714422928,0.5510145224,G,113972.09875786,0.38017,SLS,30.3831502141704,2,0,35,4,1,4,0,0,0,1
18364,WISEA J234414.98+004855.6,23h44m14.9823s,+00d48m55.696s,356.0624265,0.8154713,QSO,882761.047243646,2.9445739,SLS,30.3865245029028,31,0,18,14,18,4,0,1,0,1
18417,WISEA J234212.07+004058.8,23h42m12.0742s,+00d40m58.815s,355.5503095,0.6830042,G,107623.115067808,0.35899207,SLS,30.4358336247693,4,0,57,8,4,8,0,0,0,1
18446,WISEA J234427.13-000812.3,23h44m27.1367s,-00d08m12.379s,356.1130698,-0.1367722,G,28834.9439836632,0.09618302,SLS,30.4597607538913,3,0,36,6,1,4,0,0,0,1
18509,SDSS J234141.74+001158.9,23h41m41.7480s,+00d11m58.909s,355.42395,0.199697,*,1.97022164393802,6.571952e-06,SLS,30.5193569602578,0,0,8,3,1,4,0,0,0,1
18593,WISEA J234310.12+004931.8,23h43m10.1209s,+00d49m31.870s,355.7921708,0.8255195,G,134546.705254171,0.4487995,SLS,30.5883676123155,1,0,37,5,1,4,0,0,0,1
18612,SDSS J234538.13+002734.7,23h45m38.1392s,+00d27m34.773s,356.4089135449,0.4596592558,G,214777.31276036,0.71642,SLS,30.6013917556904,3,0,15,3,1,4,0,0,0,1
18669,WISEA J234142.84+001032.7,23h41m42.8489s,+00d10m32.778s,355.4285374,0.1757718,*,56.0186640858327,0.00018685815,SLS,30.6582185881704,0,0,23,4,1,4,0,0,0,1
18815,WISEA J234529.82+003335.6,23h45m29.8261s,+00d33m35.628s,356.3742754,0.5598967,G,48540.7369470673,0.16191447,SLS,30.7706079868883,7,0,56,8,5,8,0,0,0,1
18841,WISEA J234503.57+004223.8,23h45m03.5721s,+00d42m23.883s,356.2648841,0.7066342,G,35104.9665373723,0.117097564,SLS,30.7901956649553,6,0,25,6,1,0,0,0,0,1
18938,SDSS J234136.93+001631.8,23h41m36.9399s,+00d16m31.860s,355.4039164897,0.275516767,G,155745.17985558,0.51951,SLS,30.8685241576648,2,0,5,1,1,3,0,0,0,1
18988,SDSS J234542.60+002311.7,23h45m42.6025s,+00d23m11.756s,356.4275104981,0.3865988906,G,82203.0919836,0.2742,SLS,30.90667837335,2,0,19,2,1,4,0,0,0,1
19025,WISEA J234543.06+002214.7,23h45m43.0612s,+00d22m14.733s,356.4294220593,0.3707591975,G,183643.86599706,0.61257,SLS,30.9326490938265,2,0,30,3,1,4,0,0,0,1
19125,WISEA J234144.11+003105.9,23h41m44.1137s,+00d31m05.920s,355.4338071,0.5183111,*,94.1592049388354,0.0003140813,SLS,31.0080254972876,0,0,26,5,1,4,0,0,0,1
19234,SDSS J234147.87+003326.8,23h41m47.8739s,+00d33m26.814s,355.4494747813,0.557448592,G,195797.45224438,0.65311,SLS,31.086886746491,2,0,22,3,1,4,0,0,0,1
19528,WISEA J234407.89+005021.2,23h44m07.8950s,+00d50m21.202s,356.032896,0.839223,*,129.181649405049,0.0004309036,SLS,31.3071197919583,0,0,27,5,1,4,0,0,0,1
19554,WISEA J234543.11+001425.7,23h45m43.1105s,+00d14m25.764s,356.4296274,0.24049,*,4.47726065694457,1.4934534e-05,SLS,31.3248293840974,0,0,23,4,1,4,0,0,0,1
19632,SDSS J234449.24+004559.0,23h44m49.2486s,+00d45m59.033s,356.2052025841,0.7663980697,G,268473.13991274,0.89553,SLS,31.3889155790399,4,0,12,3,1,4,0,0,0,1
19731,WISEA J234144.43+000714.5,23h41m44.4311s,+00d07m14.516s,355.4351298,0.120699,*,12.3278022400979,4.1121122e-05,SLS,31.4544247027653,0,0,23,4,1,4,0,0,0,1
19810,WISEA J234429.14+004849.8,23h44m29.1419s,+00d48m49.889s,356.1214249,0.8138583,*,8.20165011577408,2.735776e-05,SLS,31.5070306079226,0,0,23,4,1,4,0,0,0,1
19873,SDSS J234156.45+003800.2,23h41m56.4528s,+00d38m00.258s,355.48522,0.633405,*,15.3369462530461,5.1158546e-05,SLS,31.5559613076882,0,0,5,2,1,4,0,0,0,1
19975,WISEA J234505.17-000329.0,23h45m05.1952s,-00d03m28.189s,356.2716468091,-0.0578304428,G,147081.17781938,0.49061,SLS,31.6330497518206,2,0,31,3,1,4,0,0,0,1
19983,WISEA J234139.34+002938.1,23h41m39.3452s,+00d29m38.150s,355.4139387,0.4939308,*,4.44546257030189,1.4828467e-05,SLS,31.6392732453485,0,0,23,4,1,4,0,0,0,1
20108,WISEA J234542.58+001154.3,23h45m42.5892s,+00d11m54.399s,356.4274552,0.1984444,G,41615.8189680269,0.13881543,SLS,31.7322664485585,1,0,36,6,1,4,0,0,0,1
20127,WISEA J234307.71-001052.1,23h43m07.7400s,-00d10m52.437s,355.78225,-0.18123255,G,57160.6365147709,0.19066736,SLS,31.7458784745005,1,0,32,5,1,4,0,0,0,1
20136,SDSS J234333.77-001151.8,23h43m33.7779s,-00d11m51.854s,355.890741607,-0.1977374208,G,238083.17844528,0.79416,SLS,31.7487830051014,2,0,23,3,1,4,0,0,0,1
20151,SDSS J234545.15+002451.8,23h45m45.1587s,+00d24m51.817s,356.4381612807,0.4143936879,G,137125.0702892,0.4574,SLS,31.7622074348319,2,0,15,1,1,4,0,0,0,1
20182,SDSS J234546.77+001842.9,23h45m46.7793s,+00d18m42.991s,356.4449139429,0.3119420824,G,104765.47237268,0.34946,SLS,31.7895544140549,2,0,19,2,1,4,0,0,0,1
20299,GALEXASC J234519.71+003935.2,23h45m19.8170s,+00d39m35.110s,356.33257083333,0.65975277778,G,171301.4105012,0.5714,SLS,31.8730578881231,2,0,8,3,1,0,0,0,0,1
20334,WISEA J234233.47-000724.7,23h42m33.4790s,-00d07m24.784s,355.6394962,-0.1235512,G,135715.032438092,0.45269662,SLS,31.8958964765834,4,0,27,3,1,4,0,0,0,1
20376,WISEA J234136.12+002756.4,23h41m36.1227s,+00d27m56.450s,355.4005113,0.4656807,QSO,335915.620455006,1.1204939,SLS,31.9354669848683,25,0,27,10,13,4,0,0,0,1
20465,WISEA J234258.41-001026.2,23h42m58.4166s,-00d10m26.238s,355.7434028,-0.1739551,G,83524.1454373245,0.27860656,SLS,31.9974923453492,3,0,35,6,2,4,0,0,0,1
20520,WISEA J234308.19-001112.6,23h43m08.1944s,-00d11m12.667s,355.7841435,-0.1868521,G,20912.2027832648,0.0697556,SLS,32.0441959606025,11,0,52,7,5,8,0,0,0,1
20529,WISEA J234429.35+004924.0,23h44m29.3566s,+00d49m24.063s,356.1223194,0.8233509,*,2.85853697603027,9.535053e-06,SLS,32.0524533720595,0,0,27,5,1,4,0,0,0,1
20603,WISEA J234446.38+004717.0,23h44m46.4112s,+00d47m17.041s,356.19338,0.788067,*,4.91872064055739,1.6407086e-05,SLS,32.105242505314,0,0,22,4,1,4,0,0,0,1
20642,WISEA J234427.71-000957.2,23h44m27.7131s,-00d09m57.201s,356.1154713,-0.1658892,G,41707.9122132,0.13912262,SLS,32.1296961987039,13,0,63,8,6,10,1,0,1,1
20675,WISEA J234237.30+004758.5,23h42m37.3097s,+00d47m58.573s,355.6554573,0.7996036,G,39822.6043846508,0.13283391,SLS,32.1612002393763,1,0,40,7,1,4,0,0,0,1
20739,WISEA J234422.56+005014.3,23h44m22.5612s,+00d50m14.362s,356.0940051,0.837323,G,55753.3927293714,0.1859733,SLS,32.2229669056768,1,0,21,5,1,0,0,0,0,1
20745,SDSS J234547.26+002429.7,23h45m47.2619s,+00d24m29.737s,356.4469246662,0.4082603176,G,160541.85918358,0.53551,SLS,32.2264220949207,2,0,15,1,1,4,0,0,0,1
20766,SDSS J234142.31+003312.5,23h41m42.3192s,+00d33m12.550s,355.42633,0.55348613,QSO,295302.508327478,0.98502314,SLS,32.2421388959265,43,0,38,18,25,8,0,1,0,1
20823,WISEA J234301.74-001100.2,23h43m01.7403s,-00d11m00.276s,355.7572514,-0.1834102,G,153546.424022569,0.51217574,SLS,32.2810279839272,4,0,27,3,1,4,0,0,0,1
20889,WISEA J234146.02+000424.8,23h41m46.0289s,+00d04m24.877s,355.4417873,0.0735771,G,95086.708841245,0.31717512,SLS,32.3389599443298,4,0,53,6,4,8,0,0,0,1
20937,SDSS J234547.12+002540.0,23h45m47.1205s,+00d25m40.036s,356.4463355672,0.4277878421,G,169817.4378341,0.56645,SLS,32.3812559666786,2,0,15,1,1,4,0,0,0,1
21049,WISEA J234134.21+002812.5,23h41m34.2134s,+00d28m12.595s,355.3925561,0.4701653,G,28175.1739329649,0.093982264,SLS,32.4656560539329,19,0,76,12,8,10,0,0,2,1
21097,WISEA J234257.57-001054.0,23h42m57.5796s,-00d10m54.023s,355.7399151,-0.1816732,G,27754.9191692838,0.092580445,SLS,32.5033611522614,11,0,61,9,5,8,0,0,0,1
21121,WISEA J234547.26+002613.9,23h45m47.2663s,+00d26m13.934s,356.4469429,0.437204,*,1.60175683681605,5.3428857e-06,SLS,32.5232186588561,0,0,23,5,2,3,0,0,0,1
21125,WISEA J234407.73+005136.7,23h44m07.7371s,+00d51m36.762s,356.032238,0.8602117,*,15.3600545555012,5.1235627e-05,SLS,32.5268140674153,0,0,27,5,1,4,0,0,0,1
21211,WISEA J234133.24+002747.4,23h41m33.2477s,+00d27m47.427s,355.3885323,0.4631742,G,55658.9910822718,0.18565841,SLS,32.5942906925299,2,0,41,7,1,4,0,0,0,1
21221,WISEA J234353.30-001234.7,23h43m53.3019s,-00d12m34.796s,355.9720915,-0.2096658,G,28585.5766170988,0.09535122,SLS,32.6077413879173,12,0,62,9,5,8,0,0,0,1
21256,WISEA J234207.06+004250.2,23h42m07.0586s,+00d42m50.126s,355.529411,0.713924,*,18.8196514264248,6.27756e-05,SLS,32.6295115340853,0,0,23,4,1,4,0,0,0,1
21398,SDSS J234517.57-000153.3,23h45m17.5716s,-00d01m53.368s,356.3232150235,-0.0314913192,G,121526.86869946,0.40537,SLS,32.7303723700571,2,0,19,2,1,4,0,0,0,1
21458,WISEA J234502.35+004517.2,23h45m02.3599s,+00d45m17.244s,356.2598329,0.7547902,G,58979.4533740602,0.19673428,SLS,32.7728997875171,11,0,41,8,5,4,0,0,0,1
21481,WISEA J234342.74-001255.5,23h43m42.7428s,-00d12m55.549s,355.9280952,-0.2154304,G,7931.07423156093,0.026455216,SLS,32.7846508785521,13,0,70,10,8,10,0,0,1,1
21490,WISEA J234550.73+001822.1,23h45m50.7320s,+00d18m22.152s,356.4613835,0.3061535,G,55166.4770426465,0.18401556,SLS,32.7909598217045,1,0,36,6,1,4,0,0,0,1
21507,SDSS J234419.68+005105.7,23h44m19.7088s,+00d51m05.734s,356.08212,0.851593,G,14729.4009479088,0.049131993,SLS,32.8073010750164,3,0,16,4,2,4,0,0,0,1
21526,WISEA J234141.50+000534.1,23h41m41.5004s,+00d05m34.178s,355.4229187,0.0928274,G,27941.9551869431,0.09320433,SLS,32.8193606616186,3,0,36,6,1,4,0,0,0,1
21535,SDSS J234529.23+003756.6,23h45m29.2382s,+00d37m56.658s,356.3718261678,0.6324051647,G,182108.9286121,0.60745,SLS,32.8217035363354,2,0,15,1,1,4,0,0,0,1
21610,WISEA J234311.56+005157.5,23h43m11.5687s,+00d51m57.503s,355.7982031,0.8659732,G,96008.4837097821,0.32024983,SLS,32.8694917589762,4,0,53,6,5,8,0,0,0,1
21661,SDSS J234131.19+002657.5,23h41m31.1958s,+00d26m57.592s,355.3799825713,0.4493311155,G,200198.40552782,0.66779,SLS,32.9026527159736,2,0,18,2,1,4,0,0,0,1
21682,SDSS J234216.80-000543.7,23h42m16.8073s,-00d05m43.785s,355.5700306796,-0.0954960866,G,269840.19352122,0.90009,SLS,32.9206586413121,2,0,18,2,1,4,0,0,0,1
21766,SDSS J234141.95+003443.3,23h41m41.9526s,+00d34m43.373s,355.4248025559,0.5787149782,G,350340.46434338,1.16861,SLS,32.9799162035509,3,0,15,2,2,4,0,0,0,1
21771,WISEA J234551.34+002159.8,23h45m51.3500s,+00d21m59.600s,356.46395833333,0.36655555556,G,20993.4585310811,0.07002664,SLS,32.9816106519854,12,0,33,5,4,4,0,0,0,1
21834,SDSS J234534.47+000329.8,23h45m34.4755s,+00d03m29.883s,356.3936479542,0.0583008588,G,155745.17985558,0.51951,SLS,33.0259594631647,2,0,19,2,1,4,0,0,0,1
21902,SDSS J234550.68+001505.6,23h45m50.6832s,+00d15m05.698s,356.4611800485,0.2515829836,G,312350.76406562,1.04189,SLS,33.0888232753614,2,0,15,1,1,4,0,0,0,1
21929,WISEA J234130.70+002720.7,23h41m30.6912s,+00d27m20.779s,355.37788,0.455772,*,45.8718196000994,0.00015301192,SLS,33.1111692842655,0,0,23,4,1,4,0,0,0,1
21967,WISEA J234508.95-000440.2,23h45m08.8656s,-00d04m40.252s,356.28694,-0.077848,QSO,747604.174399708,2.4937391,SLS,33.1387345471733,32,0,18,12,17,3,0,1,0,1
22014,SDSS J234258.86-001142.7,23h42m58.8626s,-00d11m42.797s,355.7452611094,-0.1952215861,G,243437.47174516,0.81202,SLS,33.1733498637957,2,0,23,3,1,4,0,0,0,1
22019,SDSS J234342.45-001319.2,23h43m42.4584s,-00d13m19.243s,355.92691,-0.222012,G,8067.76999905027,0.026911184,SLS,33.177887598369,2,0,15,3,2,4,0,0,0,1
22025,WISEA J234232.61-000846.8,23h42m32.6127s,-00d08m46.881s,355.6358864,-0.1463559,*,9.12912224018309,3.0451474e-05,SLS,33.1820096405588,0,0,23,4,1,4,0,0,0,1
22126,SDSS J234155.80+004036.6,23h41m55.8024s,+00d40m36.645s,355.48251,0.676846,G,167266.533788224,0.5579411,SLS,33.2509274439687,4,0,15,2,1,4,0,0,0,1
22182,SDSS J234530.69+003815.1,23h45m30.6910s,+00d38m15.161s,356.3778795435,0.6375449213,G,24738.87363416,0.08252,SLS,33.2947664344067,2,0,19,2,1,4,0,0,0,1
22314,SDSS J234137.69+000614.9,23h41m37.6995s,+00d06m14.913s,355.4070813387,0.104142488,G,111097.08908564,0.37058,SLS,33.3952377598586,2,0,15,1,1,4,0,0,0,1
22337,WISEA J234510.26-000445.5,23h45m10.2069s,-00d04m44.268s,356.2925289269,-0.0789635787,G,334616.34992128,1.11616,SLS,33.4144479277987,2,0,30,3,1,3,0,0,0,1
22366,SDSS J234552.20+001514.8,23h45m52.2085s,+00d15m14.865s,356.4675357694,0.2541294143,G,144682.83815538,0.48261,SLS,33.4448783366808,2,0,23,3,1,4,0,0,0,1
22370,SDSS J234139.08+000522.0,23h41m39.0897s,+00d05m22.080s,355.4128739789,0.0894666534,G,98769.62321268,0.32946,SLS,33.4498353623038,2,0,9,2,1,4,0,0,0,1
22438,WISEA J234550.37+002717.6,23h45m50.3715s,+00d27m17.601s,356.4598813,0.4548892,G,58116.2849331375,0.19385506,SLS,33.5043789802044,1,0,27,3,1,4,0,0,0,1
22495,SDSS J234136.06+003254.9,23h41m36.0673s,+00d32m54.930s,355.4002806181,0.5485917483,G,152711.28018062,0.50939,SLS,33.555391327265,2,0,18,2,1,4,0,0,0,1
22634,WISEA J234125.62+001634.3,23h41m25.6280s,+00d16m34.320s,355.3567836,0.2762001,G,47599.1068240367,0.15877353,SLS,33.6774199935366,1,0,41,7,1,4,0,0,0,1
22647,SDSS J234456.21-000752.9,23h44m56.2100s,-00d07m52.983s,356.2342083708,-0.1313843843,G,95846.64674718,0.31971,SLS,33.6894820109727,2,0,15,1,1,4,0,0,0,1
22659,SDSS J234541.38+003420.9,23h45m41.3804s,+00d34m20.988s,356.4224185436,0.5724967726,G,193549.00880938,0.64561,SLS,33.6982046688137,2,0,15,1,1,4,0,0,0,1
22725,SDSS J234124.71+001932.7,23h41m24.7138s,+00d19m32.766s,355.3529744026,0.3257685842,G,112080.40834788,0.37386,SLS,33.747346071384,2,0,19,2,1,4,0,0,0,1
22734,WISEA J234554.66+002056.7,23h45m54.6341s,+00d20m56.256s,356.4776420906,0.3489599903,G,176967.4879574,0.5903,SLS,33.7504640533446,2,0,35,4,1,4,0,0,0,1
22755,WISEA J234203.99-000358.7,23h42m03.9978s,-00d03m58.732s,355.5166578,-0.0663146,*,12.4001835315725,4.136256e-05,SLS,33.7674530716309,0,0,21,5,2,4,0,0,0,1
22766,SDSS J234554.44+002218.5,23h45m54.4452s,+00d22m18.580s,356.4768553106,0.3718279248,G,169814.43990952,0.56644,SLS,33.7753700209537,2,0,19,2,1,4,0,0,0,1
22839,WISEA J234455.73-000809.3,23h44m55.7899s,-00d08m07.468s,356.23245791667,-0.13540777778,G,219831.81360224,0.73328,SLS,33.8293135067583,2,0,15,3,1,0,0,0,0,1
22897,WISEA J234125.12+001549.7,23h41m25.1289s,+00d15m49.793s,355.3547038,0.2638314,QSO,296167.96718278,0.98791,SLS,33.8816552599077,25,0,25,11,13,4,0,0,0,1
22927,WISEA J234519.16-000312.0,23h45m19.1610s,-00d03m12.005s,356.3298375,-0.0533349,G,79903.6538514942,0.2665299,SLS,33.9054826703339,4,0,34,7,3,4,0,0,0,1
23000,WISEA J234433.06-001122.8,23h44m33.0676s,-00d11m22.826s,356.1377817,-0.1896741,QSO,439510.822988637,1.4660503,SLS,33.9609441669953,38,0,54,15,25,8,0,1,0,1
23046,SDSS J234548.44+003046.2,23h45m48.4488s,+00d30m46.223s,356.45187,0.51283997,G,55243.8145030367,0.18427353,SLS,33.9884416564591,1,0,9,4,1,0,0,0,0,1
23181,GALEXMSC J234556.07+002000.3,23h45m56.0590s,+00d19m59.649s,356.48357916667,0.33323583333,G,168771.16215568,0.56296,SLS,34.0894863492924,2,0,4,2,1,0,0,0,0,1
23234,WISEA J234552.50+001157.1,23h45m52.5057s,+00d11m57.171s,356.4687738,0.1992143,*,22.8840475035704,7.6332966e-05,SLS,34.1273478492572,0,0,30,6,1,3,0,0,0,1
23261,WISEA J234535.34+000140.9,23h45m35.3427s,+00d01m40.910s,356.3972613,0.0280306,QSO,305436.350814308,1.018826,SLS,34.145271706027,28,0,27,11,14,4,0,0,0,1
23294,WISEA J234414.25+005254.0,23h44m14.2541s,+00d52m54.076s,356.0593924,0.8816878,*,2.86492795164992,9.556371e-06,SLS,34.1614093324549,0,0,26,5,1,4,0,0,0,1
23302,SDSS J234157.97-000257.8,23h41m57.9720s,-00d02m57.804s,355.49155,-0.04939,G,11016.2216284613,0.03674616,SLS,34.1647679954851,0,0,0,1,1,0,0,0,0,1
23345,WISEA J234556.50+002013.0,23h45m56.5026s,+00d20m13.079s,356.4854277,0.3369666,UvS,139835.487906129,0.46644098,SLS,34.2020650028097,3,0,20,4,1,0,0,0,0,1
23389,WISEA J234545.03+000603.3,23h45m45.0109s,+00d06m03.706s,356.437545496,0.1010295771,G,169616.57688724,0.56578,SLS,34.2275738369351,2,0,27,2,1,4,0,0,0,1
23469,WISEA J234507.36-000630.8,23h45m07.3284s,-00d06m31.151s,356.2805351921,-0.1086531533,G,268703.9801054,0.8963,SLS,34.2819442390295,2,0,31,3,1,4,0,0,0,1
23472,WISEA J234336.60-001425.4,23h43m36.6016s,-00d14m25.452s,355.9025067,-0.2404035,G,28693.7956985876,0.0957122,SLS,34.2829618413195,9,0,63,7,5,10,0,0,1,1
23548,WISEA J234533.71+003859.2,23h45m33.7134s,+00d38m59.231s,356.3904727,0.6497866,G,27858.4435008804,0.092925765,SLS,34.3309269403021,12,0,78,8,4,10,0,0,1,1
23585,WISEA J234556.04+001530.1,23h45m56.0464s,+00d15m30.115s,356.4835269,0.2583653,G,34872.2124696604,0.11632118,SLS,34.3623700107264,9,0,41,8,6,4,0,0,0,1
23604,WISEA J234122.20+001959.9,23h41m22.2035s,+00d19m59.945s,355.3425147,0.3333183,G,83206.1585750485,0.27754587,SLS,34.3738600153645,8,0,61,9,7,8,0,0,0,1
23615,2MASX J23440113+0053483,23h44m01.1534s,+00d53m48.523s,356.004806,0.896812,G,15024.9156673256,0.050117724,SLS,34.379598473508,18,0,63,8,7,10,0,0,1,1
23632,WISEA J234548.12+003210.5,23h45m48.1209s,+00d32m10.539s,356.450504,0.5362609,G,140211.334712799,0.46769467,SLS,34.3890725953921,3,0,27,3,1,4,0,0,0,1
23746,WISEA J234555.58+002544.6,23h45m55.5895s,+00d25m44.602s,356.4816233,0.4290563,G,136447.089645433,0.4551385,SLS,34.4790511214583,4,0,27,3,1,4,0,0,0,1
23749,WISEA J234139.37+003642.2,23h41m39.3743s,+00d36m42.262s,355.4140596,0.6117395,G,52910.0411407162,0.1764889,SLS,34.4804085846613,3,0,34,5,1,4,0,0,0,1
23758,2MASS J23421338-0007039,23h42m13.4328s,-00d07m03.806s,355.55597,-0.117724,*,37.435533919147,0.0001248715,SLS,34.4884903497506,0,0,11,3,1,4,0,0,0,1
23974,SDSS J234526.23-000217.5,23h45m26.2390s,-00d02m17.586s,356.3593295589,-0.038218415,G,138633.02635294,0.46243,SLS,34.6369946362686,2,0,19,2,1,4,0,0,0,1
23984,GALEXASC J234322.63-001433.8,23h43m22.7489s,-00d14m32.020s,355.84478708333,-0.24222777778,G,105547.93068806,0.35207,SLS,34.6438318760906,2,0,8,3,1,0,0,0,0,1
23990,WISEA J234238.71-001115.8,23h42m38.7194s,-00d11m15.896s,355.6613309,-0.1877489,*,0.750801221130311,2.5044033e-06,SLS,34.6489759357288,0,0,31,6,1,4,0,0,0,1
24011,SDSS J234137.16+000337.9,23h41m37.1637s,+00d03m37.996s,355.4048488218,0.0605545647,G,94755.40220006,0.31607,SLS,34.6614420554367,2,0,19,2,1,4,0,0,0,1
24037,SDSS J234121.07+002124.7,23h41m21.0763s,+00d21m24.774s,355.3378180171,0.3568818137,G,86310.2486582,0.2879,SLS,34.6905152399927,2,0,19,2,1,4,0,0,0,1
24071,WISEA J234558.03+001649.9,23h45m58.0371s,+00d16m49.912s,356.4918214,0.2805312,G,37451.7347035773,0.12492554,SLS,34.7152409223715,1,0,38,6,1,4,0,0,0,1
24120,WISEA J234343.59-001452.7,23h43m43.5973s,-00d14m52.773s,355.9316555,-0.2479927,*,19.8046825036,6.606131e-05,SLS,34.7432267643867,0,0,23,4,1,4,0,0,0,1
24174,WISEA J234349.42+005433.1,23h43m49.3800s,+00d54m32.992s,355.95575,0.90916455,*,19.5436682000423,6.519066e-05,SLS,34.7841466621191,0,0,17,3,1,4,0,0,0,1
24281,WISEA J234509.02-000654.7,23h45m09.0284s,-00d06m54.704s,356.2876186,-0.1151958,QSO,303386.999550666,1.0119901,SLS,34.8555657476675,22,0,27,9,11,4,0,0,0,1
24298,WISEA J234531.18-000104.9,23h45m31.1948s,-00d01m05.634s,356.3799784,-0.0182318119,G,160646.78654388,0.53586,SLS,34.8652080385056,2,0,27,2,1,4,0,0,0,1
24601,SDSS J234548.17+000548.3,23h45m48.1800s,+00d05m48.359s,356.45075,0.096766441,QSO,1042975.86283479,3.478993,SLS,35.055857960353,27,0,10,8,14,4,0,1,0,1
24629,WISEA J234536.45+000023.2,23h45m36.4482s,+00d00m23.228s,356.4018675523,0.0064524602,G,155541.32098414,0.51883,SLS,35.0810102181025,2,0,31,3,1,4,0,0,0,1
24784,WISEA J234119.43+002244.8,23h41m19.4315s,+00d22m44.886s,355.3309647,0.3791352,G,138137.409461374,0.4607768,SLS,35.1859952327239,4,0,27,3,1,4,0,0,0,1
24888,SDSS J234212.85+004737.9,23h42m12.8574s,+00d47m37.921s,355.5535728811,0.7938670682,G,181971.02408142,0.60699,SLS,35.2582478311884,2,0,19,2,1,4,0,0,0,1
24975,WISEA J234119.53+002416.7,23h41m19.5101s,+00d24m16.630s,355.3312923682,0.4046196974,G,334259.59689626,1.11497,SLS,35.3252487240443,2,0,31,3,1,4,0,0,0,1
25041,2MASS J23432253+0054571,23h43m22.5336s,+00d54m57.175s,355.84389,0.915882,*,2.28672603250923,7.627697e-06,SLS,35.3642536679087,0,0,11,3,1,4,0,0,0,1
25057,WISEA J234339.62-001531.9,23h43m39.6288s,-00d15m31.962s,355.9151203,-0.2588784,*,32.9731141880433,0.00010998647,SLS,35.3827086262052,0,0,22,4,1,4,0,0,0,1
25064,WISEA J234242.24-001229.6,23h42m42.2497s,-00d12m29.695s,355.6760408,-0.2082488,G,28480.2535307542,0.0949999,SLS,35.3903292567178,1,0,42,7,1,4,0,0,0,1
25140,WISEA J234211.35-000752.8,23h42m11.3518s,-00d07m52.811s,355.5472994,-0.1313366,G,40285.9306305652,0.1343794,SLS,35.4513277310173,16,0,55,9,6,8,1,1,0,1
25174,WISEA J234256.55-001356.4,23h42m56.5515s,-00d13m56.499s,355.7356313,-0.2323609,G,20961.395727698,0.06991969,SLS,35.4716334945175,12,0,70,7,8,10,0,0,1,1
25176,WISEA J234559.92+002516.7,23h45m59.9267s,+00d25m16.767s,356.4996947,0.4213242,G,50704.7498321207,0.16913284,SLS,35.4738914816626,2,0,30,5,1,4,0,0,0,1
25236,SDSS J234117.64+002024.9,23h41m17.6441s,+00d20m24.982s,355.3235173526,0.3402729755,G,154728.88342296,0.51612,SLS,35.517861865201,2,0,15,1,1,4,0,0,0,1
25251,WISEA J234121.08+002741.0,23h41m21.0864s,+00d27m41.004s,355.33786,0.46139,G,25312.3331364076,0.084432855,SLS,35.5269206683689,1,0,36,6,1,4,0,0,0,1
25300,SDSS J234456.97-001000.1,23h44m56.9712s,-00d10m00.181s,356.23738,-0.166717,G,61232.6485195195,0.20425013,SLS,35.5580828150986,2,0,16,3,1,4,0,0,0,1
25314,WISEA J234508.04+004744.0,23h45m08.0407s,+00d47m44.026s,356.2835029,0.795563,G,58725.1154485422,0.1958859,SLS,35.5697970784483,1,0,19,4,1,0,0,0,0,1
25330,WISEA J234154.30+004345.7,23h41m54.3049s,+00d43m45.768s,355.4762708,0.7293801,G,201736.34083736,0.67292,SLS,35.5811266898051,2,0,31,3,1,4,0,0,0,1
25368,WISEA J234346.67+005524.6,23h43m46.6756s,+00d55m24.663s,355.9444817,0.9235177,G,28806.3887520387,0.09608777,SLS,35.6037910315362,9,0,52,7,5,8,0,0,0,1
25404,SDSS J234523.76-000429.1,23h45m23.7682s,-00d04m29.199s,356.3490342878,-0.0747776492,G,135230.38195464,0.45108,SLS,35.6251911869094,2,0,19,2,1,4,0,0,0,1
25468,SDSS J234337.91-001548.7,23h43m37.9172s,-00d15m48.794s,355.9079886587,-0.2635538937,G,234632.5672537,0.78265,SLS,35.6660184133462,2,0,23,3,1,4,0,0,0,1
25489,WISEA J234402.34-001522.0,23h44m02.3592s,-00d15m22.417s,356.00983,-0.256227,*,43.3265906254531,0.00014452195,SLS,35.6762263585657,0,0,17,3,1,3,0,0,0,1
25494,SDSS J234552.51+003255.3,23h45m52.5125s,+00d32m55.335s,356.4688024745,0.5487043762,G,261700.82828652,0.87294,SLS,35.6828684838961,2,0,18,2,1,4,0,0,0,1
25502,WISEA J234255.88-001407.1,23h42m55.8866s,-00d14m07.122s,355.7328611,-0.2353119,UvS,20875.4752092352,0.06963309,SLS,35.691006153385,4,0,26,5,1,0,0,0,0,1
25536,WISEA J234502.57-000914.5,23h45m02.5728s,-00d09m14.850s,356.26072,-0.15412501,G,24022.3666616154,0.08012999,SLS,35.7198116466563,1,0,36,6,1,4,0,0,0,1
25568,WISEA J234346.06-001551.4,23h43m46.0608s,-00d15m51.487s,355.94192,-0.264302,UvES,561079.033068056,1.8715582,SLS,35.7435108870908,8,0,28,7,5,4,0,0,0,1
25706,WISEA J234513.06-000721.6,23h45m13.0842s,-00d07m19.958s,356.3045175984,-0.1222107423,G,197548.2401991,0.65895,SLS,35.831969517507,2,0,31,3,1,4,0,0,0,1
25709,WISEA J234345.48-001556.7,23h43m45.4848s,-00d15m57.254s,355.93952,-0.265904,*,5.64482906615433,1.8829123e-05,SLS,35.8334355018746,0,0,17,3,1,4,0,0,0,1
25737,SDSS J234550.72+003425.3,23h45m50.7259s,+00d34m25.371s,356.4613581124,0.5737141923,G,132265.43454502,0.44119,SLS,35.8509026277433,2,0,15,1,1,4,0,0,0,1
25782,SDSS J234601.12+002558.6,23h46m01.1208s,+00d25m58.648s,356.5046700563,0.4329578798,G,170108.23651836,0.56742,SLS,35.8814819364302,2,0,19,2,1,4,0,0,0,1
25796,WISEA J234218.69-000947.3,23h42m18.6932s,-00d09m47.391s,355.5778885,-0.1631642,G,73603.8241328559,0.24551593,SLS,35.8977464916569,1,0,36,6,1,4,0,0,0,1
25817,SDSS J234603.02+001724.8,23h46m03.0238s,+00d17m24.871s,356.5125992154,0.2902420436,G,161483.2075017,0.53865,SLS,35.913107043187,2,0,19,2,1,4,0,0,0,1
25830,SDSS J234117.43+002456.3,23h41m17.4345s,+00d24m56.357s,355.3226439596,0.4156548911,G,276585.52382622,0.92259,SLS,35.9278839659594,2,0,19,2,1,4,0,0,0,1
25863,WISEA J234525.26+004416.2,23h45m25.2552s,+00d44m15.936s,356.35523,0.73776,*,35.9220227011603,0.00011982297,SLS,35.9503408833039,0,0,23,4,1,4,0,0,0,1
25877,WISEA J234507.87+004816.1,23h45m07.8715s,+00d48m16.192s,356.2827982,0.8044978,G,46505.8956383923,0.15512697,SLS,35.9656459723724,1,0,36,6,1,4,0,0,0,1
25909,WISEA J234115.75+001938.8,23h41m15.7584s,+00d19m38.989s,355.31566,0.327497,*,72.9172094662985,0.00024322563,SLS,35.9853589260151,0,0,17,3,1,4,0,0,0,1
25912,WISEA J234353.96-001558.3,23h43m53.9712s,-00d15m57.600s,355.97488,-0.266,G,8051.2712209167,0.02685615,SLS,35.9872924469785,2,0,36,7,2,4,0,0,0,1
25970,WISEA J234247.89-001346.4,23h42m47.8958s,-00d13m46.403s,355.6995659,-0.2295565,G,82489.3787913671,0.27515495,SLS,36.0313805816276,1,0,35,6,2,4,0,0,0,1
26140,SDSS J234559.98+001104.2,23h45m59.9893s,+00d11m04.209s,356.4999556966,0.1845026132,G,80143.51779714,0.26733,SLS,36.1542465430406,2,0,15,1,1,4,0,0,0,1
26197,SDSS J234533.98-000222.0,23h45m33.9848s,-00d02m22.019s,356.3916034071,-0.0394499588,G,155601.27947574,0.51903,SLS,36.1925519658828,2,0,19,2,1,4,0,0,0,1
26234,WISEA J234245.21+005324.1,23h42m45.2110s,+00d53m24.118s,355.6883793,0.890033,G,140586.824766444,0.46894717,SLS,36.2115752676782,4,0,27,3,1,4,0,0,0,1
26343,WISEA J234158.83+004556.2,23h41m58.8322s,+00d45m56.284s,355.4951343,0.7656346,G,107660.220380335,0.35911584,SLS,36.2825080791518,3,0,28,4,2,4,0,0,0,1
26344,WISEA J234604.64+002141.5,23h46m04.6480s,+00d21m41.562s,356.5193669,0.3615452,G,47085.3315032901,0.15705976,SLS,36.2831791659378,2,0,42,8,1,4,0,0,0,1
26427,GALEXMSC J234600.05+001018.4,23h45m59.9870s,+00d10m18.519s,356.49994583333,0.17181083333,G,167928.7453487,0.56015,SLS,36.3461254534909,2,0,4,2,1,0,0,0,0,1
26450,WISEA J234136.86+000022.3,23h41m36.8633s,+00d00m22.359s,355.4035972,0.006211,*,16.1924061304963,5.4012053e-05,SLS,36.3649398749657,0,0,23,4,1,4,0,0,0,1
26641,SDSS J234600.75+001029.7,23h46m00.7540s,+00d10m29.776s,356.5031419038,0.1749378701,G,37474.05725,0.125,SLS,36.4826390592603,2,0,23,3,1,4,0,0,0,1
26655,WISEA J234605.50+001807.5,23h46m05.5030s,+00d18m07.569s,356.5229295,0.3021025,G,47138.4187517527,0.15723684,SLS,36.4909580855163,1,0,36,6,1,4,0,0,0,1
26761,SDSS J234116.15+001252.9,23h41m16.1593s,+00d12m52.936s,355.3173306238,0.2147046776,G,161537.17014414,0.53883,SLS,36.5549462305795,2,0,19,2,1,4,0,0,0,1
26882,WISEA J234407.23+005549.1,23h44m07.2359s,+00d55m49.175s,356.0301499,0.9303266,G,27624.861706192,0.09214662,SLS,36.6223303611412,11,0,54,7,5,8,0,0,0,1
26930,WISEA J234115.41+001316.5,23h41m15.4191s,+00d13m16.563s,355.3142463,0.2212676,G,80990.6053706156,0.27015558,SLS,36.663971010972,1,0,35,5,1,4,0,0,0,1
26964,WISEA J234505.41+004936.1,23h45m05.3832s,+00d49m37.768s,356.27243,0.827158,G,11131.996978854,0.037132345,SLS,36.6826735371612,1,0,36,7,2,4,0,0,0,1
26973,WISEA J234553.34+003500.7,23h45m53.3454s,+00d35m00.719s,356.4722728,0.5835331,G,55000.3800292162,0.18346152,SLS,36.6896812270715,1,0,21,5,1,0,0,0,0,1
27014,SDSS J234602.37+001110.4,23h46m02.3775s,+00d11m10.400s,356.5099063844,0.1862224251,G,126782.2304882,0.4229,SLS,36.7091668438876,2,0,15,1,1,4,0,0,0,1
27065,GALEXASC J234249.82-001442.9,23h42m49.7609s,-00d14m42.309s,355.70733708333,-0.24508583333,G,168159.58554136,0.56092,SLS,36.741346053714,2,0,8,3,1,0,0,0,0,1
27199,WISEA J234113.29+002351.4,23h41m13.2932s,+00d23m51.432s,355.3053884,0.39762,*,54.5504575040989,0.00018196074,SLS,36.8196580449265,0,0,17,3,1,4,0,0,0,1
27213,SDSS J234524.58-000600.5,23h45m24.6000s,-00d06m00.360s,356.3525,-0.1001,G,148455.162629489,0.49519312,SLS,36.8276736788737,2,0,15,2,1,4,0,0,0,1
27238,SDSS J234139.99-000138.1,23h41m39.9928s,-00d01m38.191s,355.416636851,-0.0272753973,G,178895.15346234,0.59673,SLS,36.8411993537253,2,0,19,2,1,4,0,0,0,1
27366,WISEA J234112.06+001844.2,23h41m12.0670s,+00d18m44.201s,355.3002793,0.3122783,G,82537.5614352169,0.27531567,SLS,36.9244438886354,1,0,33,4,1,4,0,0,0,1
27368,WISEA J234251.26-001501.9,23h42m51.2672s,-00d15m01.997s,355.7136134,-0.2505549,G,116007.030004272,0.3869578,SLS,36.9249400141851,3,0,30,5,3,4,0,0,0,1
27384,SDSS J234530.59-000433.2,23h45m30.5930s,-00d04m33.298s,356.3774710797,-0.0759163491,G,526264.67454694,1.75543,SLS,36.934749265906,6,0,8,3,3,4,0,0,0,1
27421,WISEA J234555.74+003418.8,23h45m55.7489s,+00d34m18.896s,356.4822871,0.5719157,G,37626.5916526304,0.1255088,SLS,36.9593402284854,1,0,36,6,1,4,0,0,0,1
27442,WISEA J234231.64+005240.7,23h42m31.6431s,+00d52m40.775s,355.6318465,0.8779932,G,35713.376144166,0.119127,SLS,36.9760854162055,6,0,60,10,5,8,0,0,0,1
27462,WISEA J234225.64+005152.1,23h42m25.6704s,+00d51m52.454s,355.60696,0.86457071,G,57063.2429389404,0.19034249,SLS,36.9869714839765,1,0,36,6,1,4,0,0,0,1
27506,WISEA J234138.59-000127.2,23h41m38.5905s,-00d01m27.239s,355.4107941,-0.0242333,G,118469.183490882,0.39517066,SLS,37.0211934461632,2,0,27,3,1,4,0,0,0,1
27507,WISEA J234113.14+001432.2,23h41m13.1426s,+00d14m32.222s,355.3047611,0.2422841,QSO,534498.564343647,1.7828953,SLS,37.022076356998,23,0,26,9,12,4,0,1,0,1
27526,SDSS J234317.71+005628.7,23h43m17.7168s,+00d56m28.719s,355.82382,0.941311,G,138836.27664569,0.46310797,SLS,37.0386080629224,3,0,0,1,1,0,0,0,0,1
27554,WISEA J234514.57-000837.5,23h45m14.5584s,-00d08m37.629s,356.31066,-0.14378596,QSO,571332.47475808,1.90576,SLS,37.0584166240317,23,0,26,9,12,4,0,1,0,1
27589,WISEA J234215.71+005025.1,23h42m15.7184s,+00d50m25.136s,355.5654934,0.8403158,*,99.5423142897783,0.00033203742,SLS,37.0839333161352,0,0,22,4,1,4,0,0,0,1
27645,GALEXMSC J234153.76+004553.8,23h41m53.8421s,+00d45m52.790s,355.47434208333,0.76466388889,G,305269.66620766,1.01827,SLS,37.1194435014958,2,0,4,2,1,0,0,0,0,1
27664,WISEA J234440.88-001359.4,23h44m40.8894s,-00d13m59.429s,356.1703725,-0.2331748,G,76075.1392769823,0.25375935,SLS,37.1373884207115,1,0,27,3,1,4,0,0,0,1
27864,WISEA J234401.94-001701.1,23h44m01.9479s,-00d17m01.180s,356.0081163,-0.2836612,*,22.0675081819801,7.3609284e-05,SLS,37.2868350383787,0,0,23,4,1,4,0,0,0,1
27897,WISEA J234401.72+005644.7,23h44m01.7252s,+00d56m44.761s,356.0071887,0.945767,G,14853.4331821798,0.04954572,SLS,37.304582186932,6,0,58,8,5,8,0,0,0,1
27950,WISEA J234542.29-000128.2,23h45m42.2992s,-00d01m28.223s,356.4262469,-0.0245065,G,160451.261902772,0.5352078,SLS,37.3357825125244,3,0,27,4,2,4,0,0,0,1
27961,WISEA J234608.11+001535.4,23h46m08.0904s,+00d15m35.568s,356.53371,0.25988,*,4.25952109490671,1.4208233e-05,SLS,37.340584202134,0,0,17,3,1,4,0,0,0,1
28055,WISEA J234607.83+001432.5,23h46m07.8321s,+00d14m32.597s,356.5326338,0.2423881,G,104521.441311868,0.348646,SUN,37.4108551653085,2,0,33,6,2,4,4,0,0,1
28058,WISEA J234140.85-000253.1,23h41m40.8549s,-00d02m53.189s,355.4202289,-0.0481083,*,37.6973996332854,0.00012574499,SLS,37.4125493215133,0,0,23,4,1,4,0,0,0,1
28091,WISEA J234426.98+005522.4,23h44m26.9804s,+00d55m22.430s,356.1124184,0.9228974,G,111184.148815443,0.3708704,SLS,37.4384891145944,6,0,47,5,5,8,0,0,0,1
28220,WISEA J234354.08+005712.1,23h43m54.0844s,+00d57m12.147s,355.9753518,0.9533743,G,111482.136522846,0.37186438,SLS,37.5251432621871,2,0,30,4,1,4,0,0,0,1
28229,WISEA J234355.79+005709.7,23h43m55.7937s,+00d57m09.720s,355.982474,0.9527001,G,111055.289023221,0.37044057,SLS,37.5282785587119,4,0,47,5,5,8,0,0,0,1
28266,WISEA J234512.15-000944.5,23h45m12.1580s,-00d09m44.594s,356.3006586,-0.1623873,G,23965.3326454432,0.079939745,SLS,37.5504504072973,11,0,61,5,3,8,0,0,1,1
28268,WISEA J234502.75-001126.3,23h45m02.7587s,-00d11m26.308s,356.2614946,-0.1906412,QSO,218172.10259626,0.7277438,SLS,37.551788291019,25,0,27,10,13,4,0,0,0,1
28314,WISEA J234201.92-000841.5,23h42m01.9263s,-00d08m41.597s,355.5080263,-0.1448881,G,40812.845854746,0.136137,SLS,37.5791812396752,1,0,36,6,1,4,0,0,0,1
28417,WISEA J234536.89-000347.0,23h45m36.8937s,-00d03m47.027s,356.4037238,-0.0630633,G,155852.205763086,0.519867,SLS,37.6423493564023,4,0,27,3,1,4,0,0,0,1
28453,WISEA J234507.78-001042.2,23h45m07.7778s,-00d10m42.367s,356.2824078473,-0.1784354303,G,169433.70348786,0.56517,SLS,37.6633781969266,2,0,35,4,1,4,0,0,0,1
28474,WISEA J234110.52+001432.9,23h41m10.4879s,+00d14m34.018s,355.2936999077,0.2427828569,G,124638.7144135,0.41575,SLS,37.6747816809561,2,0,31,3,1,4,0,0,0,1
28499,WISEA J234535.78+004354.2,23h45m35.7871s,+00d43m54.273s,356.3991132,0.7317426,*,27.7442168783257,9.2544746e-05,SLS,37.6936392976343,0,0,23,4,1,4,0,0,0,1
28506,WISEA J234145.69+004431.6,23h41m45.6980s,+00d44m31.691s,355.4404087,0.7421366,G,75185.8619108923,0.25079304,SLS,37.6990141194404,1,0,19,4,1,0,0,0,0,1
28512,WISEA J234609.19+001452.7,23h46m09.1971s,+00d14m52.712s,356.5383216,0.2479758,G,9061.79245162579,0.030226886,SLS,37.703020511771,9,0,52,7,5,8,0,0,0,1
28528,WISEA J234155.57-000726.1,23h41m55.5794s,-00d07m26.156s,355.481581,-0.1239324,G,40417.5185341551,0.13481833,SLS,37.7105417995112,12,0,68,8,4,10,0,0,1,1
28531,2MASS J23425241+0055398,23h42m52.4200s,+00d55m39.800s,355.71841666667,0.92772222222,G,45697.4303272808,0.15243022,SLS,37.713247305501,5,0,31,7,5,4,0,0,0,1
28542,WISEA J234406.07-001717.2,23h44m06.0757s,-00d17m17.266s,356.0253156,-0.2881295,G,38415.8432651087,0.12814146,SLS,37.7186106356471,12,0,63,8,7,10,1,0,1,1
28546,WISEA J234112.52+002810.0,23h41m12.5250s,+00d28m10.083s,355.3021876,0.4694677,*,21.3854371699161,7.133414e-05,SLS,37.721383386964,0,0,23,4,1,4,0,0,0,1
28648,GALEXASC J234315.25-001727.0,23h43m15.3089s,-00d17m26.228s,355.81378708333,-0.29061888889,G,248045.28182462,0.82739,SLS,37.7824399188495,2,0,6,3,1,0,0,0,0,1
28730,WISEA J234433.70+005511.9,23h44m33.7224s,+00d55m11.992s,356.14051,0.91999783,G,55169.3490543941,0.18402514,SLS,37.8416606821138,1,0,31,4,1,4,0,0,0,1
28733,WISEA J234526.39-000659.7,23h45m26.3929s,-00d06m59.720s,356.3599707,-0.116589,G,6.58579394972055,2.1967844e-05,SLS,37.8434702169646,0,0,24,5,1,4,0,0,0,1
28755,WISEA J234610.19+001536.4,23h46m10.1911s,+00d15m36.415s,356.5424631,0.2601154,G,47163.0706855741,0.15731907,SLS,37.8608002937565,2,0,33,5,1,4,0,0,0,1
28805,WISEA J234135.14-000144.8,23h41m35.1433s,-00d01m44.891s,355.3964308,-0.0291364,QSO,87714.3566144888,0.2925836,SLS,37.8961500204234,11,0,65,10,9,8,0,1,0,1
28873,WISEA J234135.81-000203.1,23h41m35.8185s,-00d02m03.165s,355.3992441,-0.0342126,G,118355.972864968,0.39479303,SLS,37.9326196712394,2,0,27,3,1,4,0,0,0,1
28906,WISEA J234502.41-001158.7,23h45m02.4132s,-00d11m58.710s,356.2600552,-0.1996419,G,218947.42585114,0.73033,SLS,37.955809190511,2,0,35,4,1,4,0,0,0,1
28985,WISEA J234415.53+005646.8,23h44m15.5356s,+00d56m46.858s,356.0647318,0.9463495,G,18468.0407414369,0.061602753,SLS,38.001945943354,14,0,75,9,6,10,0,0,1,1
29005,WIG S00J234157534+00480065,23h41m57.5340s,+00d48m00.651s,355.489725,0.80018083333,G,241027.14038284,0.80398,SLS,38.0175523081839,2,0,0,1,1,0,0,0,0,1
29031,SDSS J234107.65+001828.2,23h41m07.6632s,+00d18m28.240s,355.28193,0.30784463,G,84005.9838675204,0.2802138,SLS,38.033624769546,1,0,15,2,1,4,0,0,0,1
29142,WISEA J234608.98+002733.8,23h46m08.9859s,+00d27m33.868s,356.5374414,0.459408,QSO,460775.491764773,1.5369816,SLS,38.1095767458926,21,0,28,10,11,4,0,0,0,1
29191,WISEA J234510.23-001051.1,23h45m10.2374s,-00d10m51.060s,356.292656,-0.18085,*,54.359267861934,0.000181323,SLS,38.1426475468076,0,0,31,6,1,4,0,0,0,1
29213,WISEA J234601.97+000602.7,23h46m01.9720s,+00d06m02.766s,356.508217,0.1007685,G,127645.632167655,0.425779998,SUN,38.1524844323901,6,0,47,4,3,8,0,0,0,1
29246,SDSS J234107.61+001622.2,23h41m07.6160s,+00d16m22.240s,355.2817333794,0.2728445944,G,143396.72851056,0.47832,SLS,38.179331882065,2,0,19,2,1,4,0,0,0,1
29267,2MASX J23441227-0017283,23h44m12.2973s,-00d17m28.212s,356.051239,-0.29117,G,20886.390652631,0.0696695,SLS,38.1995875294208,12,0,59,9,7,10,0,0,1,1
29272,SDSS J234200.52-000912.9,23h42m00.5208s,-00d09m12.967s,355.50217,-0.153602,*,59.8104600800888,0.00019950622,SLS,38.2049226775014,0,0,9,3,1,4,0,0,0,1
29304,PKS 2338+000,23h41m06.9100s,+00d18m33.336s,355.2787916666,0.30926,G,82958.5210109667,0.27671984,SLS,38.2188256019643,80,0,88,37,25,10,0,2,1,1
29319,WISEA J234547.42-000110.0,23h45m47.4257s,-00d01m10.022s,356.4476071,-0.0194506,G,127960.175014174,0.4268292,SLS,38.227232782651,1,0,27,3,1,4,0,0,0,1
29332,WISEA J234612.26+001709.9,23h46m12.2645s,+00d17m09.963s,356.5511023,0.2861009,*,11.79686859781,3.9350118e-05,SLS,38.2349060464183,0,0,23,4,1,3,0,0,0,1
29442,WISEA J234141.96+004421.5,23h41m41.9696s,+00d44m21.555s,355.4248737,0.739321,G,140425.719297439,0.46840978,SLS,38.3001437366759,4,0,33,4,1,4,0,0,0,1
29466,SDSS J234610.80+001327.7,23h46m10.8068s,+00d13m27.748s,356.5450283207,0.2243746303,G,188455.53494796,0.62862,SLS,38.3124762722455,2,0,9,2,1,4,0,0,0,1
29470,WISEA J234438.89+005511.4,23h44m38.8992s,+00d55m11.404s,356.1620801,0.9198345,*,35.222409033624,0.00011748931,SLS,38.3135340697245,0,0,23,4,1,4,0,0,0,1
29517,SDSS J234106.37+001853.6,23h41m06.3778s,+00d18m53.670s,355.2765742979,0.3149084905,G,154297.18228344,0.51468,SLS,38.3418368190748,2,0,5,1,1,3,0,0,0,1
29537,SDSS J234106.48+001753.7,23h41m06.4855s,+00d17m53.791s,355.2770231817,0.2982754147,G,321509.42365752,1.07244,SLS,38.3528091406878,2,0,23,3,1,4,0,0,0,1
29543,SDSS J234542.30+004254.6,23h45m42.3003s,+00d42m54.684s,356.4262512766,0.7151900094,G,137164.04330874,0.45753,SLS,38.35588389119,2,0,22,3,1,4,0,0,0,1
29749,WISEA J234548.08+004105.8,23h45m48.0648s,+00d41m05.839s,356.45027,0.6849553,QSO,441585.806507439,1.4729717,SLS,38.486487095822,21,0,26,8,11,4,0,0,0,1
29831,WISEA J234112.46+003114.8,23h41m12.4464s,+00d31m14.912s,355.30186,0.520809,*,9.76806031255983,3.2582742e-05,SLS,38.5366934159153,0,0,23,4,1,4,0,0,0,1
29997,WISEA J234105.61+002306.9,23h41m05.6352s,+00d23m05.928s,355.27348,0.38498,G,18918.7610142849,0.063106194,SLS,38.6522193080193,2,0,21,6,2,0,0,0,0,1
30020,SDSS J234114.91+000614.5,23h41m14.9187s,+00d06m14.571s,355.31216164,0.1040476393,G,190359.21705626,0.63497,SLS,38.6682466267269,2,0,19,2,1,3,0,0,0,1
30038,WISEA J234414.30-001750.6,23h44m14.3053s,-00d17m50.645s,356.0596057,-0.2974016,*,13.997273888925,4.668988e-05,SLS,38.6741504973205,0,0,23,4,1,4,0,0,0,1
30079,WISEA J234505.62+005202.0,23h45m05.6688s,+00d52m02.038s,356.27362,0.86723301,G,105974.439422207,0.35349268,SLS,38.699735986252,1,0,35,5,1,4,0,0,0,1
30114,SDSS J234141.09-000503.1,23h41m41.0927s,-00d05m03.137s,355.4212199,-0.084204743,QSO,258190.798229764,0.8612318,SLS,38.7213794916733,6,0,8,3,2,4,0,0,0,1
30229,SDSS J234122.89+003809.2,23h41m22.8945s,+00d38m09.236s,355.345393787,0.6358990508,G,307862.87096936,1.02692,SLS,38.7902299196695,4,0,22,4,2,4,0,0,0,1
30329,SDSS J234415.52+005739.7,23h44m15.5280s,+00d57m39.718s,356.0647,0.961033,*,0.926047690524071,3.0889626e-06,SLS,38.8582389573683,0,0,9,3,1,4,0,0,0,1
30331,WISEA J234254.13-001718.1,23h42m54.1132s,-00d17m18.117s,355.7254718858,-0.2883659973,G,121970.5615373,0.40685,SLS,38.8606642989118,2,0,34,4,1,4,0,0,0,1
30403,SDSS J234544.08-000332.2,23h45m44.0808s,-00d03m32.202s,356.43367,-0.058945,*,253904.15581056,0.8469331,SLS,38.9081004903559,0,0,5,2,1,4,0,0,0,1
30540,WISEA J234539.07-000515.0,23h45m39.0724s,-00d05m14.772s,356.4128019777,-0.0874366589,G,154998.69663516,0.51702,SLS,38.992604887978,2,0,31,3,1,4,0,0,0,1
30545,GALEXMSC J234529.16+004738.3,23h45m29.1190s,+00d47m38.421s,356.37132916667,0.79400583333,G,169907.3755715,0.56675,SLS,38.9937166195812,2,0,4,2,1,0,0,0,0,1
30646,SDSS J234614.65+001446.5,23h46m14.6537s,+00d14m46.526s,356.561057067,0.246257483,G,104714.50765482,0.34929,SLS,39.0688948231654,2,0,19,2,1,4,0,0,0,1
30652,SDSS J234550.09+004123.2,23h45m50.0980s,+00d41m23.281s,356.4587420081,0.6898005365,G,135500.19516684,0.45198,SLS,39.0708080222796,2,0,15,1,1,4,0,0,0,1
30653,WIG S00J234103416+00200858,23h41m03.4159s,+00d20m08.581s,355.26423291667,0.33571694444,G,328326.70415244,1.09518,SLS,39.0714587617225,2,0,0,1,1,0,0,0,0,1
30683,WISEA J234323.28-001901.4,23h43m23.2854s,-00d19m01.459s,355.8470225,-0.3170721,QSO,517961.322837714,1.727733,SLS,39.0903180493156,24,0,28,10,13,4,0,1,0,1
30874,WISEA J234426.37-001735.3,23h44m26.3770s,-00d17m35.359s,356.1099045,-0.2931553,QSO,238112.258313706,0.794257,SLS,39.2157256638236,24,0,27,9,12,4,0,0,0,1
30886,WIG S00J234138296+00444197,23h41m38.2961s,+00d44m41.971s,355.40956708333,0.74499194444,G,185280.73281774,0.61803,SLS,39.2249245697755,2,0,0,1,1,0,0,0,0,1
30937,WISEA J234520.23-001018.5,23h45m20.2308s,-00d10m18.529s,356.334295,-0.1718137,*,21.1137292693816,7.042782e-05,SLS,39.2581468851525,0,0,23,4,1,4,0,0,0,1
30966,SDSS J234105.08+002647.5,23h41m05.0897s,+00d26m47.547s,355.2712070967,0.4465409572,G,202971.48576432,0.67704,SLS,39.27021304015,2,0,15,1,1,4,0,0,0,1
31004,WISEA J234602.93+000341.1,23h46m02.9544s,+00d03m40.868s,356.51231,0.061352416,QSO,514354.219983058,1.715701,SLS,39.2941308819926,24,0,25,9,12,4,0,1,0,1
31101,WISEA J234131.07+004231.1,23h41m31.0896s,+00d42m31.775s,355.37954,0.70882661,*,14.9605190481774,4.990292e-05,SLS,39.3454531012879,0,0,12,2,1,0,0,0,0,1
31108,SDSS J234614.10+001212.6,23h46m14.1001s,+00d12m12.648s,356.5587504159,0.2035134222,G,182555.61937452,0.60894,SLS,39.3482721572135,2,0,23,3,1,4,0,0,0,1
31135,WISEA J234535.51-000649.3,23h45m35.5162s,-00d06m49.385s,356.3979845,-0.1137181,G,128117.152341032,0.42735282,SLS,39.3673051053181,1,0,27,3,1,4,0,0,0,1
31266,WISEA J234553.41-000104.6,23h45m53.4256s,-00d01m05.369s,356.4726070017,-0.0181583065,G,178004.76986208,0.59376,SLS,39.447572043079,2,0,31,3,1,4,0,0,0,1
31282,WISEA J234338.69-001936.8,23h43m38.7533s,-00d19m36.527s,355.9114721241,-0.3268130808,G,77331.4645411,0.25795,SLS,39.4594947471144,2,0,31,3,1,4,0,0,0,1
31291,WISEA J234101.86+001904.7,23h41m01.8652s,+00d19m04.789s,355.2577718,0.3179971,G,35644.3789099573,0.11889685,SLS,39.4655711232299,12,0,56,9,6,6,0,0,1,1
31333,WISEA J234616.97+002336.7,23h46m16.9391s,+00d23m37.511s,356.5705797473,0.3937532186,G,136018.83611918,0.45371,SLS,39.4898675749862,2,0,31,3,1,4,0,0,0,1
31658,SDSS J234549.63-000256.1,23h45m49.6380s,-00d02m56.168s,356.4568250819,-0.0489357166,G,155058.65512676,0.51722,SLS,39.6792312153207,2,0,19,2,1,4,0,0,0,1
31665,WISEA J234609.93+003239.8,23h46m09.9344s,+00d32m39.819s,356.5413935,0.5443942,*,24.9834862923405,8.333594e-05,SLS,39.6831857947945,0,0,23,4,1,4,0,0,0,1
31697,WISEA J234117.42+000213.0,23h41m17.4262s,+00d02m13.084s,355.3226092,0.036968,G,55829.6809161586,0.18622777,SLS,39.6986525017747,22,0,65,12,8,8,1,1,0,1
31726,WISEA J234618.11+002250.8,23h46m18.1126s,+00d22m50.824s,356.5754695,0.3807847,*,13.0799884124464,4.3630145e-05,SLS,39.7156556795616,0,0,23,4,1,3,0,0,0,1
31737,WISEA J234120.46+000043.1,23h41m20.4609s,+00d00m43.182s,355.3352538,0.011995,G,56222.3910485912,0.18753771,SLS,39.7199491422308,1,0,36,6,1,4,0,0,0,1
31760,SDSS J234521.90-001034.6,23h45m21.9042s,-00d10m34.693s,356.3412676312,-0.176303822,G,172428.63014328,0.57516,SLS,39.7332161111056,2,0,23,3,1,4,0,0,0,1
31773,WISEA J234432.85+005718.2,23h44m32.8573s,+00d57m18.228s,356.1369056,0.9550635,G,106376.760900843,0.35483468,SLS,39.7412939370847,4,0,47,5,4,8,0,0,0,1
31843,UM 171,23h42m00.6500s,-00d11m17.300s,355.50270833333,-0.18813888889,G,40232.4776353038,0.1342011,SLS,39.7840656265908,18,0,35,7,8,6,0,0,1,1
31862,SDSS J234200.74-001118.9,23h42m00.7416s,-00d11m18.983s,355.50309,-0.18860664,G,39230.7211368968,0.1308596,SLS,39.7917940596892,4,0,15,2,1,4,0,0,0,1
31873,WISEA J234200.35-001114.8,23h42m00.3563s,-00d11m14.889s,355.5014848,-0.1874694,G,39973.9875842425,0.13333887,SLS,39.7984040950629,2,0,37,5,1,4,0,0,0,1
32058,WISEA J234442.79-001649.3,23h44m42.7905s,-00d16m49.378s,356.1782941,-0.280383,*,4.27153257952894,1.4248299e-05,SLS,39.9209413011196,0,0,23,4,1,4,0,0,0,1
32065,SDSS J234552.94-000209.6,23h45m52.9432s,-00d02m09.613s,356.470596902,-0.0360036493,G,194823.12675588,0.64986,SLS,39.9255458776552,2,0,15,1,1,4,0,0,0,1
32092,WISEA J234547.24+004354.8,23h45m47.2448s,+00d43m54.840s,356.4468537,0.7319002,*,28.9933405280173,9.6711374e-05,SLS,39.9464200644453,0,0,23,4,1,4,0,0,0,1
32093,WISEA J234232.91-001626.3,23h42m32.9102s,-00d16m26.367s,355.6371262,-0.273991,*,2.58697927151717,8.629234e-06,SLS,39.9465421449401,0,0,23,4,1,4,0,0,0,1
32134,WISEA J234549.93-000321.0,23h45m49.9397s,-00d03m21.062s,356.4580824,-0.0558508,G,28765.47907322,0.09595131,SLS,39.9803541833313,9,0,62,9,5,8,0,0,0,1
32138,SDSS J234618.84+001553.7,23h46m18.8482s,+00d15m53.727s,356.5785341637,0.2649242228,G,136057.80913872,0.45384,SLS,39.9825603225884,2,0,19,2,1,4,0,0,0,1
32209,WISEA J234531.17-000852.5,23h45m31.1784s,-00d08m52.746s,356.3799101728,-0.1479851545,G,176706.66851894,0.58943,SLS,40.0258745765551,2,0,31,3,1,4,0,0,0,1
32266,SDSS J234618.82+001506.3,23h46m18.8238s,+00d15m06.382s,356.5784325173,0.2517729785,G,119988.93338992,0.40024,SLS,40.062266163796,2,0,23,3,1,4,0,0,0,1
32315,WISEA J234609.17+003421.0,23h46m09.1540s,+00d34m22.509s,356.5381418255,0.5729193793,G,203256.28859942,0.67799,SLS,40.0864513483658,2,0,31,3,1,4,0,0,0,1
32333,WISEA J234130.06-000345.7,23h41m30.0699s,-00d03m45.722s,355.3752915,-0.0627007,G,21119.2964153266,0.07044639,SLS,40.0969462794087,1,0,36,6,1,4,0,0,0,1
32393,SDSS J234118.02+000058.2,23h41m18.0260s,+00d00m58.204s,355.325108696,0.0161678122,G,192862.48408056,0.64332,SLS,40.1360869031088,3,0,19,3,1,4,0,0,0,1
32406,WISEA J234549.75+004323.8,23h45m49.7502s,+00d43m23.837s,356.4572928,0.7232881,G,42210.7481071542,0.1407999,SLS,40.1428502609055,13,0,65,12,6,8,0,1,0,1
32428,GALEXMSC J234618.79+001413.4,23h46m18.7390s,+00d14m11.360s,356.57807916667,0.23648888889,G,121697.75040052,0.40594,SLS,40.1602052091029,2,0,4,2,1,0,0,0,0,1
32434,WISEA J234059.91+001539.9,23h40m59.9178s,+00d15m39.979s,355.2496575,0.2611054,G,17895.2668645407,0.059692185,SLS,40.1635035377821,1,0,36,6,1,4,0,0,0,1
32456,WISEA J234542.96-000555.9,23h45m42.9640s,-00d05m55.936s,356.4290167,-0.0988711,*,8.49223624718136,2.8327051e-05,SLS,40.1788891309319,0,0,23,4,1,4,0,0,0,1
32457,WISEA J234108.80+000601.1,23h41m08.8046s,+00d06m01.123s,355.2866859,0.100312,G,54603.48479407,0.18213762,SLS,40.1792297208048,5,0,47,6,1,6,1,0,1,1
32472,WISEA J234349.02+005958.3,23h43m49.0104s,+00d59m58.091s,355.95421,0.99946997,*,25.5578178908484,8.5251704e-05,SLS,40.1856536929939,0,0,21,4,1,4,0,0,0,1
32478,WISEA J234203.24-001218.1,23h42m03.2480s,-00d12m18.151s,355.5135336,-0.2050421,G,40804.6735123409,0.13610974,SLS,40.189747497001,1,0,36,6,1,4,0,0,0,1
32525,SDSS J234225.63+005532.7,23h42m25.6344s,+00d55m32.790s,355.60681,0.925775,*,62.1192847140545,0.00020720763,SLS,40.2125939528311,0,0,5,2,1,4,0,0,0,1
32530,WISEA J234109.67+000520.3,23h41m09.6725s,+00d05m20.335s,355.2903023,0.0889822,G,27581.5761721436,0.092002235,SLS,40.2158491877043,16,0,64,9,6,10,0,0,1,1
32578,WISEA J234142.03-000737.5,23h41m42.0320s,-00d07m37.504s,355.4251336,-0.1270846,G,23440.5984113944,0.07818942,SLS,40.2520953524266,4,0,41,7,1,4,0,0,0,1
32607,WISEA J234618.51+001307.1,23h46m18.5177s,+00d13m07.123s,356.5771573,0.2186453,G,24658.8110603265,0.08225294,SLS,40.2705366617317,13,0,61,8,4,8,0,0,0,1
32624,WIG S00J234058648+00184256,23h40m58.6481s,+00d18m42.559s,355.24436708333,0.31182194444,G,191789.22708092,0.63974,SLS,40.2784929001965,2,0,0,1,1,0,0,0,0,1
32670,SDSS J234603.80+003755.9,23h46m03.8062s,+00d37m55.903s,356.5158595261,0.63219539,G,161648.0933536,0.5392,SLS,40.308413547157,2,0,19,2,1,4,0,0,0,1
32810,WISEA J234149.48+004923.7,23h41m49.4888s,+00d49m23.734s,355.4562034,0.8232595,*,54.8992060704903,0.00018312404,SLS,40.398209979243,0,0,22,4,1,4,0,0,0,1
32814,WISEA J234552.77-000305.6,23h45m52.7256s,-00d03m05.245s,356.46969,-0.051457,*,95.8026042371752,0.00031956309,SLS,40.3992942203581,0,0,30,6,1,4,0,0,0,1
32818,WISEA J234613.04+000705.9,23h46m13.0412s,+00d07m05.956s,356.5543384,0.1183211,G,72248.8341728859,0.24099617,SLS,40.3999108688061,2,0,34,5,1,4,0,0,0,1
32835,WISEA J234458.61-001525.2,23h44m58.6320s,-00d15m24.955s,356.2443,-0.256932,G,35021.4176770448,0.116818875,SLS,40.411297860974,2,0,36,7,2,4,0,0,0,1
32844,WISEA J234608.14+000350.7,23h46m08.1494s,+00d03m50.799s,356.5339561,0.0641109,G,127176.766356702,0.42421603,SLS,40.4155446220803,4,0,27,5,3,4,0,0,0,1
32864,WISEA J234326.00+010008.5,23h43m25.9560s,+01d00m07.694s,355.85815,1.0021373,G,68066.5345186882,0.22704552,SLS,40.4245071643672,1,0,27,3,1,4,0,0,0,1
32920,WISEA J234542.22+004616.9,23h45m42.2424s,+00d46m16.408s,356.42601,0.77122462,QSO,601410.262339025,2.0060887,SLS,40.4555180977546,27,0,44,9,17,8,0,2,0,1
32927,WISEA J234109.40+000450.6,23h41m09.4017s,+00d04m50.661s,355.2891738,0.0807393,G,20222.9094710952,0.067456365,SLS,40.4598196046933,6,0,38,7,2,4,0,0,0,1
33000,WISEA J234105.44+000727.6,23h41m05.4466s,+00d07m27.679s,355.2726945,0.1243553,G,40160.4315117972,0.13396078,SLS,40.5041292082952,10,0,42,5,4,6,1,0,1,1
33021,WISEA J234421.71+005859.1,23h44m21.7147s,+00d58m59.133s,356.0904779,0.9830926,*,1.0605564720323,3.5376356e-06,SLS,40.5204057997748,0,0,26,5,1,4,0,0,0,1
33028,SDSS J234224.25-001600.9,23h42m24.2505s,-00d16m00.971s,355.601044052,-0.2669364432,G,145519.2591132,0.4854,SLS,40.5236766645462,2,0,23,3,1,4,0,0,0,1
33044,WISEA J234108.50+003430.0,23h41m08.5088s,+00d34m30.375s,355.2854534285,0.5751042892,G,75466.75545234,0.25173,SLS,40.5387144346957,2,0,31,3,1,4,0,0,0,1
33155,2MASS J23410488+0007340,23h41m04.8861s,+00d07m34.068s,355.270359,0.12613,G,40261.3656365567,0.13429746,SLS,40.6052278987391,17,0,26,6,5,4,0,1,0,1
33236,SDSS J234107.25+000542.8,23h41m07.2504s,+00d05m42.881s,355.28021,0.095244818,G,20588.5588373063,0.06867604,SLS,40.6489805476067,10,0,15,6,4,4,0,0,0,1
33252,SDSS J234108.98+000434.2,23h41m08.9856s,+00d04m34.236s,355.28744,0.0761769,G,20977.6789550543,0.069974005,SLS,40.6585291267098,9,0,19,5,4,4,0,0,0,1
33334,SDSS J234117.95-000011.7,23h41m17.9521s,-00d00m11.740s,355.3248005436,-0.0032611324,G,193003.38653582,0.64379,SLS,40.7135525785926,3,0,22,4,1,4,0,0,0,1
33370,WISEA J234309.10+005951.3,23h43m09.1035s,+00d59m51.395s,355.7879313,0.9976098,G,138910.915973959,0.46335694,SLS,40.7311619444998,4,0,27,3,1,4,0,0,0,1
33471,WISEA J234312.02-002020.7,23h43m12.0207s,-00d20m20.733s,355.8000864,-0.3390925,*,50.9158966582147,0.00016983715,SLS,40.7868300435738,0,0,23,4,1,4,0,0,0,1
33505,WISEA J234415.97+005938.4,23h44m15.9779s,+00d59m38.451s,356.0665747,0.9940143,G,20554.5024140775,0.06856244,SLS,40.8112243252558,1,0,32,5,1,4,0,0,0,1
33518,WISEA J234340.60+010040.3,23h43m40.6038s,+01d00m40.332s,355.9191828,1.0112035,*,37.7406506912011,0.00012588926,SLS,40.8228351779059,0,0,27,5,1,4,0,0,0,1
33525,WISEA J234116.22+000021.1,23h41m16.2224s,+00d00m21.155s,355.3175937,0.0058765,G,52510.1659685375,0.17515506,SLS,40.8258060136768,1,0,21,5,1,0,0,0,0,1
33566,WISEA J234059.58+002759.5,23h40m59.5861s,+00d27m59.550s,355.2482754,0.4665419,G,146918.891168091,0.49006867,SLS,40.8472859808725,4,0,27,3,1,4,0,0,0,1
33604,SDSS J234103.23+000759.7,23h41m03.2352s,+00d07m59.732s,355.2634800906,0.1332589321,G,191522.4117933,0.63885,SLS,40.8727057272109,2,0,15,1,1,4,0,0,0,1
33613,WISEA J234327.53-002054.8,23h43m27.5380s,-00d20m54.861s,355.8647418,-0.3485725,*,4.05904807948737,1.3539527e-05,SLS,40.8775819086854,0,0,31,6,1,4,0,0,0,1
33629,WISEA J234245.64-001844.6,23h42m45.6461s,-00d18m44.606s,355.6901923,-0.3123908,G,152952.993845732,0.51019627,SLS,40.8909019873445,4,0,27,3,1,4,0,0,0,1
33658,SDSS J234523.80+005124.6,23h45m23.8063s,+00d51m24.667s,356.3491930536,0.8568520715,G,150438.85334898,0.50181,SLS,40.9073376700132,2,0,9,2,1,4,0,0,0,1
33779,SDSS J234459.98-001552.6,23h44m59.9826s,-00d15m52.637s,356.2499275677,-0.2646215079,G,166678.61079884,0.55598,SLS,40.9788585842342,2,0,13,3,1,4,0,0,0,1
33814,SDSS J234122.42-000234.6,23h41m22.4267s,-00d02m34.636s,355.3434449306,-0.0429546432,G,118043.2803375,0.39375,SLS,40.996548002593,2,0,19,2,1,4,0,0,0,1
33890,WISEA J234623.42+001646.8,23h46m23.4161s,+00d16m47.927s,356.5975670869,0.2799799581,G,342527.8728879,1.14255,SLS,41.0420219240786,3,0,33,5,2,4,0,0,0,1
34014,WISEA J234618.06+000845.5,23h46m18.0655s,+00d08m45.523s,356.5752732,0.1459786,G,127890.518236557,0.42659685,SLS,41.1152857569558,6,0,53,6,4,8,0,0,0,1
34061,WISEA J234058.31+001147.2,23h40m58.3296s,+00d11m46.798s,355.24304,0.196333,G,17875.0203808897,0.05962465,SLS,41.1414035430791,1,0,36,6,1,4,0,0,0,1
34093,WISEA J234622.67+002549.4,23h46m22.5898s,+00d25m49.919s,356.5941243677,0.4305332596,G,146730.42064352,0.48944,SLS,41.1585943203342,2,0,35,4,1,4,0,0,0,1
34181,WISEA J234613.87+000518.7,23h46m13.9200s,+00d05m18.729s,356.558,0.088536002,G,21266.2726657857,0.07093665,SLS,41.2045507435823,2,0,36,7,2,4,0,0,0,1
34203,WISEA J234238.10+005804.7,23h42m38.0760s,+00d58m05.030s,355.65865,0.968064,*,3.29259088676066,1.0982901e-05,SLS,41.2206050550841,0,0,23,4,1,4,0,0,0,1
34209,WISEA J234624.58+001913.7,23h46m24.5800s,+00d19m13.770s,356.6024167,0.3204919,QSO,533520.701304143,1.7796335,SLS,41.2240100104274,30,0,35,15,15,4,0,1,0,1
34268,WISEA J234513.67-001404.1,23h45m13.6745s,-00d14m04.139s,356.3069773,-0.2344832,G,105872.414052901,0.35315236,SLS,41.2606880168012,1,0,35,5,1,4,0,0,0,1
34491,WISEA J234538.14+004847.5,23h45m38.1464s,+00d48m47.501s,356.4089435,0.8131948,*,4.56239571916741,1.5218514e-05,SLS,41.4050287394649,0,0,23,4,1,4,0,0,0,1
34523,WISEA J234317.92-002112.8,23h43m17.9268s,-00d21m12.847s,355.8246951,-0.3535686,G,83204.6026521914,0.27754068,SLS,41.4233109317849,2,0,33,4,1,4,0,0,0,1
34639,WISEA J234606.87+000040.7,23h46m06.8705s,+00d00m40.741s,356.5286273,0.011317,G,57471.7041671163,0.19170497,SLS,41.4874608632642,11,0,61,8,3,8,0,0,0,1
34661,SDSS J234624.84+002401.6,23h46m24.8420s,+00d24m01.672s,356.6035083875,0.4004646623,G,161600.12656032,0.53904,SLS,41.4955197328193,2,0,19,2,1,4,0,0,0,1
34676,WISEA J234318.71+010100.8,23h43m18.7029s,+01d01m01.282s,355.827929,1.017023,*,21.2627950732729,7.092505e-05,SLS,41.50461498435,0,0,27,5,1,4,0,0,0,1
34705,SDSS J234155.86-001233.7,23h41m55.8648s,-00d12m33.758s,355.48277,-0.20937723,G,73873.3105712767,0.24641484,SLS,41.5262830147613,5,0,35,4,4,8,0,0,0,1
34810,WISEA J234100.13+000805.4,23h41m00.1336s,+00d08m05.488s,355.250557,0.134858,G,40174.0930541083,0.13400635,SLS,41.5881329078388,3,0,33,7,2,2,0,0,1,1
34817,SDSS J234242.52+005854.8,23h42m42.5376s,+00d58m54.796s,355.67724,0.98188778,*,1210.24746311556,0.004036951,SLS,41.5948426783221,0,0,5,2,1,4,0,0,0,1
34835,WISEA J234444.97-001825.9,23h44m45.0120s,-00d18m25.139s,356.18755,-0.30698331,UvES,233926.184272462,0.78029376,SLS,41.6066967686588,7,0,27,6,4,4,0,0,0,1
34979,WISEA J234625.78+001605.0,23h46m25.7813s,+00d16m05.094s,356.6074223,0.2680819,G,136896.358622992,0.4566371,SLS,41.6901356329276,9,0,50,8,7,8,0,0,0,1
35002,WISEA J234543.69+004746.5,23h45m43.4971s,+00d47m47.961s,356.43123791667,0.79665583333,G,259227.54050802,0.86469,SLS,41.7004319190215,2,0,20,4,1,0,0,0,0,1
35009,2MASX J23462209+0010197,23h46m22.1160s,+00d10m20.201s,356.59215,0.17227824,G,39787.1539264923,0.13271566,SLS,41.7031808672182,12,0,51,5,4,10,0,0,1,1
35139,WISEA J234457.39+005651.0,23h44m57.3835s,+00d56m50.992s,356.239098,0.947498,*,29.0939676652997,9.704703e-05,SLS,41.7864962165639,0,0,24,5,1,4,0,0,0,1
35172,WISEA J234323.31-002145.1,23h43m23.3104s,-00d21m45.144s,355.8471267,-0.36254,*,33.423329010807,0.000111488225,SLS,41.8036856089274,0,0,30,6,1,4,0,0,0,1
35202,WISEA J234403.42-002132.8,23h44m03.4152s,-00d21m33.116s,356.01423,-0.359199,G,11104.7203620629,0.03704136,SLS,41.8242864716875,2,0,36,7,2,4,0,0,0,1
35223,SDSS J234408.10-002122.8,23h44m08.1059s,-00d21m22.840s,356.0337748248,-0.3563445476,G,135314.32384288,0.45136,SLS,41.837770018139,2,0,23,3,1,4,0,0,0,1
35244,WISEA J234328.70-002154.4,23h43m28.7064s,-00d21m54.464s,355.8696102,-0.365129,*,40.6180437134622,0.00013548721,SLS,41.8480869852792,0,0,22,4,1,4,0,0,0,1
35331,SDSS J234441.84-001903.8,23h44m41.8460s,-00d19m03.844s,356.1743584623,-0.3177346417,G,212447.9253617,0.70865,SLS,41.9009085161488,2,0,23,3,1,4,0,0,0,1
35346,WISEA J234117.22-000218.0,23h41m17.3909s,-00d02m18.211s,355.32246208333,-0.03839194444,G,206281.19450064,0.68808,SLS,41.9107133747946,2,0,20,4,1,0,0,0,0,1
35349,SDSS J234213.02-001601.6,23h42m13.0252s,-00d16m01.681s,355.5542717747,-0.267133797,G,113105.69855424,0.37728,SLS,41.9137279450911,2,0,23,3,1,4,0,0,0,1
35409,SDSS J234453.60-001748.5,23h44m53.6064s,-00d17m48.505s,356.22336,-0.296807,G,162357.582184703,0.5415666,SLS,41.9468480389025,4,0,15,2,1,4,0,0,0,1
35479,WISEA J234429.16-002016.6,23h44m29.1651s,-00d20m16.675s,356.1215216,-0.3379655,*,0.837444958918791,2.7934157e-06,SLS,41.9901704883289,0,0,23,4,1,2,0,0,0,1
35486,WISEA J234142.02+004950.7,23h41m42.0408s,+00d49m49.361s,355.42517,0.83037812,QSO,662271.938677241,2.2091014,SLS,41.9940217681949,28,0,25,11,14,4,0,1,0,1
35501,SDSS J234622.43+000923.5,23h46m22.4318s,+00d09m23.573s,356.5934661258,0.1565480849,G,207666.2356566,0.6927,SLS,42.0050498467739,2,0,19,2,1,4,0,0,0,1
35509,WISEA J234112.20-000016.6,23h41m12.2083s,-00d00m16.661s,355.3008681,-0.0046282,G,47278.6826490772,0.15770471,SLS,42.0085774783218,11,0,68,9,5,10,0,0,1,1
35524,SDSS J234604.87-000119.1,23h46m04.8713s,-00d01m19.181s,356.5202973061,-0.021994769,G,262117.53980314,0.87433,SLS,42.015619655034,2,0,18,2,1,3,0,0,0,1
35560,WISEA J234535.24+005023.6,23h45m35.2401s,+00d50m23.696s,356.3968341,0.8399158,G,50956.2427272123,0.16997173,SLS,42.0386414420604,13,0,52,9,7,6,0,0,1,1
35710,WISEA J234104.40+000327.7,23h41m04.4640s,+00d03m26.766s,355.2686,0.057435009,G,47278.0500869908,0.1577026,SLS,42.1331929025109,1,0,35,5,1,4,0,0,0,1
35719,WISEA J234556.22+004433.8,23h45m56.2176s,+00d44m33.892s,356.48424,0.74274802,G,55070.0428026816,0.18369389,SLS,42.1370894363946,1,0,36,6,1,4,0,0,0,1
35945,WISEA J234053.58+001159.2,23h40m53.5845s,+00d11m59.268s,355.2232691,0.1997968,*,13.5018008977393,4.503716e-05,SLS,42.266082323362,0,0,23,4,1,4,0,0,0,1
35977,WISEA J234257.79-002107.0,23h42m57.7973s,-00d21m07.005s,355.7408221,-0.3519459,*,1.89046743662683,6.3059206e-06,SLS,42.2849063610166,0,0,31,6,1,4,0,0,0,1
36038,WISEA J234457.79+005724.1,23h44m57.7923s,+00d57m24.168s,356.2408014,0.9567134,G,18336.0442207267,0.06116246,SLS,42.3238955317425,1,0,38,6,1,4,0,0,0,1
36105,WISEA J234423.32-002104.7,23h44m23.3016s,-00d21m04.745s,356.09709,-0.35131806,QSO,642096.835610461,2.1418045,SLS,42.3557233141753,22,0,18,6,11,4,0,1,0,1
36259,WISEA J234619.39+000526.3,23h46m19.3824s,+00d05m26.440s,356.58076,0.090678003,QSO,688210.851541529,2.2956243,SLS,42.441244440752,25,0,22,7,10,4,0,1,0,1
36295,SDSS J234601.41+004315.7,23h46m01.4124s,+00d43m15.798s,356.5058851429,0.721055043,G,180028.36895358,0.60051,SLS,42.4643765782945,2,0,19,2,1,4,0,0,0,1
36486,WISEA J234158.86-001427.1,23h41m58.8697s,-00d14m27.195s,355.4952905,-0.2408877,G,105930.034163328,0.35334456,SLS,42.5691145622108,1,0,33,4,1,4,0,0,0,1
36494,SDSS J234554.46-000610.4,23h45m54.4683s,-00d06m10.445s,356.4769516235,-0.1029015648,G,81624.49253966,0.27227,SLS,42.5723062117389,2,0,5,1,1,3,0,0,0,1
36541,SDSS J234052.31+001148.7,23h40m52.3536s,+00d11m48.771s,355.21814,0.196881,QSO,743948.385249873,2.4815447,SLS,42.6011557306383,18,0,1,4,8,0,0,1,0,1
36549,WISEA J234626.22+002854.5,23h46m26.2273s,+00d28m54.599s,356.6092808,0.4818333,G,66863.311492656,0.223032,SLS,42.6052401485501,2,0,27,3,1,4,0,0,0,1
36551,WISEA J234608.49-000055.5,23h46m08.4902s,-00d00m55.558s,356.5353761,-0.015433,G,54085.0117255064,0.18040818,SLS,42.6061717583195,10,0,52,7,4,6,0,0,1,1
36594,WISEA J234101.38+003540.5,23h41m01.3843s,+00d35m40.512s,355.2557679,0.5945867,*,0.943198996921725,3.1461732e-06,SLS,42.6242084946371,0,0,23,4,1,4,0,0,0,1
36655,2MASS J23410002+0004484,23h41m00.0218s,+00d04m48.414s,355.250091,0.080115,G,55765.4773633534,0.18601361,SLS,42.6595965663358,4,0,21,3,1,4,0,0,0,1
36703,SDSS J234630.43+001904.2,23h46m30.4379s,+00d19m04.209s,356.6268246885,0.317836069,G,192733.57332362,0.64289,SLS,42.6909245636037,2,0,21,3,1,4,0,0,0,1
36708,4C -00.83,23h40m59.7569s,+00d04m53.013s,355.2489872,0.0813926,G,55405.0548786475,0.18481137,SLS,42.6946431904436,57,0,69,22,22,6,0,0,1,1
36725,SDSS J234630.44+002110.8,23h46m30.4483s,+00d21m10.850s,356.6268679731,0.3530140907,G,240316.63225738,0.80161,SLS,42.7070630544372,2,0,18,2,1,3,0,0,0,1
36825,2MASS J23405948+0004521,23h40m59.4868s,+00d04m52.168s,355.247862,0.081158,*,55453.5762879748,0.18497322,SLS,42.7628065810829,2,0,11,3,1,4,0,0,0,1
36854,WISEA J234138.63-001023.3,23h41m38.6371s,-00d10m23.395s,355.410988,-0.1731655,G,24683.3610647121,0.08233483,SLS,42.7838672905265,13,0,85,10,7,10,0,0,1,1
36906,SDSS J234531.11-001240.0,23h45m31.1137s,-00d12m40.047s,356.3796405152,-0.2111241689,G,148517.1836932,0.4954,SLS,42.8157888972064,2,0,19,2,1,3,0,0,0,1
37017,SDSS J234610.50-000033.8,23h46m10.5048s,-00d00m33.894s,356.54377,-0.0094149997,G,82893.6099479606,0.27650332,SLS,42.8734599827557,1,0,15,2,1,4,0,0,0,1
37033,WISEA J234618.78+003552.4,23h46m18.7848s,+00d35m52.839s,356.57827,0.598011,*,16.9348172699593,5.648847e-05,SLS,42.8791783092808,0,0,21,4,1,4,0,0,0,1
37069,SDSS J234328.50-002257.2,23h43m28.5032s,-00d22m57.233s,355.8687634744,-0.3825649132,G,369272.35806608,1.23176,SLS,42.8953234175969,2,0,23,3,1,4,0,0,0,1
37177,WISEA J234538.60-001109.3,23h45m38.6055s,-00d11m09.390s,356.4108563,-0.1859418,*,15.3799370911082,5.1301948e-05,SLS,42.9540909789348,0,0,26,5,1,4,0,0,0,1
37355,WISEA J234616.90+000217.4,23h46m16.9047s,+00d02m17.448s,356.5704364,0.0381802,G,128636.09308583,0.42908382,SLS,43.0451982388419,4,0,27,3,1,4,0,0,0,1
37404,WISEA J234051.71+001016.6,23h40m51.7144s,+00d10m16.695s,355.2154769,0.1713044,G,54351.3983099115,0.18129675,SLS,43.0729524009223,2,0,41,8,2,4,0,0,0,1
37455,WISEA J234520.53-001507.1,23h45m20.4912s,-00d15m06.994s,356.33538,-0.251943,G,14943.7276726048,0.04984691,SLS,43.0997132192661,2,0,21,6,2,0,0,0,0,1
37481,SDSS J234100.51+000314.9,23h41m00.5156s,+00d03m14.960s,355.2521483521,0.0541555577,G,238544.8588306,0.7957,SLS,43.119489192524,2,0,19,2,1,4,0,0,0,1
37510,SDSS J234550.35+004801.8,23h45m50.3552s,+00d48m01.855s,356.4598136127,0.8005153322,G,132634.17926836,0.44242,SLS,43.1390711014369,2,0,15,1,1,4,0,0,0,1
37559,SDSS J234625.78+003139.8,23h46m25.7804s,+00d31m39.820s,356.6074185011,0.5277278078,G,325373.74844114,1.08533,SLS,43.1669336628846,3,0,15,2,2,4,0,0,0,1
37581,WISEA J234106.58-000007.0,23h41m06.5814s,-00d00m07.095s,355.2774227,-0.001971,G,56802.0997246258,0.18947141,SLS,43.1745944308988,19,0,66,10,10,10,1,0,1,1
37625,GALEXMSC J234128.56-000820.2,23h41m28.6800s,-00d08m19.190s,355.3695,-0.13866388889,G,214207.70709016,0.71452,SLS,43.2020863069242,2,0,4,2,1,0,0,0,0,1
37939,WISEA J234050.88+000950.8,23h40m50.8863s,+00d09m50.836s,355.2120263,0.1641213,G,55327.3426776847,0.18455215,SLS,43.3722083291403,11,0,61,7,4,10,0,0,1,1
37981,WISEA J234105.79-000012.8,23h41m05.7995s,-00d00m12.843s,355.2741647,-0.0035675,G,57023.8951788279,0.19021124,SLS,43.3922139296555,7,0,43,6,3,6,0,0,1,1
37999,SDSS J234256.81-002212.3,23h42m56.8129s,-00d22m12.326s,355.7367204071,-0.3700907909,G,168063.6519548,0.5606,SLS,43.4006406926398,2,0,23,3,1,4,0,0,0,1
38013,WISEA J234052.39+000814.5,23h40m52.3917s,+00d08m14.561s,355.218299,0.1373782,*,15.6197857473386,5.2101997e-05,SLS,43.4073881565885,0,0,23,4,1,4,0,0,0,1
38051,SDSS J234105.58-000011.2,23h41m05.5872s,-00d00m11.340s,355.27328,-0.00315,G,56678.1865079606,0.18905808,SLS,43.4277223978987,1,0,15,2,1,4,0,0,0,1
38082,WISEA J234503.70-001811.3,23h45m03.6998s,-00d18m11.156s,356.265416,-0.303099,*,4.54731495936018,1.516821e-05,SLS,43.4479770209488,0,0,23,4,1,4,0,0,0,1
38117,WISEA J234526.54-001426.8,23h45m26.5439s,-00d14m26.866s,356.3605996,-0.2407961,G,75895.2877855789,0.25315943,SLS,43.4719088323168,1,0,33,4,1,4,0,0,0,1
38238,WISEA J234612.45-000102.5,23h46m12.4552s,-00d01m02.583s,356.551897,-0.0173842,G,28839.620746008,0.09619862,SLS,43.5303400629663,11,0,67,8,6,10,0,0,1,1
38328,SDSS J234508.57-001738.4,23h45m08.5704s,-00d17m38.475s,356.28571,-0.29402084,*,10.5204008780242,3.509228e-05,SLS,43.5799363544523,0,0,5,2,1,4,0,0,0,1
38366,WISEA J234631.79+002656.7,23h46m31.7945s,+00d26m56.769s,356.6324771,0.4491026,G,44183.1606343753,0.14737916,SLS,43.603919094961,1,0,21,5,1,0,0,0,0,1
38376,WISEA J234627.71+003134.6,23h46m27.7123s,+00d31m34.698s,356.6154681,0.526305,G,82134.6433695894,0.27397168,SLS,43.6086249079998,1,0,35,5,1,4,0,0,0,1
38382,SDSS J234331.46-002342.7,23h43m31.4656s,-00d23m42.730s,355.8811067461,-0.3952027913,G,272103.62657912,0.90764,SLS,43.6107806527693,2,0,8,2,1,4,0,0,0,1
38437,WISEA J234505.61-001808.3,23h45m05.6137s,-00d18m08.336s,356.2733906,-0.3023158,*,46.5957554297532,0.00015542671,SLS,43.6403350586736,0,0,22,4,1,4,0,0,0,1
38471,WISEA J234352.72-002341.3,23h43m52.7260s,-00d23m41.383s,355.9696919,-0.3948287,*,60.2910124006399,0.00020110917,SLS,43.6613349565241,0,0,23,4,1,4,0,0,0,1
38625,SDSS J234059.33+000219.1,23h40m59.3352s,+00d02m19.161s,355.24723,0.038656,G,20503.798515656,0.06839331,SLS,43.7562240949611,2,0,24,6,2,4,0,0,0,1
38633,WISEA J234207.16-001717.7,23h42m07.1677s,-00d17m17.775s,355.5298655,-0.288271,*,21.7268318273128,7.247291e-05,SLS,43.7604628155638,0,0,23,4,1,4,0,0,0,1
38722,WISEA J234129.54-000929.9,23h41m29.5466s,-00d09m29.908s,355.3731111,-0.1583079,*,1.69292129497494,5.6469776e-06,SLS,43.818569401995,0,0,22,4,1,4,0,0,0,1
38792,WISEA J234054.05+000524.2,23h40m54.0567s,+00d05m24.283s,355.2252363,0.0900788,*,2.66258003419824,8.881411e-06,SLS,43.8576797705822,0,0,23,4,1,4,0,0,0,1
38946,WISEA J234101.16+000051.1,23h41m01.1677s,+00d00m51.188s,355.2548654,0.0142189,G,55716.4313172246,0.18585001,SLS,43.9504616633011,11,0,57,8,5,8,0,0,0,1
38953,WISEA J234621.09+000225.0,23h46m21.0987s,+00d02m25.041s,356.5879114,0.0402893,G,72176.4372922034,0.24075468,SLS,43.9542235559125,1,0,35,5,1,4,0,0,0,1
39098,WISEA J234631.97+001041.3,23h46m31.9793s,+00d10m41.371s,356.6332474,0.1781587,*,8.41466404929648,2.8068298e-05,SLS,44.0328112939063,0,0,30,6,1,4,0,0,0,1
39211,SDSS J234605.88+004431.3,23h46m05.8853s,+00d44m31.347s,356.5245221619,0.7420409634,G,127447.76974496,0.42512,SLS,44.0935580683007,2,0,22,3,1,4,0,0,0,1
39248,SDSS J234620.95+000155.8,23h46m20.9537s,+00d01m55.848s,356.5873073647,0.0321801148,G,191495.43047208,0.63876,SLS,44.1163395699023,2,0,5,1,1,4,0,0,0,1
39312,WISEA J234636.28+001941.9,23h46m36.2821s,+00d19m41.917s,356.6511756,0.3283103,G,57627.2874590445,0.19222394,SLS,44.1450692313582,1,0,42,7,1,4,0,0,0,1
39454,WISEA J234515.68-001718.8,23h45m15.6806s,-00d17m18.860s,356.3153361,-0.2885724,*,1.73934703510384,5.8018372e-06,SLS,44.2374386047873,0,0,17,3,1,3,0,0,0,1
39477,WISEA J234537.96-001304.3,23h45m37.9648s,-00d13m04.303s,356.408187,-0.217862,G,15061.8279135093,0.05024085,SLS,44.2492229250118,2,0,28,5,2,4,0,0,0,1
39541,SDSS J234418.81-002320.8,23h44m18.8160s,-00d23m20.882s,356.0784,-0.389134,G,2.29118124822756,7.642558e-06,SLS,44.2910635436252,2,0,15,2,1,4,0,0,0,1
39607,GALEXMSC J234619.77+003855.0,23h46m19.7640s,+00d38m55.528s,356.58235,0.64875777778,G,137418.86689804,0.45838,SLS,44.3286913089488,2,0,4,2,1,0,0,0,0,1
39673,WISEA J234158.57-001637.1,23h41m58.5726s,-00d16m37.151s,355.4940528,-0.2769865,*,503835.222133737,1.6806134,SLS,44.3752918015547,7,0,19,5,3,4,0,0,0,1
39742,WISEA J234100.95-000006.8,23h41m00.9564s,-00d00m06.837s,355.253985,-0.0018992,G,161704.124564,0.5393869,SLS,44.4242312640699,4,0,27,3,1,4,0,0,0,1
39818,WISEA J234552.51-000944.2,23h45m52.5109s,-00d09m44.229s,356.4687956,-0.162286,G,78773.6311499319,0.26276055,SLS,44.472607297407,2,0,33,4,1,4,0,0,0,1
39821,WISEA J234306.99-002352.0,23h43m06.9943s,-00d23m52.023s,355.7791433,-0.3977844,G,20658.3325339812,0.06890878,SLS,44.4750970685604,11,0,60,9,5,8,0,0,0,1
39835,WISEA J234521.14+005623.9,23h45m21.1437s,+00d56m23.922s,356.3380989,0.9399784,QSO,381543.522915428,1.2726922,SLS,44.4848262861743,22,0,28,11,13,4,0,0,0,1
39855,SDSS J234624.50+003639.2,23h46m24.5004s,+00d36m39.247s,356.6020851199,0.6109019456,G,217169.6565752,0.7244,SLS,44.4939262567188,2,0,19,2,1,4,0,0,0,1
39882,WISEA J234041.92+001727.0,23h40m41.9238s,+00d17m27.096s,355.1746825,0.29086,G,58887.4050977559,0.19642724,SLS,44.5080591343252,1,0,31,4,1,4,0,0,0,1
39907,WISEA J234503.90+005904.9,23h45m03.9044s,+00d59m04.983s,356.2662687,0.9847176,G,35164.7979169701,0.11729714,SLS,44.5232451791645,1,0,40,7,1,4,0,0,0,1
40125,WISEA J234443.11-002154.2,23h44m43.1119s,-00d21m54.210s,356.1796333,-0.3650584,G,95764.1138834926,0.3194347,SLS,44.6617248903761,3,0,27,3,1,4,0,0,0,1
40156,WISEA J234637.15+001433.1,23h46m37.1586s,+00d14m33.161s,356.6548276,0.2425448,G,74558.1234851615,0.24869913,SLS,44.6792446835006,2,0,34,5,1,4,0,0,0,1
40281,WISEA J234135.48+005204.9,23h41m35.4552s,+00d52m03.382s,355.39773,0.86760636,G,17902.1288141119,0.059715074,SLS,44.7430030337098,3,0,35,6,2,4,0,0,0,1
40299,WISEA J234257.90-002339.8,23h42m57.9006s,-00d23m39.816s,355.7412525,-0.3943935,*,5.50501036063,1.8362738e-05,SLS,44.7507771891431,0,0,23,4,1,4,0,0,0,1
40413,SDSS J234056.64+000113.5,23h40m56.6455s,+00d01m13.504s,355.236023291,0.020417792,G,80737.10686398,0.26931,SLS,44.8167313005937,2,0,23,3,1,4,0,0,0,1
40520,SDSS J234126.33-001010.9,23h41m26.3377s,-00d10m10.969s,355.3597407413,-0.1697136691,G,144173.19097678,0.48091,SLS,44.8726353570941,2,0,23,3,1,4,0,0,0,1
40594,WIG S00J234049245+00053807,23h40m49.2451s,+00d05m38.068s,355.20518791667,0.09390777778,G,233850.10893832,0.78004,SLS,44.9219664940471,2,0,0,1,1,0,0,0,0,1
40604,SDSS J234637.17+002655.3,23h46m37.1714s,+00d26m55.388s,356.6548810797,0.4487189517,G,106804.06108708,0.35626,SLS,44.9271104263162,2,0,9,2,1,4,0,0,0,1
40677,WISEA J234629.66+003434.0,23h46m29.6633s,+00d34m34.098s,356.6235973,0.5761385,*,8.80790961105899,2.9380024e-05,SLS,44.9664812763275,0,0,23,4,1,4,0,0,0,1
40692,GALEXASC J234150.78-001555.9,23h41m50.8390s,-00d15m57.488s,355.46182916667,-0.26596888889,G,272958.03508442,0.91049,SLS,44.9764950290196,2,0,4,2,1,0,0,0,0,1
40721,WISEA J234039.73+001929.2,23h40m39.7346s,+00d19m29.244s,355.1655609,0.32479,*,31.9943742555992,0.000106721745,SLS,44.9920667474638,0,0,21,5,2,4,0,0,0,1
40832,SDSS J234630.14+003428.1,23h46m30.1464s,+00d34m28.300s,356.62561,0.574528,*,54.042387233828,0.000180266,SLS,45.0491535673949,0,0,13,5,2,4,0,0,0,1
40892,SDSS J234639.91+002137.9,23h46m39.9188s,+00d21m37.940s,356.6663283735,0.3605391043,G,188344.6117385,0.62825,SLS,45.0891271746114,2,0,18,2,1,4,0,0,0,1
40894,WISEA J234555.89+004924.8,23h45m55.8927s,+00d49m24.852s,356.4828865,0.8235701,*,10.2863253251575,3.4311488e-05,SLS,45.0909856473855,0,0,23,4,1,4,0,0,0,1
40932,WISEA J234108.09+004419.2,23h41m08.0910s,+00d44m19.295s,355.2837128,0.7386933,*,12.1312529083688,4.0465504e-05,SLS,45.1143744269015,0,0,29,6,1,3,0,0,0,1
40939,SDSS J234618.16-000144.7,23h46m18.1631s,-00d01m44.778s,356.5756799,-0.02910513,G,84901.6438150412,0.2832014,SLS,45.1197952814669,7,0,28,8,5,4,2,0,0,1
40991,WISEA J234627.78+000317.5,23h46m27.7099s,+00d03m17.409s,356.61545791667,0.05483583333,G,280431.86106236,0.93542,SLS,45.1487927213039,3,0,15,4,2,0,0,0,0,1
41076,WISEA J234523.74+005648.0,23h45m23.7402s,+00d56m48.053s,356.3489178,0.9466814,*,1.66353216064927,5.548946e-06,SLS,45.1862929085339,0,0,23,4,1,4,0,0,0,1
41085,WISEA J234602.27-000755.7,23h46m02.2761s,-00d07m55.795s,356.509484,-0.1321653,G,18792.7750325651,0.06268595,SLS,45.1908286396061,10,0,58,7,3,8,0,0,0,1
41113,SDSS J234409.11-002445.2,23h44m09.1186s,-00d24m45.230s,356.0379943766,-0.4125641215,G,166570.68551396,0.55562,SLS,45.2061228345968,2,0,23,3,1,4,0,0,0,1
41121,SDSS J234106.11-000401.0,23h41m06.1139s,-00d04m01.066s,355.2754746035,-0.0669630112,G,110779.30908016,0.36952,SLS,45.2100647443704,2,0,9,2,1,4,0,0,0,1
41149,WISEA J234358.38+010449.9,23h43m58.3881s,+01d04m49.919s,355.9932839,1.0805331,QSO,258036.165279928,0.860716,SLS,45.22392471483,23,0,21,9,13,4,0,0,0,1
41171,SDSS J234416.60-002426.2,23h44m16.6081s,-00d24m26.296s,356.069200503,-0.4073046059,G,71962.18161832,0.24004,SLS,45.2392349723902,2,0,19,2,1,4,0,0,0,1
41231,WISEA J234051.25+000313.9,23h40m51.2512s,+00d03m13.942s,355.2135467,0.0538729,*,1.66276858925874,5.546399e-06,SLS,45.2720547492378,0,0,31,6,1,4,0,0,0,1
41260,WISEA J234408.23+010434.7,23h44m08.2300s,+01d04m34.400s,356.03429166667,1.07622222222,G,18713.3959855359,0.06242117,SLS,45.2884174595765,8,0,37,7,5,4,0,0,0,1
41296,SDSS J234053.12+000200.2,23h40m53.1211s,+00d02m00.284s,355.2213381427,0.0334124337,G,129642.25053752,0.43244,SLS,45.3068795598212,2,0,19,2,1,4,0,0,0,1
41330,WISEA J234440.06-002253.4,23h44m40.0610s,-00d22m53.482s,356.1669212,-0.381523,G,95494.1927460077,0.31853434,SLS,45.327023174139,4,0,53,6,4,8,0,0,0,1
41374,SDSS J234529.97-001610.0,23h45m29.9710s,-00d16m10.049s,356.3748793317,-0.2694580939,G,363894.08136956,1.21382,SLS,45.3567384142435,2,0,19,2,1,4,0,0,0,1
41477,SDSS J234039.33+001431.7,23h40m39.3391s,+00d14m31.773s,355.1639130094,0.2421592924,G,190278.2730926,0.6347,SLS,45.402460254741,3,0,23,3,1,4,0,0,0,1
41603,WISEA J234454.68-002134.3,23h44m54.6831s,-00d21m34.365s,356.2278464,-0.3595459,G,28775.2942782949,0.09598405,SLS,45.4669644492602,11,0,62,8,4,8,0,0,0,1
41665,SDSS J234521.78+005731.0,23h45m21.7896s,+00d57m31.017s,356.34079,0.958616,*,2.98828715185267,9.967853e-06,SLS,45.4983952965707,0,0,5,2,1,4,0,0,0,1
41682,WISEA J234641.73+001937.7,23h46m41.7264s,+00d19m37.596s,356.67386,0.32711,*,10.7072693116995,3.5715606e-05,SLS,45.5064022499757,0,0,17,3,1,4,0,0,0,1
41869,WISEA J234254.34-002420.2,23h42m54.3355s,-00d24m20.070s,355.726398,-0.405575,*,40.1975158388518,0.00013408448,SLS,45.6167638174767,0,0,30,6,1,4,0,0,0,1
41884,SDSS J234037.45+002212.7,23h40m37.4520s,+00d22m12.736s,355.15605,0.37020448,G,28012.3872278558,0.093439266,SLS,45.6223412108398,1,0,15,2,1,4,0,0,0,1
41899,SDSS J234501.16-002058.9,23h45m01.1712s,-00d20m59.106s,356.25488,-0.34975171,G,53097.8101509353,0.17711523,SLS,45.6327532376728,1,0,24,5,1,4,0,0,0,1
41968,WISEA J234151.67+005640.7,23h41m51.6733s,+00d56m40.721s,355.4653054,0.9446449,G,110524.677358033,0.36867064,SLS,45.6685415457329,2,0,29,4,2,4,0,0,0,1
41993,SDSS J234630.11+000321.9,23h46m30.1147s,+00d03m21.979s,356.6254780927,0.0561054036,G,154171.26945108,0.51426,SLS,45.6810875932759,2,0,23,3,1,4,0,0,0,1
42015,WISEA J234223.73-002142.3,23h42m23.7303s,-00d21m42.364s,355.5988763,-0.361768,G,163222.0037581,0.54445,SLS,45.6904292063627,2,0,35,4,1,4,0,0,0,1
42062,WISEA J234345.13+010533.4,23h43m45.1339s,+01d05m33.463s,355.9380583,1.0926288,G,10973.196014474,0.036602642,SLS,45.7279083275862,15,0,67,9,7,10,0,0,1,1
42069,SDSS J234533.75-001554.3,23h45m33.7535s,-00d15m54.332s,356.3906397637,-0.2650924824,G,139259.59259016,0.46452,SLS,45.732538679528,2,0,15,1,1,4,0,0,0,1
42189,WIG S00J234044574+00331839,23h40m44.5740s,+00d33m18.388s,355.185725,0.55510777778,G,325712.51391868,1.08646,SLS,45.8015159349501,2,0,0,1,1,0,0,0,0,1
42197,SDSS J234056.75+004047.7,23h40m56.7512s,+00d40m47.722s,355.236463451,0.6799228209,G,249951.9618575,0.83375,SLS,45.8049430045801,2,0,9,2,1,4,0,0,0,1
42240,WISEA J234553.12+005116.9,23h45m53.1072s,+00d51m16.612s,356.47128,0.85461462,QSO,463076.219004448,1.544656,SLS,45.8242800713416,19,0,25,7,10,4,0,0,0,1
42279,WISEA J234103.20+004345.1,23h41m03.2076s,+00d43m45.125s,355.2633651,0.7292014,G,185520.536804894,0.6188299,SLS,45.8452684510618,2,0,27,3,1,4,0,0,0,1
42294,SDSS J234550.24+005204.0,23h45m50.2488s,+00d52m04.072s,356.45937,0.867798,*,139.359804215096,0.00046485427,SLS,45.8590724622199,0,0,9,3,1,4,0,0,0,1
42298,GALEXASC J234525.14-001741.5,23h45m25.1479s,-00d17m40.740s,356.35478291667,-0.29465,G,57665.0792963,0.19235,SLS,45.8625426543737,2,0,8,3,1,0,0,0,0,1
42478,WISEA J234137.68+005413.6,23h41m37.6680s,+00d54m13.489s,355.40695,0.903747,*,32.0075696206381,0.00010676576,SLS,45.9592240096836,0,0,17,3,1,4,0,0,0,1
42492,WISEA J234556.37+005035.7,23h45m56.3731s,+00d50m35.769s,356.4848881,0.8432694,G,27845.4415019769,0.092882395,SLS,45.9637715005816,9,0,61,6,5,8,0,0,0,1
42499,WISEA J234543.32+005352.9,23h45m43.3210s,+00d53m52.983s,356.4305044,0.898051,QSO,456821.948745652,1.523794,SLS,45.970285051539,21,0,22,8,11,4,0,0,0,1
42553,WISEA J234640.07+001042.9,23h46m40.0440s,+00d10m43.274s,356.6668500791,0.1786874601,G,209524.9488962,0.6989,SLS,46.0004448290073,2,0,31,3,1,4,0,0,0,1
42870,WIG S00J234045791+00041494,23h40m45.7910s,+00d04m14.941s,355.19079583333,0.07081694444,G,231880.47248926,0.77347,SLS,46.1912885560698,2,0,0,1,1,0,0,0,0,1
42871,SDSS J234120.46-001030.9,23h41m20.4677s,-00d10m30.939s,355.3352821573,-0.1752610458,G,136594.43763854,0.45563,SLS,46.1916103936379,2,0,19,2,1,4,0,0,0,1
42934,WISEA J234136.12-001432.2,23h41m36.1260s,-00d14m32.233s,355.4005253,-0.2422872,G,107245.400554125,0.35773215,SLS,46.2264014471649,7,0,56,9,8,8,0,0,0,1
43040,WISEA J234605.31+004827.1,23h46m05.3126s,+00d48m27.125s,356.522136,0.8075349,*,15.6168127055326,5.209208e-05,SLS,46.2939704411369,0,0,23,4,1,4,0,0,0,1
43130,WISEA J234114.65+004842.3,23h41m14.6542s,+00d48m42.385s,355.3110595,0.8117737,*,35.7090801182429,0.00011911267,SLS,46.3405399958616,0,0,12,2,1,0,0,0,0,1
43232,WISEA J234406.02+010546.3,23h44m06.0260s,+01d05m46.396s,356.0251087,1.0962212,*,16.3583163732253,5.456547e-05,SLS,46.392413379071,0,0,23,4,1,3,0,0,0,1
43315,WISEA J234318.87+010559.8,23h43m18.8707s,+01d05m59.895s,355.8286282,1.099971,*,25.4351116386192,8.48424e-05,SLS,46.4410730563198,0,0,26,5,1,4,0,0,0,1
43500,SDSS J234052.71-000044.1,23h40m52.7208s,-00d00m44.140s,355.21967,-0.012261194,QSO,554883.162380078,1.850891,SLS,46.5443788305636,24,0,13,8,12,4,0,1,0,1
43531,WISEA J234642.43+001044.9,23h46m42.3619s,+00d10m45.644s,356.6765082315,0.1793457907,G,205070.03297032,0.68404,SLS,46.5608168148074,2,0,31,3,1,4,0,0,0,1
43563,WISEA J234041.55+000612.9,23h40m41.5562s,+00d06m12.916s,355.1731509,0.1035879,G,21034.0924008384,0.07016218,SLS,46.5760107861165,22,0,80,11,9,10,1,0,1,1
43588,SDSS J234620.15-000350.7,23h46m20.1584s,-00d03m50.705s,356.5839933406,-0.0640848408,G,160691.75541258,0.53601,SLS,46.589952964983,2,0,19,2,1,4,0,0,0,1
43602,SDSS J234108.69-000727.8,23h41m08.6999s,-00d07m27.873s,355.2862499557,-0.1244092582,G,238167.12033352,0.79444,SLS,46.5954421333012,2,0,15,1,1,4,0,0,0,1
43638,SDSS J234041.73+000556.7,23h40m41.7384s,+00d05m56.712s,355.1739101557,0.099086877,G,334412.49104984,1.11548,SLS,46.6123058989375,2,0,15,1,1,4,0,0,0,1
43733,WISEA J234523.12+005841.8,23h45m23.1284s,+00d58m41.856s,356.3463687,0.9782934,G,105835.851364723,0.3530304,SLS,46.6651145412863,4,0,53,6,4,8,0,0,0,1
43899,SDSS J234646.36+002249.2,23h46m46.3632s,+00d22m49.278s,356.69318,0.380355,*,1849406.18274139,6.168955,SLS,46.75940407363,1,0,5,2,2,4,0,0,0,1
43903,SDSS J234621.59-000334.4,23h46m21.5964s,-00d03m34.430s,356.5899852459,-0.059564028,G,79795.75854586,0.26617,SLS,46.7633952708357,2,0,15,1,1,4,0,0,0,1
44083,GALEXMSC J234102.68-000542.5,23h41m02.6410s,-00d05m42.979s,355.26100416667,-0.09527194444,G,191252.5985811,0.63795,SLS,46.8544897917265,2,0,4,2,1,0,0,0,0,1
44092,SDSS J234402.95-002638.6,23h44m02.9595s,-00d26m38.688s,356.0123315847,-0.4440802242,G,105589.90163218,0.35221,SLS,46.8570186386278,2,0,23,3,1,4,0,0,0,1
44155,WISEA J234142.96-001651.6,23h41m42.9639s,-00d16m51.653s,355.4290164,-0.2810148,G,23360.4578915218,0.0779221,SLS,46.8976290566743,11,0,72,11,7,10,0,0,1,1
44169,SDSS J234613.70+004638.7,23h46m13.7023s,+00d46m38.792s,356.5570933022,0.7774423294,G,142527.33038236,0.47542,SLS,46.9063401230528,2,0,19,2,1,4,0,0,0,1
44379,WISEA J234036.35+000920.8,23h40m36.3566s,+00d09m20.891s,355.1514859,0.1558032,G,39682.8681220524,0.1323678,SLS,47.0231098834948,6,0,24,8,2,0,0,0,0,1
44467,WISEA J234644.02+002928.9,23h46m44.0088s,+00d29m29.160s,356.68337,0.49143332,G,59229.6511657333,0.19756885,SLS,47.0728212221242,2,0,35,5,1,4,0,0,0,1
44500,2MASS J23461979+0044397,23h46m19.7949s,+00d44m39.742s,356.582479,0.744373,G,82285.8137165359,0.27447593,SLS,47.0893437363586,0,0,5,2,1,0,0,0,0,1
44538,WISEA J234458.18+010241.0,23h44m58.1865s,+01d02m41.025s,356.2424438,1.0447294,G,27937.4268218651,0.093189225,SLS,47.1134726856549,11,0,71,7,5,10,1,0,1,1
44595,WISEA J234200.05+005952.7,23h42m00.0501s,+00d59m52.791s,355.500209,0.9979977,G,109786.99604418,0.36621,SUN,47.1479568377874,12,0,31,8,8,4,0,0,0,1
44647,WISEA J234049.15-000020.7,23h40m49.1593s,-00d00m20.941s,355.2048305731,-0.0058169929,G,231220.92908166,0.77127,SLS,47.1777230382923,2,0,27,2,1,3,0,0,0,1
44666,WISEA J234137.70-001609.1,23h41m37.7057s,-00d16m09.177s,355.4071073,-0.269216,G,40323.7374574436,0.13450551,SLS,47.1843873509203,11,0,55,7,6,8,0,0,0,1
44715,SDSS J234033.28+002723.0,23h40m33.2830s,+00d27m23.040s,355.1386793128,0.4564001282,G,145594.2072277,0.48565,SLS,47.2081859567261,2,0,19,2,1,4,0,0,0,1
44842,WISEA J234137.12+005550.6,23h41m37.1225s,+00d55m50.687s,355.4046771,0.9307465,*,0.379353838802196,1.2653882e-06,SLS,47.2713434220056,0,0,23,4,1,4,0,0,0,1
44880,WISEA J234031.48+001502.9,23h40m31.4824s,+00d15m02.946s,355.1311769,0.2508185,G,28155.8643007451,0.093917854,SLS,47.2980549917649,1,0,36,6,1,4,0,0,0,1
44926,WISEA J234212.86+010153.9,23h42m12.8635s,+01d01m53.947s,355.5535982,1.031652,QSO,488346.624666642,1.628949,SLS,47.3216776483301,24,0,21,9,13,4,0,0,0,1
45006,WISEA J234603.56-001058.3,23h46m03.5661s,-00d10m58.374s,356.5148589,-0.1828818,G,78367.9519957663,0.26140735,SLS,47.3670001237565,5,0,34,5,2,4,0,0,0,1
45068,SDSS J234125.20-001333.5,23h41m25.2008s,-00d13m33.528s,355.3550035889,-0.2259800763,G,194970.0250603,0.65035,SLS,47.4000449766441,2,0,19,2,1,4,0,0,0,1
45076,GALEXMSC J234058.82-000512.7,23h40m58.7021s,-00d05m11.378s,355.24459208333,-0.08649388889,G,190146.36441108,0.63426,SLS,47.40241168343,2,0,4,2,1,0,0,0,0,1
45143,WISEA J234648.51+002432.5,23h46m48.5113s,+00d24m32.899s,356.7021307893,0.4091388643,G,228831.5831914,0.7633,SLS,47.4351161077278,2,0,33,4,1,4,0,0,0,1
45191,SDSS J234431.28+010531.4,23h44m31.2864s,+01d05m31.478s,356.13036,1.0920774,G,131678.374957915,0.43923178,SLS,47.4601663885623,4,0,15,2,1,4,0,0,0,1
45210,WISEA J234624.02+004338.1,23h46m24.0278s,+00d43m38.124s,356.6001162,0.7272568,G,54701.8047285956,0.18246558,SLS,47.4691874017575,1,0,42,7,1,4,0,0,0,1
45224,WISEA J234548.45+005444.8,23h45m48.4573s,+00d54m44.885s,356.4519056,0.9124682,G,67002.3552346764,0.2234958,SLS,47.4752519959316,2,0,43,5,1,6,0,0,1,1
45274,WISEA J234205.43-002123.7,23h42m05.4360s,-00d21m23.787s,355.5226501,-0.3566077,G,20633.0570318473,0.06882447,SLS,47.5038928415858,8,0,58,8,6,8,0,0,0,1
45381,WISEA J234514.71-002122.1,23h45m14.5872s,-00d21m21.811s,356.31078,-0.35605869,G,85220.1313307221,0.28426376,SLS,47.5528293303001,1,0,21,5,1,0,0,0,0,1
45493,WISEA J234101.26+004616.1,23h41m01.2990s,+00d46m16.373s,355.2554128647,0.7712148952,G,160382.96918084,0.53498,SLS,47.6045616926532,2,0,31,3,1,4,0,0,0,1
45504,WISEA J234036.32+003241.8,23h40m36.3231s,+00d32m41.843s,355.1513464,0.5449565,G,12133.7939492428,0.04047398,SLS,47.6090536758826,12,0,56,9,6,8,0,0,0,1
45508,WISEA J234426.57+010559.8,23h44m26.5728s,+01d05m59.816s,356.1107202,1.099949,G,34963.3122026276,0.116625056,SLS,47.6112715000787,10,0,63,7,5,10,1,0,1,1
45512,SDSS J234632.64+003947.6,23h46m32.6450s,+00d39m47.625s,356.6360210983,0.6632292814,G,207336.4639528,0.6916,SLS,47.6128401719924,2,0,19,2,1,4,0,0,0,1
45524,SDSS J234650.14+002037.3,23h46m50.1445s,+00d20m37.376s,356.7089356976,0.3437155733,G,579654.71339216,1.93352,SLS,47.616594570352,9,0,8,2,4,4,0,0,0,1
45526,WISEA J234623.70+004404.2,23h46m23.7000s,+00d44m04.241s,356.5987501,0.7345115,G,82269.2771645527,0.27442077,SLS,47.6181729119086,3,0,34,5,2,4,0,0,0,1
45539,WISEA J234358.34+010714.6,23h43m58.3248s,+01d07m14.583s,355.99302,1.1207177,QSO,649875.910269137,2.1677527,SLS,47.6212003650956,23,0,22,7,11,4,0,1,0,1
45650,WISEA J234410.81-002711.5,23h44m10.8131s,-00d27m11.534s,356.0450549,-0.453204,*,68.5556459139152,0.00022867702,SLS,47.6809528632995,0,0,26,5,1,4,0,0,0,1
45736,2MASS J23443281+0105412,23h44m32.7960s,+01d05m41.146s,356.13665,1.094763,*,6.76229376144347,2.2556584e-05,SLS,47.7188434018694,0,0,14,5,2,4,0,0,0,1
45758,SDSS J234056.92-000505.5,23h40m56.9230s,-00d05m05.502s,355.2371792032,-0.0848618219,G,114298.87253708,0.38126,SLS,47.7293982373136,2,0,19,2,1,4,0,0,0,1
45779,GALEXASC J234624.23+004407.8,23h46m24.1601s,+00d44m07.108s,356.60066708333,0.73530777778,G,161444.23448216,0.53852,SLS,47.7414990325551,2,0,3,2,1,0,0,0,0,1
45813,SDSS J234609.77-000942.4,23h46m09.7738s,-00d09m42.439s,356.5407243144,-0.1617886049,G,132942.9655001,0.44345,SLS,47.762519581987,2,0,23,3,1,4,0,0,0,1
45834,WISEA J234213.72-002248.8,23h42m13.7272s,-00d22m48.847s,355.5571968,-0.3802355,G,154731.551575836,0.5161289,SLS,47.7721583938122,4,0,27,3,1,4,0,0,0,1
45947,[HB89] 2340+008 NED02,23h43m22.9656s,+01d07m29.437s,355.84569,1.1248438,QSO,643391.549298826,2.1461232,SLS,47.8239353466932,30,0,22,7,11,4,0,2,0,1
45977,WISEA J234625.65+004340.4,23h46m25.6559s,+00d43m40.481s,356.6068998,0.7279116,G,68497.0394863007,0.22848153,SLS,47.8413916981303,7,0,42,5,2,6,0,0,1,1
45981,WISEA J234106.55-000850.3,23h41m06.5533s,-00d08m50.351s,355.2773058,-0.1473199,G,120376.23526641,0.4015319,SLS,47.8427111434132,3,0,29,4,2,4,0,0,0,1
46015,WISEA J234317.33-002740.8,23h43m17.3319s,-00d27m40.811s,355.8222164,-0.4613366,QSO,590970.229823141,1.9712645,SLS,47.8580150708446,26,0,27,11,14,4,0,1,0,1
46033,WISEA J234554.18-001414.8,23h45m54.2373s,-00d14m12.375s,356.4759888049,-0.2367709689,G,150393.88448028,0.50166,SLS,47.8653008312861,2,0,31,3,1,4,0,0,0,1
46162,WISEA J234043.47+000058.0,23h40m43.4732s,+00d00m58.061s,355.1811386,0.0161282,*,8.39749913232124,2.8011042e-05,SLS,47.9323475290498,0,0,23,4,1,4,0,0,0,1
46209,SDSS J234322.30+010736.4,23h43m22.3080s,+01d07m36.443s,355.84295,1.1267899,*,8.69170465807395,2.8992406e-05,SLS,47.9548785082865,0,0,5,2,1,4,0,0,0,1
46288,WISEA J234149.63-001928.1,23h41m49.6584s,-00d19m28.621s,355.45691,-0.324617,*,26.6089729913148,8.875798e-05,SLS,47.9940428263918,0,0,21,4,1,4,0,0,0,1
46292,WISEA J234227.83-002439.4,23h42m27.8383s,-00d24m39.409s,355.615993,-0.4109472,G,10978.5847839066,0.036620617,SLS,47.9959333177359,3,0,36,7,2,4,0,0,0,1
46311,WISEA J234459.85-002346.2,23h44m59.8598s,-00d23m46.297s,356.249416,-0.3961938,*,31.0854499907742,0.0001036899,SLS,48.0045943766746,0,0,23,4,1,4,0,0,0,1
46386,WISEA J234636.01+000044.8,23h46m36.0196s,+00d00m44.863s,356.6500817,0.0124621,G,139140.551000937,0.46412292,SLS,48.040738469403,5,0,27,4,2,4,0,0,0,1
46476,WISEA J234209.37-002235.7,23h42m09.3576s,-00d22m35.605s,355.53899,-0.376557,G,20802.2766835201,0.069388926,SLS,48.078545117518,2,0,36,7,2,4,0,0,0,1
46550,WISEA J234623.87+004457.9,23h46m23.8797s,+00d44m57.942s,356.599499,0.7494285,G,82333.4357484892,0.27463478,SLS,48.1178667361219,11,0,62,8,7,10,0,0,1,1
46724,WISEA J234026.96+001802.0,23h40m26.9694s,+00d18m02.075s,355.1123726,0.3005764,G,59018.6032711505,0.19686487,SLS,48.2160968300118,14,0,55,8,7,8,1,1,0,1
46837,WISEA J234427.56-002655.0,23h44m27.5684s,-00d26m55.076s,356.1148687,-0.4486324,G,59929.4057357248,0.19990298,SLS,48.274738171733,1,0,42,7,1,4,0,0,0,1
46902,WISEA J234632.58-000145.3,23h46m32.5121s,-00d01m46.127s,356.6354671098,-0.0294798175,G,253288.65191504,0.84488,SLS,48.3099869480453,2,0,27,2,1,4,0,0,0,1
46904,WISEA J234446.72+010510.0,23h44m46.7472s,+01d05m09.610s,356.19478,1.086003,G,17800.5903077571,0.059376378,SLS,48.3106970846284,1,0,32,5,1,4,0,0,0,1
46932,WISEA J234402.96-002807.3,23h44m02.9671s,-00d28m07.350s,356.012363,-0.4687085,*,23.2019366335051,7.739333e-05,SLS,48.3238668682998,0,0,23,4,1,3,0,0,0,1
46933,WISEA J234558.18+005334.1,23h45m58.1232s,+00d53m34.878s,356.4921800534,0.8930217371,G,208607.58397472,0.69584,SLS,48.3240784637742,2,0,34,4,1,4,0,0,0,1
46965,SDSS J234117.50-001254.1,23h41m17.5003s,-00d12m54.124s,355.3229182659,-0.2150346844,G,143264.81982904,0.47788,SLS,48.3371841119733,2,0,5,1,1,4,0,0,0,1
46984,WISEA J234604.52-001211.5,23h46m04.5230s,-00d12m11.533s,356.5188462,-0.2032036,G,30205.2983071057,0.10075403,SLS,48.3482235029417,1,0,33,5,1,4,0,0,0,1
46986,WISEA J234629.42-000319.0,23h46m29.4463s,-00d03m19.117s,356.6226929556,-0.0553104064,G,218764.55245176,0.72972,SLS,48.3490576041989,2,0,31,3,1,4,0,0,0,1
47031,WISEA J234036.68+000409.1,23h40m36.6832s,+00d04m09.105s,355.152847,0.069196,G,20400.9295303726,0.068050176,SLS,48.371998260291,13,0,63,10,6,8,0,0,0,1
47053,WISEA J234112.78+005120.9,23h41m12.7858s,+00d51m20.941s,355.3032745,0.855817,QSO,265037.119620091,0.88406867,SLS,48.3840756584013,31,0,47,12,19,8,0,1,0,1
47074,SDSS J234104.39+004844.5,23h41m04.3907s,+00d48m44.540s,355.2682948559,0.8123724237,G,184339.38449962,0.61489,SLS,48.3959531859651,2,0,23,3,1,4,0,0,0,1
47262,WISEA J234235.28+010534.8,23h42m35.2783s,+01d05m35.059s,355.646993,1.093072,*,4.12624925708019,1.3763686e-05,SLS,48.4867874901072,0,0,23,4,1,4,0,0,0,1
47348,WISEA J234027.16+002600.0,23h40m27.1615s,+00d26m00.044s,355.1131729,0.4333458,G,244065.357069195,0.8141144,SLS,48.5249407739848,11,0,36,11,8,4,0,0,0,1
47407,WISEA J234643.08+000350.6,23h46m43.0833s,+00d03m50.609s,356.6795139,0.0640581,G,247099.736412088,0.824236,SUN,48.5594542760042,13,0,29,8,7,4,0,0,0,1
47472,[HB89] 2342+008,23h44m42.4752s,+01d05m50.053s,356.17698,1.0972371,QSO,341797.698377195,1.1401144,SLS,48.5880909979139,29,0,21,8,12,4,0,1,0,1
47523,WISEA J234653.47+001544.2,23h46m53.4793s,+00d15m44.286s,356.7228307,0.2623018,QSO,476431.613257398,1.5892048,SLS,48.6183874991934,42,0,62,17,26,8,0,1,0,1
47537,WISEA J234643.37+003551.7,23h46m43.3759s,+00d35m51.710s,356.6807332,0.5976973,*,30.5932267498332,0.00010204802,SLS,48.6291156606282,0,0,23,4,1,4,0,0,0,1
47589,WISEA J234640.70+000157.8,23h46m40.7030s,+00d01m57.814s,356.6695962,0.0327262,*,0.203567083440629,6.790267e-07,SLS,48.6572893861559,0,0,30,6,1,4,0,0,0,1
47655,WISEA J234337.75+010832.0,23h43m37.7448s,+01d08m32.208s,355.90727,1.1422802,G,86313.5283876905,0.28791094,SLS,48.6892649892886,1,0,31,4,1,4,0,0,0,1
47712,WISEA J234650.37+000947.2,23h46m50.3733s,+00d09m47.200s,356.7098888,0.1631112,G,121055.774830959,0.4037986,SLS,48.7185447948161,2,0,27,3,1,4,0,0,0,1
47765,SDSS J234619.09+004756.5,23h46m19.0953s,+00d47m56.561s,356.5795638414,0.7990449598,G,192844.49653308,0.64326,SLS,48.7541387368297,2,0,19,2,1,3,0,0,0,1
47833,SDSS J234035.73+003609.2,23h40m35.7370s,+00d36m09.226s,355.1489044559,0.6025628499,G,193665.927868,0.646,SLS,48.793603733854,2,0,19,2,1,4,0,0,0,1
47888,SDSS J234024.78+002248.1,23h40m24.7801s,+00d22m48.186s,355.1032506618,0.3800519296,G,145426.32345122,0.48509,SLS,48.818418638611,2,0,19,2,1,4,0,0,0,1
47904,SDSS J234306.20+010757.1,23h43m06.2088s,+01d07m57.172s,355.77587,1.132548,G,16004.9899760002,0.0533869,SLS,48.8259990725887,1,0,20,4,1,4,0,0,0,1
47914,WISEA J234653.66+002539.5,23h46m53.6248s,+00d25m40.711s,356.7234369381,0.4279753188,G,60126.37537648,0.20056,SLS,48.8292609675743,2,0,27,2,1,4,0,0,0,1
47944,WISEA J234626.35-000539.7,23h46m26.3417s,-00d05m38.818s,356.6097572504,-0.0941163254,G,216108.39127388,0.72086,SLS,48.8433494979698,2,0,27,2,1,4,0,0,0,1
48140,SDSS J234639.39+000026.7,23h46m39.3973s,+00d00m26.783s,356.6641554978,0.0074399253,G,194436.39448506,0.64857,SLS,48.9353931347428,2,0,19,2,1,4,0,0,0,1
48170,WISEA J234551.31+005605.7,23h45m51.3108s,+00d56m05.717s,356.4637952,0.9349214,G,23874.9065461291,0.079638116,SLS,48.9506609556135,13,0,53,6,4,8,0,0,0,1
48265,SDSS J234104.00+004936.6,23h41m04.0040s,+00d49m36.613s,355.2666836591,0.8268369867,G,280692.68050082,0.93629,SLS,48.9957394916353,3,0,19,3,2,4,0,0,0,1
48288,SDSS J234029.52+003145.4,23h40m29.5368s,+00d31m45.244s,355.12307,0.52923447,G,113098.425589209,0.37725574,SLS,49.0071886869897,3,0,43,6,4,8,0,0,0,1
48353,SDSS J234054.67-000639.4,23h40m54.6773s,-00d06m39.463s,355.2278222219,-0.1109621965,G,132619.18964546,0.44237,SLS,49.0374842085137,2,0,15,1,1,4,0,0,0,1
48381,WISEA J234250.88+010721.6,23h42m50.8855s,+01d07m21.678s,355.712023,1.1226884,G,109866.069302902,0.36647376,SLS,49.0532965709884,2,0,33,4,1,4,0,0,0,1
48424,WISEA J234445.67+010604.4,23h44m45.6704s,+01d06m04.492s,356.1902935,1.1012479,G,118334.630639883,0.39472184,SLS,49.0784952727223,6,0,47,6,5,8,0,0,0,1
48437,WISEA J234038.77+000047.2,23h40m38.7731s,+00d00m47.215s,355.1615546,0.0131153,*,16.6910122526606,5.5675224e-05,SLS,49.0844773925027,0,0,23,5,2,4,0,0,0,1
48470,WISEA J234628.37-000517.2,23h46m28.3896s,-00d05m17.498s,356.61829,-0.088194,*,26.6133094892198,8.8772445e-05,SLS,49.0978393396169,0,0,17,3,1,4,0,0,0,1
48486,GALEXMSC J234636.02-000153.5,23h46m35.9100s,-00d01m50.890s,356.649625,-0.03080277778,G,253498.50663564,0.84558,SLS,49.1061483519202,2,0,3,2,1,0,0,0,0,1
48490,SDSS J234615.48-001003.9,23h46m15.4865s,-00d10m03.940s,356.5645271634,-0.1677611414,G,179662.62215482,0.59929,SLS,49.1098245878119,2,0,19,2,1,4,0,0,0,1
48518,WISEA J234438.36+010644.0,23h44m38.3648s,+01d06m44.025s,356.1598535,1.1122293,G,1.33718606534985,4.4603726e-06,SLS,49.1237940061422,1,0,32,4,1,4,0,0,0,1
48559,WISEA J234507.42+010349.7,23h45m07.4216s,+01d03m49.776s,356.2809235,1.0638267,G,18358.0534840307,0.061235875,SLS,49.1433681983803,8,0,53,7,3,6,1,0,1,1
48609,SDSS J234640.44+003914.6,23h46m40.4454s,+00d39m14.654s,356.6685226033,0.6540706133,G,192592.67086836,0.64242,SLS,49.1710007497829,2,0,15,1,1,4,0,0,0,1
48672,WISEA J234252.22+010735.9,23h42m52.2218s,+01d07m35.959s,355.7175911,1.1266554,G,110642.558750443,0.36906385,SLS,49.2022216325414,2,0,33,4,1,4,0,0,0,1
48733,WISEA J234154.06+010124.1,23h41m54.0663s,+01d01m24.170s,355.4752765,1.0233807,G,59198.9973869028,0.1974666,SLS,49.2334914900852,1,0,38,6,1,4,0,0,0,1
48811,WISEA J234324.31+010858.7,23h43m24.3163s,+01d08m58.744s,355.8513183,1.1496511,*,25.2336481089186,8.417039e-05,SLS,49.2793396991662,0,0,23,4,1,4,0,0,0,1
48864,WISEA J234602.94+005344.4,23h46m02.9495s,+00d53m44.471s,356.5122898,0.8956864,*,25.003890167032,8.3404e-05,SLS,49.3049941405361,0,0,31,6,1,4,0,0,0,1
48898,WISEA J234505.43+010416.2,23h45m05.4393s,+01d04m16.270s,356.2726638,1.0711862,G,18557.4325567709,0.061900932,SLS,49.3215709604844,9,0,44,9,5,4,0,0,0,1
48937,SDSS J234639.84+004000.3,23h46m39.8411s,+00d40m00.383s,356.6660048464,0.6667731817,G,122914.90778,0.41,SLS,49.3386090032155,2,0,19,2,1,4,0,0,0,1
48941,WISEA J234435.68+010709.8,23h44m35.6883s,+01d07m09.801s,356.1487015,1.1193893,G,17800.42722066,0.059375834,SLS,49.3400243168111,8,0,55,7,4,8,0,0,0,1
48977,SDSS J234634.90-000254.3,23h46m34.9008s,-00d02m54.322s,356.64542,-0.048423,*,228299.691412416,0.7615258,SLS,49.35834822485,0,0,11,4,1,4,0,0,0,1
49124,WISEA J234616.74-001010.9,23h46m16.7449s,-00d10m10.915s,356.5697706,-0.1696988,G,66502.1814977492,0.2218274,SLS,49.4302420002341,8,0,66,8,5,10,0,0,1,1
49195,WISEA J234440.81+010653.6,23h44m40.8155s,+01d06m53.626s,356.1700647,1.1148961,G,17653.4935407299,0.058885716,SLS,49.4623034397681,3,0,38,6,1,4,0,0,0,1
49289,[HB89] 2340+008 NED01,23h42m54.9773s,+01d08m04.691s,355.7290721,1.1346366,QSO,410130.472581984,1.368048,SLS,49.5070071901591,29,0,22,9,13,4,0,1,0,1
49298,WISEA J234438.68+010706.9,23h44m38.6811s,+01d07m06.906s,356.1611713,1.1185851,G,34697.6463192916,0.11573889,SLS,49.5113659912321,6,0,43,6,3,6,1,0,1,1
49334,WISEA J234047.35-000436.5,23h40m47.4013s,-00d04m36.149s,355.1975056797,-0.0767082165,G,213323.31933906,0.71157,SLS,49.5311356159064,2,0,31,3,1,4,0,0,0,1
49367,SDSS J234649.22+003420.8,23h46m49.2274s,+00d34m20.821s,356.705114437,0.5724505125,G,207681.2252795,0.69275,SLS,49.5485892516951,2,0,19,2,1,4,0,0,0,1
49406,SDSS J234155.20-002216.7,23h41m55.2720s,-00d22m16.780s,355.4803,-0.37132787,QSO,299194.989618753,0.99800706,SLS,49.5628481619484,20,0,15,9,12,4,0,0,0,1
49421,WISEA J234519.86-002256.0,23h45m19.8648s,-00d22m56.020s,356.33277,-0.38222799,G,57523.3074429118,0.1918771,SLS,49.5731471138694,1,0,36,6,1,4,0,0,0,1
49433,SDSS J234033.36+000252.9,23h40m33.3600s,+00d02m52.982s,355.139,0.048050589,G,20722.0863980995,0.06912144,SLS,49.5783381857156,4,0,15,2,1,4,0,0,0,1
49556,WISEA J234648.03+003535.4,23h46m48.0144s,+00d35m35.703s,356.70006,0.593251,*,67.6558158533036,0.00022567551,SLS,49.6402443217795,0,0,24,5,1,4,0,0,0,1
49606,WISEA J234443.18+010654.6,23h44m43.1823s,+01d06m54.694s,356.1799266,1.1151928,G,117223.051170337,0.39101401,SUN,49.6651091900331,6,0,53,6,4,8,0,0,0,1
49611,WISEA J234612.53-001152.8,23h46m12.5359s,-00d11m52.874s,356.5522332,-0.1980207,G,82303.8822079796,0.2745362,SLS,49.6667572725641,1,0,31,4,1,4,0,0,0,1
49657,WISEA J234021.46+001610.0,23h40m21.4680s,+00d16m10.087s,355.0894503,0.2694688,G,39941.2202685831,0.13322957,SLS,49.6938802112132,23,0,68,14,12,10,1,1,1,1
49845,WISEA J234040.36-000146.4,23h40m40.3670s,-00d01m46.411s,355.1681961,-0.0295586,*,17.0978543017708,5.7032303e-05,SLS,49.7752392480531,0,0,23,4,1,4,0,0,0,1
49870,WISEA J234658.54+002230.3,23h46m58.5488s,+00d22m30.304s,356.7439536,0.3750846,QSO,377866.658355795,1.2604275,SLS,49.7821286968052,29,0,42,12,14,4,0,0,0,1
49973,WISEA J234606.93+005327.8,23h46m06.8664s,+00d53m27.873s,356.52861,0.891076,G,10100.9588516968,0.033693172,SLS,49.8336840274739,1,0,36,6,1,4,0,0,0,1
50079,WISEA J234336.13-003001.7,23h43m36.1357s,-00d30m01.770s,355.9005656,-0.5004919,G,43296.6653422955,0.14442213,SLS,49.8874724263757,11,0,63,7,5,10,1,0,1,1
50081,WISEA J234659.02+001727.1,23h46m59.0240s,+00d17m27.121s,356.7459337,0.290867,G,139455.656857692,0.465174,SLS,49.8879571643687,3,0,27,3,1,4,0,0,0,1
50188,SDSS J234127.90-001740.6,23h41m27.9073s,-00d17m40.697s,355.3662806268,-0.2946382007,G,117737.49203034,0.39273,SLS,49.9393929466323,2,0,19,2,1,4,0,0,0,1
50190,WISEA J234020.48+002332.4,23h40m20.4828s,+00d23m32.461s,355.085345,0.3923505,G,40242.8084834065,0.13423556,SLS,49.939889564383,10,0,66,8,6,10,0,0,1,1
50304,WISEA J234032.00+000234.6,23h40m32.0082s,+00d02m34.675s,355.1333678,0.0429655,G,20792.4464888223,0.069356136,SLS,50.0005751908666,12,0,64,8,7,10,0,0,1,1
50328,WISEA J234105.76+005147.3,23h41m05.8246s,+00d51m48.301s,355.2742694867,0.8634170893,G,251813.67302168,0.83996,SLS,50.0080282021849,2,0,33,4,1,3,0,0,0,1
50411,WISEA J234639.72-000204.3,23h46m39.6960s,-00d02m04.218s,356.6654,-0.034505248,*,9.35296347811862,3.1198128e-05,SLS,50.0538726830752,0,0,23,4,1,4,0,0,0,1
50452,WISEA J234025.64+003218.6,23h40m25.6768s,+00d32m17.918s,355.1069870414,0.5383106875,G,189010.15099526,0.63047,SLS,50.0763497699715,2,0,31,3,1,4,0,0,0,1
50506,WISEA J234613.69-001214.2,23h46m13.6824s,-00d12m13.903s,356.55701,-0.203862,G,7985.87239558137,0.026638003,SLS,50.1112334841958,2,0,36,7,2,4,0,0,0,1
50566,WISEA J234428.34+010829.6,23h44m28.3428s,+01d08m29.667s,356.118095,1.1415742,G,36189.7703433246,0.12071608,SLS,50.141186004603,15,0,66,9,6,10,0,1,1,1
50590,WISEA J234135.08-001926.9,23h41m35.1245s,-00d19m27.696s,355.3963521026,-0.3243601604,G,245847.80310748,0.82006,SLS,50.1530928254305,2,0,21,3,1,4,0,0,0,1
50630,WISEA J234018.96+001903.6,23h40m19.0344s,+00d19m05.214s,355.07931,0.31811509,WD*,49.0622079402108,0.00016365391,SLS,50.1713950156729,2,0,24,6,2,4,0,0,0,1
50722,SDSS J234038.86-000200.5,23h40m38.8666s,-00d02m00.544s,355.1619445092,-0.0334845155,G,132388.3494528,0.4416,SLS,50.2154461389354,2,0,23,3,1,4,0,0,0,1
50858,WISEA J234632.60+004532.1,23h46m32.6000s,+00d45m32.128s,356.6358335,0.7589247,G,57406.1695357975,0.19148637,SLS,50.2789035870416,1,0,34,5,1,4,0,0,0,1
50880,WISEA J234423.49+010856.1,23h44m23.4900s,+01d08m56.120s,356.0978752,1.1489224,G,110136.60801285,0.36737618,SLS,50.2911231297493,3,0,53,6,4,8,0,0,0,1
50910,WISEA J234301.78-002933.3,23h43m01.7833s,-00d29m33.395s,355.7574308,-0.4926099,*,47.4673000719525,0.00015833387,SLS,50.3076939204113,0,0,22,4,1,4,0,0,0,1
50933,WISEA J234034.71+003940.8,23h40m34.7175s,+00d39m40.830s,355.1446564,0.6613417,G,58824.3647396877,0.19621696,SLS,50.3163907062601,1,0,28,4,1,4,0,0,0,1
50987,WISEA J234018.40+002121.3,23h40m18.4030s,+00d21m21.385s,355.0766792,0.3559403,G,35761.0281553651,0.11928595,SLS,50.3458818808818,10,0,54,7,5,8,1,0,0,1
51013,WISEA J234140.01+010021.7,23h41m40.0188s,+01d00m21.792s,355.416745,1.0060535,G,27186.6280890121,0.09068483,SLS,50.3628045092084,10,0,62,7,5,8,0,0,0,1
51040,SDSS J234057.75+004950.2,23h40m57.7530s,+00d49m50.291s,355.2406376604,0.8306365328,G,212265.05196232,0.70804,SLS,50.3814318959702,2,0,15,1,1,4,0,0,0,1
51061,WISEA J234302.65-002940.1,23h43m02.6684s,-00d29m40.828s,355.7611185839,-0.4946745589,G,199667.77287716,0.66602,SLS,50.3882379773158,3,0,34,5,2,4,0,0,0,1
51103,WISEA J234651.45+000415.3,23h46m51.4519s,+00d04m15.342s,356.7143829,0.0709284,*,31.5165590401896,0.000105127925,SLS,50.4103126172552,0,0,23,4,1,4,0,0,0,1
51125,WISEA J234618.40-001116.2,23h46m18.4010s,-00d11m16.272s,356.5766712,-0.1878534,G,79311.3179171286,0.26455408,SLS,50.424633592109,1,0,31,4,1,4,0,0,0,1
51184,WISEA J234549.96+005822.7,23h45m49.9683s,+00d58m22.755s,356.4582016,0.9729876,G,24048.4006386681,0.08021683,SLS,50.4477071031035,11,0,71,9,5,10,0,0,1,1
51190,2MASX J23435884-0030226,23h43m58.8720s,-00d30m22.339s,355.9953,-0.50620541,G,54181.284077544,0.18072931,SLS,50.4505136668688,18,0,54,8,10,10,0,0,1,1
51259,2MASS J23415314-0023014,23h41m53.1528s,-00d23m01.571s,355.47147,-0.38376984,G,83575.0022298996,0.2787762,SLS,50.4765021488255,9,0,44,9,7,8,0,0,0,1
51282,WISEA J234701.03+001558.8,23h47m01.0506s,+00d15m58.147s,356.754377607,0.2661519609,G,253021.83662742,0.84399,SLS,50.4863572109389,4,0,43,4,1,4,0,0,0,1
51331,WISEA J234046.00+004538.8,23h40m46.0010s,+00d45m38.719s,355.1916708677,0.7607552955,G,166171.96154482,0.55429,SLS,50.5067008777854,2,0,31,3,1,4,0,0,0,1
51431,WISEA J234543.64+005947.7,23h45m43.6431s,+00d59m47.700s,356.4318465,0.9965834,G,18197.9034535898,0.060701672,SLS,50.5527756498564,8,0,56,8,5,8,0,0,0,1
51460,WISEA J234050.70+004738.0,23h40m50.7062s,+00d47m38.097s,355.2112761,0.7939159,*,41.779883388592,0.00013936269,SLS,50.564333500231,0,0,23,4,1,4,0,0,0,1
51464,WISEA J234212.60-002547.2,23h42m12.6087s,-00d25m47.266s,355.5525363,-0.4297961,G,40108.6513584515,0.13378806,SLS,50.565343743449,9,0,58,8,5,8,0,0,0,1
51465,WISEA J234539.70+010033.3,23h45m39.7077s,+01d00m33.363s,356.4154489,1.0092675,G,234861.009106696,0.783412,SUN,50.5664430174834,11,0,25,8,7,4,0,0,0,1
51495,WISEA J234633.01+004556.3,23h46m33.0416s,+00d45m56.753s,356.6376734194,0.7657647427,G,180960.72349796,0.60362,SLS,50.5843046268982,2,0,35,4,1,4,0,0,0,1
51497,WISEA J234018.39+002458.6,23h40m18.3961s,+00d24m58.613s,355.0766504,0.4162816,G,40286.6141573694,0.13438168,SLS,50.5853772245146,1,0,35,5,1,4,0,0,0,1
51558,SDSS J234652.81+003503.8,23h46m52.8128s,+00d35m03.803s,356.7200535785,0.5843899005,G,222218.16156792,0.74124,SLS,50.6170057553175,2,0,19,2,1,4,0,0,0,1
51628,WISEA J234017.22+002135.4,23h40m17.2257s,+00d21m35.438s,355.071774,0.3598439,G,35365.0233038192,0.11796502,SLS,50.647555524855,3,0,42,8,2,4,0,0,0,1
51680,WISEA J234619.64+005058.2,23h46m19.6430s,+00d50m58.264s,356.5818462,0.849518,G,136976.31327154,0.4569038,SLS,50.6675767645639,1,0,27,3,1,4,0,0,0,1
51708,WISEA J234647.05+003916.0,23h46m46.9703s,+00d39m15.547s,356.695709665,0.6543186412,G,226990.85749928,0.75716,SLS,50.6797021750166,2,0,31,3,1,4,0,0,0,1
51731,SDSS J234610.11-001408.9,23h46m10.1141s,-00d14m08.944s,356.5421424071,-0.235818001,G,253129.7619123,0.84435,SLS,50.6946921503083,2,0,18,2,1,4,0,0,0,1
51732,WISEA J234326.28-003044.0,23h43m26.2809s,-00d30m44.024s,355.8595038,-0.5122289,G,19000.2643906715,0.06337806,SLS,50.6948557414236,2,0,21,6,2,0,0,0,0,1
51736,WISEA J234631.27+004652.6,23h46m31.2739s,+00d46m52.601s,356.6303081,0.7812782,G,122396.230852565,0.40826988,SLS,50.6962601280465,2,0,27,3,1,4,0,0,0,1
51805,SDSS J234057.26-001033.7,23h40m57.2660s,-00d10m33.756s,355.2386086635,-0.1760434646,G,120126.8379206,0.4007,SLS,50.734222197099,2,0,19,2,1,4,0,0,0,1
51875,WISEA J234024.37+000557.4,23h40m24.3796s,+00d05m57.450s,355.1015817,0.0992917,*,2.74186854390516,9.145889e-06,SLS,50.767536338802,0,0,23,4,1,3,0,0,0,1
51896,WISEA J234203.28+010432.5,23h42m03.2882s,+01d04m32.594s,355.5137009,1.0757206,G,124902.052108607,0.4166284,SLS,50.7773712755708,4,0,53,6,4,8,0,0,0,1
51922,WISEA J234528.74-002300.1,23h45m28.7484s,-00d23m00.132s,356.369785,-0.38337,*,10.7880202090166,3.5984962e-05,SLS,50.7890105557675,0,0,22,4,1,4,0,0,0,1
52010,WISEA J234658.97+000946.6,23h46m58.9713s,+00d09m46.618s,356.7457141,0.1629496,QSO,310507.430179115,1.0357413,SLS,50.8255460915454,6,0,25,6,4,4,0,0,0,1
52023,WISEA J234306.23+010959.0,23h43m06.2376s,+01d09m59.380s,355.77599,1.1664945,G,87232.0804873042,0.2909749,SLS,50.8326322258821,1,0,31,4,1,4,0,0,0,1
52062,WISEA J234207.54-002528.8,23h42m07.5466s,-00d25m28.809s,355.5314442,-0.4246694,G,40014.7503647567,0.13347484,SLS,50.8486089357605,10,0,71,9,4,10,0,0,1,1
52086,WISEA J234358.38-003047.6,23h43m58.3850s,-00d30m47.670s,355.993271,-0.5132418,G,54290.3935426331,0.18109326,SLS,50.8594776240379,1,0,36,6,1,4,0,0,0,1
52174,SDSS J234655.82+003332.9,23h46m55.8263s,+00d33m32.996s,356.7326097291,0.5591656722,G,135185.41308594,0.45093,SLS,50.9081207343212,2,0,19,2,1,4,0,0,0,1
52188,WISEA J234110.91+005439.0,23h41m10.9712s,+00d54m38.225s,355.2957136841,0.9106183072,G,151341.22864756,0.50482,SLS,50.9164244683748,2,0,31,3,1,4,0,0,0,1
52278,WISEA J234236.92-002837.9,23h42m36.9251s,-00d28m37.970s,355.6538547,-0.4772141,G,10987.6822858371,0.036650963,SLS,50.9595383291783,13,0,62,11,7,8,0,0,1,1
52458,2MASX J23402394+0005230,23h40m23.9155s,+00d05m22.974s,355.099648,0.089715,G,35836.9326078061,0.11953914,SLS,51.0390385393814,16,0,64,11,9,10,0,0,1,1
52535,SDSS J234021.11+003151.8,23h40m21.1174s,+00d31m51.890s,355.0879892709,0.531080765,G,182504.65465666,0.60877,SLS,51.0774325492311,2,0,19,2,1,4,0,0,0,1
52541,WISEA J234016.91+001335.6,23h40m16.9127s,+00d13m35.618s,355.0704698,0.2265606,QSO,568453.567783906,1.896157,SLS,51.0807881017163,24,0,25,9,11,4,0,1,0,1
52548,WISEA J234431.32+010916.6,23h44m31.3287s,+01d09m16.650s,356.1305364,1.154625,G,34726.5028423364,0.115835145,SLS,51.0846589322397,9,0,63,7,6,10,0,0,1,1
52669,WISEA J234045.72+004646.1,23h40m45.7209s,+00d46m46.146s,355.190504,0.7794852,G,48989.2564434811,0.16341057,SLS,51.1492434760341,1,0,36,6,1,4,0,0,0,1
52743,WISEA J234015.52+002339.1,23h40m15.5227s,+00d23m39.187s,355.064678,0.3942187,G,39493.0905023647,0.13173477,SLS,51.1847765931731,2,0,36,6,1,4,0,0,0,1
52799,WISEA J234021.58+003252.6,23h40m21.5897s,+00d32m52.676s,355.0899572,0.5479658,G,80830.0964886024,0.26962018,SLS,51.2109345514231,1,0,27,3,1,4,0,0,0,1
52813,WISEA J234649.43+003910.4,23h46m49.4321s,+00d39m10.406s,356.7059673,0.6528907,*,32.0796307337675,0.00010700613,SLS,51.2163757746528,0,0,23,4,1,4,0,0,0,1
52836,WISEA J234014.98+002205.2,23h40m14.9868s,+00d22m05.201s,355.062445,0.3681114,G,35821.3433999901,0.11948714,SLS,51.2261964209087,1,0,42,7,1,4,0,0,0,1
52872,GALEXMSC J234043.32-000619.8,23h40m43.5370s,-00d06m20.768s,355.18140416667,-0.10576888889,G,146289.72573026,0.48797,SLS,51.2426370377334,2,0,4,2,1,0,0,0,0,1
52874,SDSS J234646.81-000104.2,23h46m46.8119s,-00d01m04.218s,356.6950498608,-0.0178383636,G,107613.50072368,0.35896,SLS,51.2427246874527,2,0,15,1,1,4,0,0,0,1
52880,WISEA J234610.66+005430.8,23h46m10.6693s,+00d54m30.895s,356.5444558,0.9085822,G,27821.5375503383,0.09280266,SLS,51.2441598922293,2,0,13,4,1,0,0,0,0,1
52960,WISEA J234703.36+002559.0,23h47m03.3691s,+00d25m59.019s,356.7640381,0.4330609,G,83329.5801320825,0.27795756,SLS,51.2842688523664,2,0,34,5,1,4,0,0,0,1
53001,WISEA J234509.24-002618.9,23h45m09.2433s,-00d26m18.904s,356.2885139,-0.4385846,*,4.01020499285263,1.3376604e-05,SLS,51.3062571801159,0,0,22,4,1,3,0,0,0,1
53050,WISEA J234029.61+003915.6,23h40m29.6109s,+00d39m15.687s,355.1233789,0.6543577,G,40222.2277311648,0.13416691,SLS,51.3322248517517,7,0,62,9,5,8,0,0,0,1
53073,WISEA J234520.74+010433.3,23h45m20.7404s,+01d04m33.368s,356.3364187,1.0759358,G,137722.08298591,0.45939142,SLS,51.3479158847173,4,0,33,4,1,4,0,0,0,1
53121,WISEA J234014.22+002036.4,23h40m14.2320s,+00d20m35.120s,355.0593,0.34308888889,G,167565.99647452,0.55894,SLS,51.3713706433398,2,0,20,4,1,0,0,0,0,1
53132,WISEA J234207.49-002603.7,23h42m07.4941s,-00d26m03.788s,355.5312254,-0.4343856,G,40092.0218708062,0.13373259,SLS,51.3748781116509,1,0,34,5,1,4,0,0,0,1
53173,WISEA J234450.41+010806.6,23h44m50.4194s,+01d08m06.661s,356.210081,1.1351838,G,17974.2516844877,0.05995565,SLS,51.3969659279311,8,0,55,7,4,8,0,0,0,1
53246,SDSS J234117.73-001722.5,23h41m17.7336s,-00d17m22.508s,355.3238901448,-0.289585694,G,251714.74151054,0.83963,SLS,51.4329804745435,2,0,18,2,1,3,0,0,0,1
53268,WISEA J234456.12+010736.9,23h44m56.1245s,+01d07m36.912s,356.2338521,1.1269202,G,17602.121105127,0.058714356,SLS,51.4440931346327,21,0,78,12,9,10,1,1,1,1
53288,WISEA J234620.38-001217.4,23h46m20.4421s,-00d12m17.197s,356.5851757617,-0.2047769786,G,271513.03543686,0.90567,SLS,51.4550965722131,2,0,27,2,1,4,0,0,0,1
53407,WISEA J234635.30+004648.6,23h46m35.3028s,+00d46m48.670s,356.6470953,0.7801861,*,25.6366666050195,8.5514715e-05,SLS,51.5168594774953,0,0,23,4,1,3,0,0,0,1
53438,SDSS J234030.46-000034.5,23h40m30.4611s,-00d00m34.506s,355.1269214821,-0.0095851167,G,114184.95140304,0.38088,SLS,51.5302747038,2,0,15,1,1,4,0,0,0,1
53496,SDSS J234013.61+001750.1,23h40m13.6197s,+00d17m50.181s,355.0567487647,0.2972726333,G,137247.98519698,0.45781,SLS,51.558632218953,2,0,19,2,1,4,0,0,0,1
53538,WISEA J234016.29+001111.1,23h40m16.2911s,+00d11m11.176s,355.0678798,0.1864379,QSO,807679.345224361,2.6941283,SLS,51.5844273724287,29,0,18,12,14,4,0,1,0,1
53589,SDSS J234022.59+003511.3,23h40m22.5902s,+00d35m11.389s,355.0941259397,0.5864971865,G,287288.11457682,0.95829,SLS,51.6083019532435,2,0,18,2,1,4,0,0,0,1
53599,WISEA J234654.49+000245.1,23h46m54.5011s,+00d02m45.079s,356.7270881595,0.0458553342,G,85057.11618376,0.28372,SLS,51.6144644150036,2,0,35,4,1,4,0,0,0,1
53633,SDSS J234013.56+002301.6,23h40m13.5672s,+00d23m01.633s,355.05653,0.383787,G,27960.7581699089,0.09326705,SLS,51.6300449876591,2,0,24,5,1,4,0,0,0,1
53647,WISEA J234014.43+002535.4,23h40m14.4348s,+00d25m35.480s,355.0601452,0.4265223,G,20405.1458115019,0.06806424,SLS,51.6353398635335,13,0,37,9,6,5,0,0,0,1
53680,WISEA J234609.45-001544.0,23h46m09.4583s,-00d15m44.081s,356.5394098,-0.2622449,G,211476.59779778,0.70541,SLS,51.6524974179973,3,0,21,3,1,4,0,0,0,1
53705,SDSS J234505.13-002711.5,23h45m05.1387s,-00d27m11.569s,356.2714115166,-0.4532138002,G,199706.7458967,0.66615,SLS,51.6648489096532,2,0,23,3,1,4,0,0,0,1
53753,WISEA J234337.78+011132.2,23h43m37.7890s,+01d11m32.221s,355.9074543,1.1922836,G,137973.863681762,0.46023127,SLS,51.6892232038446,3,0,29,4,2,4,0,0,0,1
53837,2MASS J23445708+0107491,23h44m57.0844s,+01d07m49.112s,356.237852,1.130309,G,6.97551515134681,2.3267814e-05,SLS,51.7222041852614,0,0,12,4,1,4,0,0,0,1
53943,SDSS J234130.54-002037.5,23h41m30.5418s,-00d20m37.582s,355.3772578606,-0.3437727706,G,111933.51004346,0.37337,SLS,51.7777709273229,2,0,19,2,1,4,0,0,0,1
53955,WISEA J234620.34-001252.4,23h46m20.2637s,-00d12m52.049s,356.5844324523,-0.2144582348,G,233295.49289102,0.77819,SLS,51.7852929330406,2,0,27,2,1,4,0,0,0,1
54063,MCG +00-60-030,23h40m19.8546s,+00d06m01.472s,355.0827278,0.1004089,G,18171.5355077388,0.060613718,SLS,51.8385869201755,24,0,73,14,9,11,0,1,2,1
54098,WISEA J234410.62-003125.6,23h44m10.6208s,-00d31m25.686s,356.0442534,-0.5238017,QSO,128318.16917997,0.42802334,SLS,51.8574835433523,13,0,35,7,7,4,0,0,0,1
54206,SDSS J234707.18+001737.6,23h47m07.1804s,+00d17m37.619s,356.7799184834,0.2937831242,G,168378.4340357,0.56165,SLS,51.9169565322029,2,0,23,3,1,4,0,0,0,1
54267,WISEA J234205.61+010610.0,23h42m05.6192s,+01d06m10.051s,355.5234134,1.102792,*,14.4650505538785,4.8250215e-05,SLS,51.9462907523957,0,0,23,4,1,4,0,0,0,1
54298,WISEA J234012.69+002432.8,23h40m12.6988s,+00d24m32.891s,355.0529117,0.4091364,G,20348.8327961912,0.0678764,SLS,51.9620416268377,16,0,73,11,7,10,0,0,1,1
54360,WISEA J234126.75+005945.7,23h41m26.6179s,+00d59m47.911s,355.36090791667,0.99664194444,G,181518.33746984,0.60548,SLS,51.9870227689308,2,0,16,3,1,0,0,0,0,1
54361,GALEXMSC J234700.40+003330.1,23h47m00.3530s,+00d33m30.510s,356.75147083333,0.558475,G,6622.41539722,0.02209,SLS,51.9879967329368,2,0,4,2,1,0,0,0,0,1
54368,WISEA J234601.54+005752.4,23h46m01.5472s,+00d57m52.440s,356.5064467,0.9645669,G,27811.9022207382,0.09277052,SLS,51.9922281848259,1,0,34,5,1,4,0,0,0,1
54416,WISEA J234600.43+005809.4,23h46m00.4374s,+00d58m09.486s,356.5018225,0.9693018,*,1.47614787409148,4.9238993e-06,SLS,52.0122843932058,0,0,23,4,1,4,0,0,0,1
54523,WISEA J234244.96+011005.1,23h42m44.9687s,+01d10m05.102s,355.6873699,1.1680839,*,6.79645840974961,2.2670545e-05,SLS,52.0647897476162,0,0,23,4,1,4,0,0,0,1
54562,WISEA J234026.39+000025.1,23h40m26.3929s,+00d00m25.182s,355.1099708,0.0069951,G,114077.02611816,0.38052,SLS,52.0863166985717,2,0,27,2,1,4,0,0,0,1
54631,SDSS J234040.30-000642.4,23h40m40.3001s,-00d06m42.447s,355.1679171911,-0.1117908357,QSO,182213.8559724,0.6078,SLS,52.1229328738101,6,0,11,2,1,3,0,0,0,1
54645,WISEA J234707.19+001441.6,23h47m07.1921s,+00d14m41.359s,356.77996708333,0.24482194444,G,232012.38117078,0.77391,SLS,52.1284507776857,2,0,19,4,1,0,0,0,0,1
54718,WISEA J234453.92-002854.6,23h44m53.9496s,-00d28m54.425s,356.22479,-0.48178481,QSO,470060.783690932,1.567954,SLS,52.1709705949332,19,0,21,9,10,0,0,0,0,1
54765,WISEA J234700.57+000538.8,23h47m00.6024s,+00d05m38.798s,356.75251,0.094110568,QSO,338504.987873244,1.1291311,SLS,52.1949099611678,25,0,32,10,11,4,0,0,0,1
54804,WISEA J234701.67+003309.4,23h47m01.6714s,+00d33m09.404s,356.7569644,0.5526124,G,6643.36309543029,0.022159874,SLS,52.2153658564995,15,0,65,11,7,8,0,0,0,1
54849,WISEA J234208.15-002706.5,23h42m08.1524s,-00d27m06.583s,355.5339687,-0.4518286,G,40473.1390288879,0.13500386,SLS,52.2399771650773,12,0,62,9,5,8,0,0,0,1
54882,SDSS J234703.56+000818.1,23h47m03.5666s,+00d08m18.169s,356.7648610177,0.1383803577,G,177126.37796014,0.59083,SLS,52.2579399561227,2,0,19,2,1,4,0,0,0,1
54937,WISEA J234649.76+004140.5,23h46m49.7693s,+00d41m40.509s,356.7073723,0.6945859,G,135814.455608863,0.45302826,SLS,52.2881128581882,1,0,36,6,1,4,0,0,0,1
55114,WISEA J234112.21+005703.1,23h41m12.2187s,+00d57m03.118s,355.3009113,0.9508662,G,54414.0459398598,0.18150572,SLS,52.3757933250679,1,0,42,7,1,4,0,0,0,1
55154,WISEA J234623.18+005238.2,23h46m23.1821s,+00d52m38.232s,356.5965924,0.8772869,G,27232.4915384068,0.090837814,SLS,52.3947016170571,11,0,59,7,3,8,0,0,0,1
55169,SDSS J234709.29+001858.0,23h47m09.2928s,+00d18m58.040s,356.78872,0.31612228,WD*,6.9637405027664,2.3228538e-05,SLS,52.4048027129951,1,0,13,5,2,4,0,0,0,1
55196,WISEA J234618.85+005358.4,23h46m18.8522s,+00d53m58.405s,356.5785509,0.8995572,G,85128.9014878281,0.28395945,SLS,52.4147179131963,1,0,36,6,1,4,0,0,0,1
55245,WISEA J234704.42+000823.6,23h47m04.3971s,+00d08m24.312s,356.768321623,0.1400867401,G,194625.2637336,0.6492,SLS,52.4380188852497,2,0,31,3,1,4,0,0,0,1
55258,WISEA J234632.79-000946.5,23h46m32.7951s,-00d09m46.595s,356.6366464,-0.1629432,G,22078.7414053813,0.073646754,SLS,52.4436848534267,2,0,36,7,2,4,0,0,0,1
55295,SDSS J234120.90-001929.7,23h41m20.9094s,-00d19m29.744s,355.3371227932,-0.3249290683,G,148451.22935244,0.49518,SLS,52.4595068883276,2,0,19,2,1,3,0,0,0,1
55368,GALEXMSC J234058.83+005335.3,23h40m58.8300s,+00d53m35.649s,355.245125,0.89323583333,G,234338.77064486,0.78167,SLS,52.49682931865,2,0,3,2,1,0,0,0,0,1
55430,WISEA J234704.38+000759.2,23h47m04.4160s,+00d08m00.912s,356.7684,0.13358693,G,57831.9078033278,0.19290648,SLS,52.5291058437694,2,0,35,5,1,4,0,0,0,1
55525,WISEA J234456.55+010847.7,23h44m56.5513s,+01d08m47.702s,356.2356308,1.1465841,G,17516.1733055506,0.058427665,SLS,52.5802586523904,16,0,54,10,5,6,0,1,1,1
55541,WISEA J234707.97+001231.1,23h47m08.0118s,+00d12m31.660s,356.7833826637,0.2087946157,G,165728.26870698,0.55281,SLS,52.5896336090443,2,0,35,4,1,4,0,0,0,1
55543,SDSS J234658.91+003645.2,23h46m58.9133s,+00d36m45.236s,356.7454721534,0.6125656042,G,222146.211378,0.741,SLS,52.5922232157003,2,0,18,2,1,3,0,0,0,1
55651,WISEA J234657.97+000206.4,23h46m57.9709s,+00d02m06.436s,356.7415456,0.0351213,G,194859.032898575,0.64997977,SLS,52.6472651319836,2,0,31,4,2,4,0,0,0,1
55673,WISEA J234200.49-002636.0,23h42m00.4924s,-00d26m36.007s,355.5020517,-0.4433355,*,58.3453533523707,0.00019461915,SLS,52.6567999998756,0,0,23,4,1,4,0,0,0,1
55812,WISEA J234024.11+000008.1,23h40m24.1187s,+00d00m08.160s,355.1004949,0.0022669,G,20984.9564169722,0.06999828,SLS,52.7196837488999,28,0,75,14,12,10,1,0,1,1
55861,WISEA J234659.17+003702.9,23h46m59.1504s,+00d37m02.931s,356.74646,0.617481,*,36.8684465055942,0.0001229799,SLS,52.7437635877868,0,0,17,3,1,4,0,0,0,1
55882,WISEA J234436.46+011039.6,23h44m36.4678s,+01d10m39.631s,356.1519494,1.1776755,G,18082.6686289988,0.06031729,SLS,52.7549365308015,10,0,58,7,5,8,0,0,0,1
55905,WISEA J234323.77-003246.1,23h43m23.7781s,-00d32m46.130s,355.8490758,-0.5461473,G,21119.4463115556,0.07044689,SLS,52.7691740538284,14,0,74,10,7,10,0,0,1,1
55995,WISEA J234621.70-001402.0,23h46m21.7043s,-00d14m02.061s,356.5904347,-0.2339059,G,72257.5401458662,0.24102521,SLS,52.8059936956659,1,0,32,5,1,4,0,0,0,1
56017,WISEA J234709.46+001340.0,23h47m09.5150s,+00d13m40.828s,356.78964583333,0.22800777778,G,165482.43889142,0.55199,SLS,52.8147070025276,2,0,16,3,1,0,0,0,0,1
56054,SDSS J234323.10-003249.0,23h43m23.1072s,-00d32m49.030s,355.84628,-0.546953,G,135455.235291914,0.45183003,SLS,52.8302848589989,4,0,15,2,1,4,0,0,0,1
56110,WISEA J234027.93-000224.5,23h40m27.9304s,-00d02m24.586s,355.116377,-0.0401629,G,329720.73908214,1.09983,SLS,52.857791689398,6,0,22,5,3,4,0,0,0,1
56125,SDSS J234028.26+004218.6,23h40m28.2686s,+00d42m18.601s,355.1177861933,0.7051670455,G,136921.21141776,0.45672,SLS,52.8642470650366,2,0,15,1,1,4,0,0,0,1
56145,WISEA J234025.85-000117.2,23h40m25.8504s,-00d01m17.259s,355.1077103,-0.021461,*,42.9679848830427,0.00014332577,SLS,52.8713366594605,0,0,23,4,1,4,0,0,0,1
56147,WISEA J234646.74+004431.6,23h46m46.7486s,+00d44m31.667s,356.694786,0.7421298,G,136576.210257094,0.4555692,SLS,52.8724133322317,5,0,27,5,2,4,0,0,0,1
56152,WISEA J234650.24+004248.1,23h46m50.2422s,+00d42m48.129s,356.7093427,0.7133693,G,18230.5031852652,0.060810413,SLS,52.8748697335668,12,0,62,9,5,8,0,0,0,1
56192,WISEA J234523.99+010552.3,23h45m23.9961s,+01d05m52.319s,356.3499841,1.0978665,G,17788.3857567919,0.059335668,SLS,52.8938918989313,11,0,73,10,7,10,0,0,1,1
56197,WISEA J234011.75+001004.8,23h40m11.7530s,+00d10m04.862s,355.0489712,0.1680173,G,18069.9256507791,0.060274784,SLS,52.8961157058289,14,0,65,8,5,10,0,0,1,1
56246,WISEA J234012.58+003048.0,23h40m12.5808s,+00d30m47.073s,355.05242,0.513076,QSO,569071.440039844,1.898218,SLS,52.9203571191522,26,0,22,9,13,4,0,1,0,1
56281,WISEA J234353.03-003258.9,23h43m53.0362s,-00d32m58.918s,355.9709845,-0.5496996,*,7.31001338303964,2.438358e-05,SLS,52.9370710851283,0,0,23,4,1,3,0,0,0,1
56316,WISEA J234311.13+011218.3,23h43m11.2224s,+01d12m19.084s,355.79676,1.2053012,G,90003.0711703719,0.30021793,SLS,52.9487891264417,2,0,31,5,2,4,0,0,0,1
56325,WISEA J234113.71+005813.2,23h41m13.7192s,+00d58m13.260s,355.3071637,0.9703501,G,54488.9490854911,0.18175557,SLS,52.953245984983,1,0,42,7,1,4,0,0,0,1
56344,WISEA J234701.63+003551.8,23h47m01.6363s,+00d35m51.803s,356.7568183,0.5977232,G,74485.9244675014,0.2484583,SLS,52.9613190598807,3,0,34,5,1,4,0,0,0,1
56546,[HB89] 2341+009,23h43m40.3464s,+01d12m54.603s,355.9181103,1.2151676,QSO,586145.519900318,1.955171,SLS,53.0603019416587,46,0,44,14,23,8,0,2,0,1
56557,WISEA J234012.71+000801.5,23h40m12.7291s,+00d08m03.811s,355.05303791667,0.13439194444,G,142176.5732065,0.47425,SLS,53.0677267057286,2,0,16,3,1,0,0,0,0,1
56569,WISEA J234703.41+000455.0,23h47m03.4199s,+00d04m55.069s,356.7642496,0.0819637,G,82518.7194792316,0.27525282,SLS,53.0734874357111,4,0,51,7,5,8,0,0,0,1
56580,WISEA J234514.80-002736.2,23h45m14.8069s,-00d27m36.275s,356.3116954,-0.4600766,G,20863.456529594,0.069593,SLS,53.0778842351565,9,0,58,8,4,8,0,0,0,1
56589,WISEA J234604.66+005838.1,23h46m04.6677s,+00d58m38.159s,356.519449,0.9772665,G,27993.2436806578,0.09337541,SLS,53.0815073547976,1,0,34,5,1,4,0,0,0,1
56618,WISEA J234011.43+003015.7,23h40m11.4385s,+00d30m15.711s,355.0476604,0.5043644,G,27916.3679006528,0.09311898,SLS,53.0948565738146,1,0,36,6,1,4,0,0,0,1
56677,WISEA J234607.50+005800.8,23h46m07.5068s,+00d58m00.845s,356.5312786,0.9669015,G,122423.937671533,0.4083623,SLS,53.1200359848498,4,0,27,3,1,4,0,0,0,1
56745,WISEA J234010.46+001024.8,23h40m10.4638s,+00d10m24.880s,355.0435995,0.1735778,G,17902.7541811793,0.05971716,SLS,53.1526571146938,20,0,56,16,8,6,4,0,1,1
56758,SDSS J234533.86+010441.8,23h45m33.8683s,+01d04m41.849s,356.3911179783,1.0782914842,G,39755.47785538,0.13261,SLS,53.1583766301558,2,0,19,2,1,4,0,0,0,1
56762,WISEA J234344.12+011300.0,23h43m44.1261s,+01d13m00.002s,355.933859,1.2166673,G,18242.577926096,0.06085069,SLS,53.1615529714099,9,0,58,8,5,8,0,0,0,1
56832,WISEA J234055.18+005335.7,23h40m55.1884s,+00d53m35.736s,355.2299518,0.89326,G,25217.6271999631,0.08411695,SLS,53.1983278107914,1,0,42,7,1,4,0,0,0,1
56923,SDSS J234647.76-000507.3,23h46m47.7623s,-00d05m07.379s,356.6990099476,-0.0853831785,G,250731.4222483,0.83635,SLS,53.2362389198569,2,0,23,3,1,4,0,0,0,1
57110,SDSS J234650.19+004351.7,23h46m50.1950s,+00d43m51.753s,356.7091459247,0.7310426042,G,142095.62924284,0.47398,SLS,53.3331167407573,2,0,15,1,1,4,0,0,0,1
57252,WISEA J234421.06+011214.0,23h44m21.0601s,+01d12m14.019s,356.0877508,1.2038942,G,18317.2232502134,0.06109968,SLS,53.3942170006343,1,0,17,4,1,0,0,0,0,1
57289,WISEA J234400.72+011300.6,23h44m00.7292s,+01d13m00.648s,356.0030384,1.2168468,G,59624.3279366903,0.19888535,SLS,53.4200822270414,1,0,32,5,1,4,0,0,0,1
57297,WISEA J234556.44+010054.7,23h45m56.4725s,+01d00m54.028s,356.4853024168,1.015007769,G,217112.69600818,0.72421,SLS,53.4241240753946,2,0,30,3,1,4,0,0,0,1
57371,WISEA J234255.14+011208.1,23h42m55.1425s,+01d12m08.190s,355.7297607,1.2022751,*,36.6431404817089,0.00012222836,SLS,53.4596978879582,0,0,23,4,1,4,0,0,0,1
57415,WISEA J234709.43+003019.4,23h47m09.4737s,+00d30m19.877s,356.789474108,0.5055215952,G,183170.19391342,0.61099,SLS,53.4791961109223,2,0,31,3,1,4,0,0,0,1
57476,SDSS J234713.12+001550.9,23h47m13.1280s,+00d15m50.972s,356.8047003906,0.2641590477,G,321230.61667158,1.07151,SLS,53.5060646963596,2,0,19,2,1,4,0,0,0,1
57501,WISEA J234023.12-000120.1,23h40m23.1230s,-00d01m20.150s,355.0963459,-0.022264,G,242355.22097178,0.80841,SLS,53.5160834560452,2,0,31,3,1,4,0,0,0,1
57720,WISEA J234006.22+001442.0,23h40m06.2050s,+00d14m42.323s,355.0258543532,0.2450899154,G,144646.86306042,0.48249,SLS,53.6204255844313,2,0,35,4,1,4,0,0,0,1
57726,WISEA J234339.59-003346.3,23h43m39.5926s,-00d33m46.352s,355.9149693,-0.5628758,G,20865.0439306591,0.069598295,SLS,53.622554876017,1,0,36,6,1,4,0,0,0,1
57769,SDSS J234010.42+003141.5,23h40m10.4280s,+00d31m41.520s,355.04345,0.5282,*,63.5839567427085,0.00021209325,SLS,53.6399956859875,0,0,8,3,1,4,0,0,0,1
57794,SDSS J234623.15-001454.6,23h46m23.1624s,-00d14m54.676s,356.59651,-0.24852132,*,6.5990501726284,2.2012062e-05,SLS,53.6500609706683,2,0,11,3,2,4,0,0,0,1
57800,SDSS J234057.01+005450.6,23h40m57.0182s,+00d54m50.632s,355.2375759279,0.9140644707,G,90666.23307294,0.30243,SLS,53.6511511603268,2,0,23,3,1,4,0,0,0,1
57921,WISEA J234544.45-002352.6,23h45m44.4509s,-00d23m52.696s,356.4352124,-0.3979713,*,32.376029541143,0.00010799481,SLS,53.7105621580585,0,0,23,4,1,4,0,0,0,1
57927,WISEA J234307.06+011256.4,23h43m07.0620s,+01d12m56.411s,355.779425,1.2156699,G,59539.4536939059,0.19860224,SLS,53.7134304231746,5,0,37,8,4,4,0,0,0,1
58070,SDSS J234114.30-001947.8,23h41m14.3040s,-00d19m47.810s,355.3096,-0.32994732,*,377290.367313782,1.2585052,SLS,53.7876076514035,2,0,13,4,1,4,0,0,0,1
58111,WISEA J234052.51+005344.6,23h40m52.5125s,+00d53m44.683s,355.2188021,0.8957453,*,16.7017166421659,5.571093e-05,SLS,53.8109276163031,0,0,23,4,1,4,0,0,0,1
58121,WISEA J234127.20-002233.7,23h41m27.2000s,-00d22m33.734s,355.3633337,-0.3760374,*,20.4306431600548,6.814929e-05,SLS,53.8149446601162,0,0,23,4,1,4,0,0,0,1
58205,SDSS J234011.41+003336.8,23h40m11.4135s,+00d33m36.803s,355.0475563675,0.5602232791,G,137194.02255454,0.45763,SLS,53.8583001436819,2,0,5,1,1,4,0,0,0,1
58314,WISEA J234211.61-002921.1,23h42m11.6140s,-00d29m21.121s,355.548392,-0.4892003,G,26673.3324361983,0.08897266,SLS,53.9052390019984,11,0,61,9,5,8,0,0,0,1
58404,SDSS J234701.48+003858.4,23h47m01.4811s,+00d38m58.441s,356.7561713563,0.6495670538,G,166219.9283381,0.55445,SLS,53.9468464591551,2,0,19,2,1,4,0,0,0,1
58415,WISEA J234059.52-001617.1,23h40m59.4676s,-00d16m17.529s,355.2477818391,-0.2715359771,G,160098.16634574,0.53403,SLS,53.9526705367409,2,0,31,3,1,4,0,0,0,1
58472,WISEA J234029.01-000528.8,23h40m29.0170s,-00d05m28.891s,355.1209044,-0.0913586,G,83196.6641479036,0.2775142,SLS,53.982999110216,0,0,12,2,1,0,0,0,0,1
58501,WISEA J234648.70-000616.6,23h46m48.7088s,-00d06m16.652s,356.7029534,-0.1046258,G,57848.0935981353,0.19296047,SLS,53.9944486514526,12,0,66,8,6,10,0,0,1,1
58506,WISEA J234715.53+002157.3,23h47m15.5332s,+00d21m57.345s,356.814722,0.3659293,G,82762.8104985352,0.27606702,SLS,53.9984000795036,1,0,37,5,1,4,0,0,0,1
58531,SDSS J234020.54+004047.7,23h40m20.5400s,+00d40m47.714s,355.0855837219,0.679920581,G,202899.5355744,0.6768,SLS,54.0142915927618,2,0,5,1,1,4,0,0,0,1
58598,SDSS J234049.93+005319.7,23h40m49.9391s,+00d53m19.742s,355.2080797921,0.8888174757,G,227395.57731758,0.75851,SLS,54.0536742475261,2,0,23,3,1,3,0,0,0,1
58726,WISEA J234636.17+005112.1,23h46m36.1754s,+00d51m12.136s,356.6507311,0.8533713,G,54589.4814883568,0.18209091,SLS,54.1222565450142,1,0,36,6,1,4,0,0,0,1
58731,WISEA J234015.46+000153.0,23h40m15.4728s,+00d01m53.126s,355.06447,0.031423968,G,94390.0301418725,0.31485125,SLS,54.124762578081,1,0,31,4,1,4,0,0,0,1
58883,SDSS J234017.72+000009.1,23h40m17.7216s,+00d00m09.161s,355.0738402976,0.0025447513,G,144871.70740392,0.48324,SLS,54.2001668546685,5,0,15,3,2,4,0,0,0,1
58902,WISEA J234521.21-002803.0,23h45m21.2115s,-00d28m03.033s,356.3383813,-0.4675094,*,0.429715224340471,1.4333757e-06,SLS,54.207837122401,0,0,23,4,1,4,0,0,0,1
58916,WISEA J234609.10+005908.8,23h46m09.1011s,+00d59m08.890s,356.5379216,0.9858029,G,27794.9054873318,0.092713825,SLS,54.2143156343279,27,0,84,18,15,10,1,1,1,1
58929,SDSS J234646.81-000733.8,23h46m46.8141s,-00d07m33.870s,356.6950590776,-0.1260751952,G,74810.20996932,0.24954,SLS,54.2196412030249,2,0,9,2,1,4,0,0,0,1
58932,WISEA J234640.86+004939.5,23h46m40.8695s,+00d49m39.593s,356.6702896,0.8276649,G,83031.1787110876,0.2769622,SLS,54.2199864845069,2,0,35,5,1,4,0,0,0,1
58950,WISEA J234527.65+010653.0,23h45m27.6538s,+01d06m53.092s,356.3652244,1.1147478,G,50450.0221764073,0.16828316,SLS,54.2266440341181,7,0,62,9,4,8,0,0,0,1
59005,WISEA J234019.42-000103.4,23h40m19.4253s,-00d01m03.456s,355.0809391,-0.0176269,G,20712.1317895316,0.069088235,SLS,54.2583780387248,13,0,60,9,7,8,0,0,0,1
59020,WISEA J234025.90+004418.9,23h40m25.9489s,+00d44m19.085s,355.1081206613,0.7386348286,G,112697.98081136,0.37592,SLS,54.2649922043525,2,0,35,4,1,4,0,0,0,1
59023,WISEA J234603.07+010034.0,23h46m03.0600s,+01d00m35.995s,356.51275,1.0099986,G,50590.1571629748,0.1687506,SLS,54.2666621827219,1,0,35,5,1,4,0,0,0,1
59024,WISEA J234335.62-003426.1,23h43m35.5944s,-00d34m24.492s,355.89831,-0.57347,G,7887.76741224808,0.02631076,SLS,54.2679071528849,2,0,36,7,2,4,0,0,0,1
59038,WISEA J234709.81+000611.9,23h47m09.8145s,+00d06m11.916s,356.790894,0.10331,*,28.5609108928244,9.5268944e-05,SLS,54.2731603546663,0,0,23,4,1,4,0,0,0,1
59100,WISEA J234141.49-002542.2,23h41m41.4987s,-00d25m42.256s,355.4229115,-0.4284046,*,23.080985366325,7.698988e-05,SLS,54.2991643607632,0,0,31,6,1,4,0,0,0,1
59122,WISEA J234230.50-003137.9,23h42m30.5039s,-00d31m37.937s,355.6270996,-0.5272049,*,4.64242801396263,1.5485473e-05,SLS,54.3109218598504,0,0,23,4,1,4,0,0,0,1
59169,WISEA J234255.94-003322.3,23h42m55.9448s,-00d33m22.382s,355.7331034,-0.5562173,G,105841.187670476,0.3530482,SLS,54.3354958421991,1,0,27,3,1,4,0,0,0,1
59331,SDSS J234339.47-003433.9,23h43m39.4753s,-00d34m33.983s,355.9144805323,-0.5761064428,G,84406.5665499,0.28155,SLS,54.4164157111991,2,0,19,2,1,4,0,0,0,1
59382,SDSS J234652.52-000526.3,23h46m52.5207s,-00d05m26.380s,356.71883623,-0.0906613462,G,208502.65661442,0.69549,SLS,54.4360766477672,2,0,15,1,1,4,0,0,0,1
59447,SDSS J234047.99-001340.4,23h40m47.9938s,-00d13m40.494s,355.1999744879,-0.2279151247,G,123088.78740564,0.41058,SLS,54.466412027524,2,0,19,2,1,4,0,0,0,1
59488,WISEA J234614.36+005814.7,23h46m14.3603s,+00d58m14.784s,356.5598349,0.9707735,QSO,378350.583341499,1.2620417,SLS,54.4891335068132,22,0,26,10,13,4,0,0,0,1
59525,FBQS J2344-0032,23h44m40.0285s,-00d32m31.663s,356.1667856,-0.5421287,QSO,150361.626811799,0.5015524,SLS,54.5058854787805,42,0,51,13,19,4,0,1,0,1
59538,WISEA J234608.71+005938.8,23h46m08.7139s,+00d59m38.857s,356.5363079,0.9941272,G,28680.394975715,0.0956675,SLS,54.5112106566905,1,0,32,5,1,4,0,0,0,1
59540,WISEA J234404.50+011400.4,23h44m04.4568s,+01d14m00.589s,356.01857,1.2334972,QSO,604070.830466037,2.0149634,SLS,54.5122527528134,21,0,18,6,11,4,0,1,0,1
59550,WISEA J234410.81+011348.6,23h44m10.8144s,+01d13m48.602s,356.0450603,1.2301674,*,49.3773317845129,0.00016470505,SLS,54.5177110787922,0,0,26,5,1,4,0,0,0,1
59609,WISEA J234017.16+004008.8,23h40m17.1655s,+00d40m08.899s,355.0715231,0.6691388,G,139577.636413003,0.46558088,SLS,54.5488945414123,8,0,29,6,5,4,0,0,0,1
59612,WISEA J234025.40-000459.6,23h40m25.4272s,-00d04m59.209s,355.1059468357,-0.0831136834,G,242625.03418398,0.80931,SLS,54.5501152959846,2,0,31,3,1,4,0,0,0,1
59648,WISEA J234521.62+010806.1,23h45m21.6275s,+01d08m06.183s,356.3401149,1.135051,G,67364.6034554515,0.22470413,SLS,54.5670962547884,7,0,58,8,4,8,0,0,0,1
59774,WISEA J234044.67-001250.6,23h40m44.6734s,-00d12m50.616s,355.1861395,-0.2140601,G,80636.5025109244,0.26897442,SLS,54.6214040802098,2,0,45,9,2,4,0,0,0,1
59796,WISEA J234502.08+011027.0,23h45m02.0808s,+01d10m27.006s,356.2586703,1.1741685,G,18030.8435067844,0.06014442,SLS,54.6301515995385,8,0,59,8,4,8,0,0,0,1
59861,SDSS J234044.63+005235.7,23h40m44.6339s,+00d52m35.769s,355.185974635,0.8766026181,G,187846.95625822,0.62659,SLS,54.658866895637,2,0,23,3,1,3,0,0,0,1
59878,WISEA J234654.55+004439.7,23h46m54.5523s,+00d44m39.762s,356.7273015,0.7443785,G,57362.3368805133,0.19134016,SLS,54.6664145382282,12,0,66,7,3,10,1,0,1,1
59900,FBQS J2342+0110,23h42m12.8311s,+01d10m01.887s,355.5534629,1.167191,QSO,321613.511598938,1.0727872,SLS,54.6784022146739,39,0,44,13,22,8,0,1,0,1
59901,GALEXASC J234712.43+003233.9,23h47m12.4260s,+00d32m33.939s,356.801775,0.54276083333,G,225722.73540194,0.75293,SLS,54.6789952234369,2,0,7,3,1,0,0,0,0,1
59921,SDSS J234001.02+002116.2,23h40m01.0249s,+00d21m16.219s,355.0042704742,0.3545054101,G,106756.0942938,0.3561,SLS,54.6862370412536,2,0,19,2,1,4,0,0,0,1
59928,WISEA J234650.80-000645.6,23h46m50.8328s,-00d06m45.584s,356.711803479,-0.112662423,G,54139.51999022,0.18059,SLS,54.6927262156169,2,0,31,3,1,4,0,0,0,1
59944,WISEA J234512.25-002942.9,23h45m12.2583s,-00d29m42.959s,356.3010763,-0.4952664,G,42893.9541334641,0.14307883,SLS,54.7011577805328,13,0,71,10,8,10,1,0,1,1
59969,WISEA J234120.65+010206.5,23h41m20.6513s,+01d02m06.526s,355.3360473,1.0351463,G,163439.413248642,0.5451752,SLS,54.7176846054786,6,0,29,5,3,4,0,0,0,1
60040,WISEA J234259.24-003357.4,23h42m59.2435s,-00d33m57.401s,355.7468479,-0.5659448,*,4.22379272913965,1.4089056e-05,SLS,54.7489966628896,0,0,23,4,1,3,0,0,0,1
60052,WISEA J234551.76+010331.9,23h45m51.7610s,+01d03m31.953s,356.465671,1.058876,*,1.78371985643884,5.949849e-06,SLS,54.7539835350047,0,0,23,4,1,4,0,0,0,1
60053,WISEA J234611.60+005917.8,23h46m11.6061s,+00d59m17.805s,356.5483588,0.9882794,G,27270.6239398946,0.09096501,SLS,54.7545178556461,12,0,55,6,3,8,1,0,0,1
60110,WISEA J234604.88+010052.4,23h46m04.8827s,+01d00m52.473s,356.5203448,1.0145759,G,59350.512495176,0.197972,SLS,54.7740270999422,1,0,34,5,1,4,0,0,0,1
60134,WISEA J234651.84-000630.2,23h46m51.8403s,-00d06m30.271s,356.7160014,-0.1084088,G,57558.2482538917,0.19199365,SLS,54.7896964744364,1,0,13,3,1,0,0,0,0,1
60136,WISEA J234618.34+005739.3,23h46m18.3421s,+00d57m39.335s,356.5764258,0.9609264,G,39694.1313246995,0.13240537,SLS,54.7905632480665,6,0,51,8,3,6,0,0,1,1
60182,WISEA J234051.43-001517.8,23h40m51.4335s,-00d15m17.855s,355.2143065,-0.2549599,G,28376.2675187723,0.09465304,SLS,54.817301328466,1,0,42,8,1,4,0,0,0,1
60190,2MASS J23470082-0002000,23h47m00.8222s,-00d02m00.092s,356.753426,-0.033359,G,4.80512148361728,1.602816e-05,SLS,54.8233469791468,1,0,21,4,2,4,0,0,0,1
60223,WISEA J234625.67-001600.4,23h46m25.6750s,-00d16m00.455s,356.6069792,-0.2667933,QSO,1048791.29689357,3.4983912,SLS,54.8405232025236,78,0,60,28,41,8,0,2,0,1
60229,WISEA J234503.70+011030.7,23h45m03.7056s,+01d10m30.784s,356.26544,1.1752178,G,19041.4948474202,0.06351559,SLS,54.8426954692899,1,0,37,6,1,4,0,0,0,1
60241,SDSS J234033.81-000917.4,23h40m33.8168s,-00d09m17.493s,355.1409034602,-0.1548594221,G,261499.96733966,0.87227,SLS,54.8520463402593,2,0,15,1,1,4,0,0,0,1
60283,WISEA J234147.09-002714.7,23h41m47.0966s,-00d27m14.767s,355.4462359,-0.4541022,*,1.15981997334029,3.868743e-06,SLS,54.8680440535124,0,0,23,4,1,4,0,0,0,1
60324,WISEA J234205.86+010929.6,23h42m05.9280s,+01d09m28.796s,355.5247,1.157999,G,6379.5685166171,0.02127995,SLS,54.8871813388006,2,0,32,6,2,4,0,0,0,1
60495,SDSS J234016.54-000110.0,23h40m16.5449s,-00d01m10.084s,355.06893717,-0.0194680219,G,135605.12252714,0.45233,SLS,54.9657293249067,2,0,19,2,1,4,0,0,0,1
60542,WISEA J234507.24+011017.6,23h45m07.2405s,+01d10m17.695s,356.2801691,1.171582,G,66899.7452700767,0.22315353,SLS,54.986896643401,2,0,43,5,1,6,0,0,1,1
60573,SDSS J234558.05-002255.0,23h45m58.0572s,-00d22m55.038s,356.4919049857,-0.3819552459,G,121763.70474128,0.40616,SLS,55.0040675601328,2,0,19,2,1,3,0,0,0,1
60605,WISEA J234653.51+004554.7,23h46m53.5150s,+00d45m54.726s,356.7229795,0.7652019,QSO,295354.435379128,0.98519635,SLS,55.0161427796491,28,0,27,12,15,4,0,0,0,1
60623,WISEA J234024.50-000534.6,23h40m24.5043s,-00d05m34.687s,355.1021016,-0.0929688,G,82760.0853850919,0.27605793,SLS,55.0263684495563,7,0,34,7,5,4,0,0,0,1
60670,WISEA J234421.59-003411.5,23h44m21.5995s,-00d34m11.516s,356.0899981,-0.5698657,*,13.292469015186,4.4338904e-05,SLS,55.0477256195029,0,0,22,5,2,4,0,0,0,1
60674,WISEA J234039.78-001153.3,23h40m39.7833s,-00d11m53.392s,355.165764,-0.1981645,G,55705.7946808147,0.18581453,SLS,55.0502202426588,1,0,32,5,1,4,0,0,0,1
60695,WISEA J234138.99+010554.3,23h41m38.9993s,+01d05m54.329s,355.4124973,1.0984249,QSO,147899.17952858,0.49333856,SLS,55.0589993291575,17,0,27,6,9,4,0,0,0,1
60696,WISEA J234549.44+010420.5,23h45m49.4474s,+01d04m20.515s,356.4560311,1.0723654,G,27503.6376278751,0.09174226,SLS,55.0591443199592,11,0,63,7,6,8,1,0,0,1
60701,WISEA J234046.38-001407.7,23h40m46.3887s,-00d14m07.720s,355.1932865,-0.235478,G,163497.81281946,0.54537,SLS,55.0620821877356,2,0,31,3,1,4,0,0,0,1
60813,WISEA J234504.41+011044.0,23h45m04.4164s,+01d10m44.036s,356.268402,1.178899,G,18347.4992905469,0.06120067,SLS,55.11483085133,8,0,47,8,3,6,1,0,1,1
60842,WISEA J234620.48+005735.0,23h46m20.4815s,+00d57m35.092s,356.5853398,0.9597479,G,39443.5018318869,0.13156936,SLS,55.130473296068,2,0,42,7,1,4,0,0,0,1
60953,WISEA J234130.70-002456.1,23h41m30.7006s,-00d24m56.140s,355.3779192,-0.4155945,G,135905.910296101,0.45333332,SLS,55.188707276593,6,0,27,4,2,4,0,0,0,1
60989,SDSS J234705.12+004006.7,23h47m05.1224s,+00d40m06.770s,356.7713435053,0.6685472397,G,173801.67960092,0.57974,SLS,55.2066421410752,2,0,18,2,1,4,0,0,0,1
61005,WISEA J234629.53+005506.9,23h46m29.5459s,+00d55m08.500s,356.62310791667,0.91902777778,G,207423.40376562,0.69189,SLS,55.2109463820566,2,0,15,3,1,0,0,0,0,1
61050,WISEA J234016.67-000155.7,23h40m16.6771s,-00d01m55.753s,355.069488,-0.0321536,G,135694.796447177,0.45262912,SLS,55.230886692643,4,0,12,4,2,0,0,0,0,1
61127,WISEA J234323.63+011458.5,23h43m23.6568s,+01d14m57.948s,355.84857,1.24943,*,12.6104477686701,4.2063926e-05,SLS,55.2615098671397,0,0,17,3,1,4,0,0,0,1
61167,WISEA J234230.91-003240.8,23h42m30.9182s,-00d32m40.895s,355.628826,-0.5446932,G,23591.8437064554,0.07869392,SLS,55.2742653553918,13,0,71,10,6,10,0,0,1,1
61200,WISEA J234620.13+005754.6,23h46m20.1306s,+00d57m54.608s,356.5838776,0.9651691,*,14.3156525799437,4.7751877e-05,SLS,55.2899349165103,0,0,23,4,1,4,0,0,0,1
61250,WISEA J234300.44-003434.8,23h43m00.4752s,-00d34m35.097s,355.75198,-0.576416,*,7.69939102250903,2.5682404e-05,SLS,55.3111554453327,0,0,17,3,1,4,0,0,0,1
61293,WISEA J234203.51+010940.8,23h42m03.5143s,+01d09m40.854s,355.5146433,1.1613484,G,27082.6750542006,0.09033808,SLS,55.3284742576589,12,0,54,7,5,8,0,0,0,1
61303,WISEA J234621.63+005734.3,23h46m21.6385s,+00d57m34.345s,356.5901604,0.9595404,G,39553.9393775649,0.13193774,SLS,55.3331915960622,1,0,36,6,1,4,0,0,0,1
61335,WISEA J233958.36+002120.9,23h39m58.3893s,+00d21m21.152s,354.9932889675,0.3558756444,G,233889.08195786,0.78017,SLS,55.3470629233254,2,0,30,3,1,4,0,0,0,1
61346,SDSS J234700.28-000335.4,23h47m00.2812s,-00d03m35.440s,356.7511718432,-0.0598445818,G,189246.98703708,0.63126,SLS,55.3533559769853,2,0,22,3,1,4,0,0,0,1
61508,SDSS J234056.64-001742.4,23h40m56.6492s,-00d17m42.460s,355.2360384249,-0.2951280096,G,168552.31366134,0.56223,SLS,55.4270658717492,2,0,13,3,1,4,0,0,0,1
61518,WISEA J234032.17+004925.8,23h40m32.1739s,+00d49m25.874s,355.1340579,0.8238539,G,151658.810790018,0.50587934,SLS,55.4318480201516,4,0,30,4,1,4,0,0,0,1
61551,WISEA J234033.21-001009.8,23h40m33.2336s,-00d10m10.265s,355.1384735223,-0.1695182802,G,185727.42358016,0.61952,SLS,55.4468584493523,2,0,27,2,1,4,0,0,0,1
61641,WISEA J234145.75+010727.8,23h41m45.7566s,+01d07m27.856s,355.4406527,1.1244047,G,75172.1104308439,0.25074717,SLS,55.4834997077008,12,0,63,9,8,10,0,0,1,1
61736,SDSS J234609.23-002112.3,23h46m09.2327s,-00d21m12.342s,356.5384697034,-0.3534284711,G,292009.84579032,0.97404,SLS,55.5252837964261,2,0,19,2,1,4,0,0,0,1
61767,2MASX J23410433+0059332,23h41m04.3077s,+00d59m33.032s,355.267949,0.992509,G,27148.7283264718,0.09055841,SLS,55.5435529899959,10,0,25,7,3,2,0,0,1,1
61851,WISEA J234720.24+002652.4,23h47m20.2455s,+00d26m51.956s,356.8343563143,0.4477655734,G,142446.3864187,0.47515,SLS,55.5796963490343,2,0,35,4,1,4,0,0,0,1
61889,WISEA J234709.05+003836.4,23h47m09.0515s,+00d38m36.412s,356.7877149,0.6434478,G,57431.8257743531,0.19157195,SLS,55.5956009826557,1,0,28,4,1,4,0,0,0,1
61917,SDSS J234630.14-001553.0,23h46m30.1468s,-00d15m53.030s,356.6256119996,-0.2647307833,G,168882.08536514,0.56333,SLS,55.6115986077328,2,0,15,1,1,4,0,0,0,1
61925,SDSS J234214.90-003133.9,23h42m14.9057s,-00d31m33.997s,355.5621071927,-0.5261103779,G,121224.07831688,0.40436,SLS,55.6150928772653,2,0,21,3,1,4,0,0,0,1
61957,WISEA J234000.96+000939.0,23h40m00.9656s,+00d09m39.063s,355.0040235,0.160851,G,20347.0370393678,0.06787041,SLS,55.6260344708265,16,0,75,11,6,10,0,0,1,1
61973,WISEA J234642.33+005138.1,23h46m42.3379s,+00d51m38.122s,356.6764079,0.8605896,*,13.4438749990045,4.484394e-05,SLS,55.6314464299633,0,0,23,4,1,4,0,0,0,1
62105,WISEA J234519.13+010941.3,23h45m19.1333s,+01d09m41.341s,356.3297224,1.1614838,G,117375.357730699,0.39152205,SLS,55.6933617214986,1,0,27,3,1,4,0,0,0,1
62196,WISEA J234500.91-003202.9,23h45m00.9384s,-00d32m03.506s,356.25391,-0.53430747,QSO,602344.745409856,2.0092058,SLS,55.7400922871221,20,0,22,8,9,0,0,1,0,1
62221,SDSS J234119.15+010307.9,23h41m19.1520s,+01d03m07.952s,355.3298,1.052209,G,91150.9225294115,0.30404675,SLS,55.7475613163929,2,0,15,2,1,4,0,0,0,1
62236,SDSS J234413.28+011458.1,23h44m13.2888s,+01d14m58.142s,356.05537,1.249484,G,20608.8278053917,0.06874365,SLS,55.7548802065088,2,0,20,4,1,4,0,0,0,1
62385,WISEA J234027.33+004811.5,23h40m27.3392s,+00d48m11.504s,355.1139135,0.8031957,G,137604.243564444,0.45899835,SLS,55.8182831025087,4,0,27,3,1,4,0,0,0,1
62406,WISEA J234709.21+003910.2,23h47m09.2150s,+00d39m10.246s,356.7883961,0.6528461,G,103467.272098029,0.34512967,SLS,55.8266795512728,2,0,27,3,1,4,0,0,0,1
62440,WISEA J234625.52+005715.6,23h46m25.5291s,+00d57m15.685s,356.6063713,0.954357,G,27786.9894674784,0.09268742,SLS,55.8398371896103,1,0,34,5,1,4,0,0,0,1
62516,WISEA J234624.75+005732.1,23h46m24.7344s,+00d57m31.701s,356.60306,0.958806,*,8.86303005197179,2.9563886e-05,SLS,55.8721626578473,0,0,21,4,1,4,0,0,0,1
62540,WISEA J234646.91-001042.7,23h46m46.8651s,-00d10m42.333s,356.6952714392,-0.1784258853,G,207375.43697234,0.69173,SLS,55.8842410877723,2,0,30,3,1,4,0,0,0,1
62683,GALEXMSC J233957.86+002701.4,23h39m57.8110s,+00d27m03.420s,354.99087916667,0.45095,G,304915.91110722,1.01709,SLS,55.93716626596,2,0,3,2,1,0,0,0,0,1
62722,WISEA J234723.52+001959.8,23h47m23.5213s,+00d19m59.884s,356.8480055,0.3333011,G,55568.3997973133,0.18535623,SLS,55.9545901194409,2,0,33,5,2,4,0,0,0,1
62770,SDSS J234704.41+004231.3,23h47m04.4144s,+00d42m31.305s,356.7683936326,0.7086958277,G,165338.53851158,0.55151,SLS,55.9735163194853,2,0,15,1,1,4,0,0,0,1
62877,WISEA J234332.86+011550.3,23h43m32.8664s,+01d15m50.311s,355.8869436,1.2639754,G,58878.2524340132,0.19639671,SLS,56.0145760869918,1,0,19,4,1,0,0,0,0,1
62888,WISEA J234245.88-003431.6,23h42m45.8896s,-00d34m31.638s,355.6912067,-0.575455,G,50034.3719250886,0.1668967,SLS,56.0165909351399,10,0,70,9,5,10,0,0,1,1
62894,WISEA J234636.33+005419.3,23h46m36.3377s,+00d54m19.397s,356.6514073,0.9053883,G,42502.0744261403,0.14177166,SLS,56.019829435959,10,0,62,8,4,8,0,0,0,1
62935,SDSS J234308.43-003538.1,23h43m08.4368s,-00d35m38.178s,355.785153679,-0.5939384413,G,162658.39393706,0.54257,SLS,56.0340514246522,2,0,15,1,1,4,0,0,0,1
62991,2MASS J23472307+0014586,23h47m23.0712s,+00d14m58.387s,356.84613,0.249552,*,9.93440855206996,3.313762e-05,SLS,56.0546358451829,0,0,11,3,1,4,0,0,0,1
63072,WISEA J234334.53+011555.5,23h43m34.5297s,+01d15m55.501s,355.893874,1.265417,G,25420.8894844117,0.08479496,SLS,56.0899116583827,3,0,19,7,6,1,0,0,0,1
63102,WISEA J234537.17+010739.2,23h45m37.1722s,+01d07m39.247s,356.4048845,1.1275688,G,50618.0468553425,0.16884363,SLS,56.103162227172,5,0,48,6,5,8,0,0,0,1
63110,SDSS J234025.13-000807.1,23h40m25.1372s,-00d08m07.145s,355.1047384491,-0.1353180725,G,145036.59325582,0.48379,SLS,56.1085232548013,2,0,19,2,1,3,0,0,0,1
63139,SDSS J234038.33-001313.0,23h40m38.3333s,-00d13m13.036s,355.1597223219,-0.22028777,G,165638.33096958,0.55251,SLS,56.1185546051311,2,0,19,2,1,4,0,0,0,1
63186,2MASX J23460891+0101496,23h46m08.8660s,+01d01m49.314s,356.536942,1.030365,G,27757.9680585817,0.092590615,SLS,56.1434291754645,42,0,81,27,22,10,1,0,1,1
63296,WISEA J234007.20+003811.8,23h40m07.2097s,+00d38m11.888s,355.0300408,0.6366358,G,42246.1505985194,0.14091799,SLS,56.2001048290039,1,0,36,6,1,4,0,0,0,1
63313,WISEA J234058.69-001922.6,23h40m58.6932s,-00d19m22.663s,355.244555,-0.322962,G,190629.03026846,0.63587,SLS,56.2049417030029,2,0,16,3,1,0,0,0,0,1
63352,WISEA J234415.68-003538.9,23h44m15.7056s,-00d35m39.200s,356.06544,-0.59422227,QSO,628588.69710016,2.0967462,SLS,56.2284930698229,21,0,22,7,11,4,0,1,0,1
63392,WISEA J234110.74-002218.1,23h41m10.7455s,-00d22m18.179s,355.2947732,-0.3717164,*,29.7301737290067,9.9169185e-05,SLS,56.2456233878265,0,0,22,4,1,4,0,0,0,1
63425,WISEA J234606.74+010226.3,23h46m06.7436s,+01d02m26.346s,356.5280985,1.0406517,G,15642.157159932,0.05217662,SLS,56.2582041756372,2,0,36,7,2,4,0,0,0,1
63475,SDSS J234719.18+003222.9,23h47m19.1853s,+00d32m22.963s,356.8299390936,0.5397121456,G,186614.80925584,0.62248,SLS,56.2828321174246,2,0,19,2,1,4,0,0,0,1
63498,WISEA J234029.47-001016.2,23h40m29.4771s,-00d10m16.254s,355.1228216,-0.1711817,G,80659.3407003748,0.2690506,SLS,56.2920464301523,1,0,31,4,1,4,0,0,0,1
63520,WISEA J234704.52+004315.9,23h47m04.5048s,+00d43m16.217s,356.76877,0.72117157,G,70132.6082056376,0.2339372,SLS,56.3013532392596,1,0,35,5,1,4,0,0,0,1
63536,WISEA J234519.53+011019.5,23h45m19.5311s,+01d10m19.554s,356.3313796,1.1720985,G,105272.091647454,0.3511499,SLS,56.3079916144087,2,0,33,4,1,4,0,0,0,1
63557,SDSS J234549.38+010554.1,23h45m49.3821s,+01d05m54.177s,356.4557589573,1.0983825567,G,154213.2403952,0.5144,SLS,56.3186184820728,2,0,19,2,1,4,0,0,0,1
63571,SDSS J234225.87-003321.9,23h42m25.8783s,-00d33m21.900s,355.6078263182,-0.5560835298,G,193084.33049948,0.64406,SLS,56.3243445813001,2,0,22,3,1,4,0,0,0,1
63632,WISEA J234146.35-002852.9,23h41m46.3560s,-00d28m52.243s,355.44315,-0.48117886,G,55891.8668657216,0.1864352,SLS,56.3615431923257,1,0,35,5,1,4,0,0,0,1
63787,SDSS J234021.69+004656.6,23h40m21.6929s,+00d46m56.617s,355.0903872557,0.7823938595,G,108848.64565064,0.36308,SLS,56.4291168340073,2,0,23,3,1,4,0,0,0,1
63793,WISEA J234607.15-002252.7,23h46m07.1522s,-00d22m52.703s,356.5298009,-0.3813064,G,73653.4667659761,0.24568152,SLS,56.4321016835023,1,0,36,6,1,4,0,0,0,1
63802,SDSS J234318.84-003620.6,23h43m18.8462s,-00d36m20.681s,355.8285259976,-0.6057447736,G,180615.96217126,0.60247,SLS,56.4359987432108,2,0,23,3,1,4,0,0,0,1
63845,WISEA J234624.42+005828.6,23h46m24.4277s,+00d58m28.615s,356.6017822,0.9746153,G,28190.2253131113,0.09403247,SLS,56.4601867681145,1,0,36,6,1,4,0,0,0,1
63888,SDSS J234335.01-003636.9,23h43m35.0184s,-00d36m37.000s,355.89591,-0.61027799,*,101464.577534625,0.3384494,SLS,56.4788074270638,0,0,5,2,1,4,0,0,0,1
63929,WISEA J234658.58-000658.8,23h46m58.5815s,-00d06m58.800s,356.7440897,-0.1163335,*,25.7764373437505,8.598094e-05,SLS,56.4973009859345,0,0,23,4,1,4,0,0,0,1
63942,SDSS J234235.76-003420.6,23h42m35.7616s,-00d34m20.655s,355.6490068802,-0.5724043838,G,128158.27787042,0.42749,SLS,56.5023772517055,2,0,23,3,1,4,0,0,0,1
64005,WISEA J234257.97+011524.2,23h42m57.9684s,+01d15m24.534s,355.741535,1.256815,*,28.8926060650349,9.637536e-05,SLS,56.5297568370816,0,0,23,4,1,4,0,0,0,1
64020,SDSS J234723.73+001209.2,23h47m23.7384s,+00d12m09.246s,356.8489100072,0.2025684183,G,103233.5329123,0.34435,SLS,56.5352395099808,2,0,19,2,1,4,0,0,0,1
64043,WISEA J234725.20+002418.4,23h47m25.2017s,+00d24m18.494s,356.8550071,0.4051374,*,4.2357919222711,1.4129081e-05,SLS,56.5502741051661,0,0,23,4,1,4,0,0,0,1
64045,WISEA J234249.41-003517.4,23h42m49.4270s,-00d35m17.260s,355.705946,-0.588128,*,11.4259171021867,3.8112757e-05,SLS,56.5519243434327,0,0,22,4,1,3,0,0,0,1
64050,WISEA J233957.00+000954.4,23h39m57.0045s,+00d09m54.414s,354.987519,0.1651151,G,54519.1231963888,0.18185622,SLS,56.5542495526133,3,0,44,8,1,4,0,0,0,1
64176,WISEA J234118.78+010409.5,23h41m18.7898s,+01d04m09.584s,355.328291,1.069329,*,10.128249258941,3.3784203e-05,SLS,56.6050340924795,0,0,23,4,1,4,0,0,0,1
64187,GALEXMSC J233957.16+003015.9,23h39m57.1399s,+00d30m18.010s,354.98808291667,0.50500277778,G,227938.20166656,0.76032,SLS,56.6114019010437,2,0,4,2,1,0,0,0,0,1
64207,WISEA J233958.87+000718.4,23h39m58.8480s,+00d07m18.148s,354.9952,0.121708,G,17844.3366228134,0.0595223,SLS,56.6203519987376,2,0,36,6,1,4,0,0,0,1
64218,WISEA J234348.34-003643.9,23h43m48.3451s,-00d36m43.968s,355.9514381,-0.6122134,G,54137.9011109468,0.1805846,SLS,56.6240652678108,10,0,54,7,6,8,0,0,0,1
64231,SDSS J234057.29+005919.9,23h40m57.2914s,+00d59m19.947s,355.2387142989,0.9888742758,G,267118.07800258,0.89101,SLS,56.6318038751855,4,0,13,4,3,4,0,0,0,1
64318,SDSS J234723.14+002923.1,23h47m23.1407s,+00d29m23.150s,356.846419833,0.4897640724,G,228426.8633731,0.76195,SLS,56.6668472682105,2,0,5,1,1,3,0,0,0,1
64352,WISEA J234726.31+001809.7,23h47m26.3187s,+00d18m09.754s,356.8596613,0.3027095,G,21489.8051174895,0.071682274,SLS,56.6789399711777,3,0,38,8,4,4,0,0,0,1
64386,WISEA J234628.33+005745.4,23h46m28.3384s,+00d57m45.453s,356.618077,0.9626259,*,13.7296251782718,4.57971e-05,SLS,56.6936686485201,0,0,23,4,1,4,0,0,0,1
64482,WISEA J234053.74-001850.4,23h40m53.7419s,-00d18m50.439s,355.2239249,-0.3140109,*,16.5731566424018,5.52821e-05,SLS,56.7303030853905,0,0,23,4,1,4,0,0,0,1
64492,WISEA J234700.81-000624.6,23h47m00.8418s,-00d06m25.113s,356.7535076542,-0.1069759735,G,208256.82679886,0.69467,SLS,56.7330858505057,2,0,29,3,1,4,0,0,0,1
64494,WISEA J234009.13+004100.3,23h40m09.0864s,+00d40m58.898s,355.0378599944,0.683027319,G,181617.26898098,0.60581,SLS,56.7335928709119,2,0,27,2,1,4,0,0,0,1
64534,SPRC 238,23h39m57.6000s,+00d08m06.600s,354.99,0.13516666667,G,18043.608669646,0.060187,SUN,56.7520819192989,31,0,45,16,14,6,4,0,2,1
64560,WISEA J234053.00+005823.6,23h40m53.0089s,+00d58m23.635s,355.2208704,0.9732321,*,24.2317267246597,8.082834e-05,SLS,56.7627611256213,0,0,27,5,1,4,0,0,0,1
64620,WISEA J234002.81+003644.5,23h40m02.8162s,+00d36m44.598s,355.0117343,0.6123885,G,94003.822507854,0.313563,SUN,56.7898664681601,3,0,36,7,3,4,8,0,0,1
64623,WISEA J233957.47+000804.2,23h39m57.4755s,+00d08m04.252s,354.9894816,0.1345145,G,17916.043081465,0.059761487,SLS,56.7906174856386,0,0,12,2,1,0,0,0,0,1
64752,WISEA J234000.54+003501.1,23h40m00.5401s,+00d35m01.172s,355.0022504,0.5836589,G,40270.7881135116,0.13432889,SLS,56.8494479364556,9,0,63,7,4,10,0,0,1,1
64762,WISEA J234716.44+003704.0,23h47m16.4400s,+00d37m04.029s,356.8185,0.6177859,*,4.81559143542047,1.6063084e-05,SLS,56.8527721694511,0,0,31,6,1,4,0,0,0,1
64777,WISEA J234149.96+010939.3,23h41m49.9650s,+01d09m39.373s,355.4581875,1.1609372,G,40762.1329625507,0.13596784,SLS,56.8606229338782,2,0,32,5,1,4,0,0,0,1
64811,WISEA J234727.21+001953.5,23h47m27.2045s,+00d19m53.675s,356.8633522453,0.331576528,G,136375.5891442,0.4549,SLS,56.8752059058924,2,0,35,4,1,4,0,0,0,1
64839,WISEA J234635.71+005554.4,23h46m35.7149s,+00d55m54.442s,356.6488123,0.9317897,G,27547.5872022179,0.09188886,SLS,56.8877074801051,1,0,42,7,1,4,0,0,0,1
64863,WISEA J234656.44+004828.2,23h46m56.4559s,+00d48m27.259s,356.73523291667,0.80757194444,G,141684.91357538,0.47261,SLS,56.8991197201856,2,0,20,4,1,0,0,0,0,1
65022,2MASX J23410394+0101262,23h41m03.9345s,+01d01m26.565s,355.266394,1.024046,G,25100.0186186897,0.08372465,SLS,56.9750506017929,22,0,59,13,10,10,0,0,1,1
65174,WISEA J234230.01-003427.9,23h42m30.0168s,-00d34m27.932s,355.6250703,-0.5744257,*,11.5488769788354,3.8522907e-05,SLS,57.0408094396046,0,0,23,4,1,4,0,0,0,1
65258,WISEA J234631.28-001748.3,23h46m31.3176s,-00d17m47.709s,356.63049,-0.29658601,G,54603.1280410449,0.18213643,SLS,57.078257261569,1,0,17,4,1,0,0,0,0,1
65360,WISEA J234544.19+010745.4,23h45m44.1942s,+01d07m45.497s,356.4341426,1.1293048,*,2.70546384635285,9.024456e-06,SLS,57.1288638106121,0,0,22,4,1,4,0,0,0,1
65455,SDSS J234508.73-003248.6,23h45m08.7367s,-00d32m48.660s,356.2864030441,-0.5468502135,G,105200.17143678,0.35091,SLS,57.1720406106175,2,0,23,3,1,4,0,0,0,1
65587,[HB89] 2343+008 NED01,23h45m41.5704s,+01d08m18.161s,356.42321,1.1383783,QSO,946063.064169229,3.1557267,SLS,57.2343503675525,35,0,9,7,11,4,0,1,0,1
65601,WISEA J234601.94+010442.2,23h46m01.9152s,+01d04m42.835s,356.50798,1.0785655,QSO,598060.501330316,1.9949151,SLS,57.24190790616,24,0,18,7,12,4,0,2,0,1
65634,2MASX J23443068+0115405,23h44m30.7100s,+01d15m40.200s,356.12795833333,1.26116666667,G,18244.3997648633,0.060856767,SLS,57.2578708943327,13,0,38,7,7,6,0,0,1,1
65656,WISEA J234129.39-002715.4,23h41m29.2928s,-00d27m14.351s,355.3720533589,-0.4539864495,G,59946.49990168,0.19996,SLS,57.2734729218706,2,0,31,3,1,4,0,0,0,1
65677,2MASS J23403443-0013511,23h40m34.4340s,-00d13m51.178s,355.143475,-0.230883,QSO,1222755.52396522,4.0786734,SLS,57.2807983445561,0,0,5,2,1,0,0,0,0,1
65699,SDSS J234023.08-000934.4,23h40m23.0808s,-00d09m34.448s,355.09617,-0.159569,G,10920.7497222866,0.0364277,SLS,57.2883395291822,2,0,15,3,2,4,0,0,0,1
65705,WISEA J234043.94+005637.2,23h40m43.9477s,+00d56m37.211s,355.1831156,0.9436699,G,109989.098131816,0.36688414,SLS,57.2917363583336,1,0,27,3,1,4,0,0,0,1
65718,WISEA J234423.15-003624.3,23h44m23.1591s,-00d36m24.303s,356.0964965,-0.606751,*,23.4865296138845,7.834263e-05,SLS,57.2946090284218,0,0,23,4,1,4,0,0,0,1
65785,WISEA J234031.12-001245.5,23h40m31.0834s,-00d12m44.664s,355.1295144117,-0.2124066647,G,133860.33042158,0.44651,SLS,57.3226655049899,2,0,31,3,1,4,0,0,0,1
65805,WISEA J234348.87-003726.3,23h43m48.8790s,-00d37m26.303s,355.9536625,-0.6239732,*,75.6387883564387,0.00025230384,SLS,57.3343319126523,0,0,22,4,1,4,0,0,0,1
65830,WISEA J234113.99+010408.5,23h41m13.9952s,+01d04m08.531s,355.3083135,1.0690364,G,66478.6807669666,0.22174901,SLS,57.3449928821211,1,0,36,6,1,4,0,0,0,1
65999,SDSS J234639.88-001545.7,23h46m39.8868s,-00d15m45.737s,356.6661951644,-0.262704911,G,183673.84524286,0.61267,SLS,57.4231931212884,2,0,19,2,1,4,0,0,0,1
66018,SDSS J234653.41-001101.3,23h46m53.4191s,-00d11m01.380s,356.7225799133,-0.1837168138,G,34700.9770135,0.11575,SLS,57.4331652097535,2,0,19,2,1,4,0,0,0,1
66026,2MASS J23395493+0007558,23h39m54.9624s,+00d07m55.405s,354.97901,0.13205714,G,17971.5196758179,0.059946537,SLS,57.4358319495176,5,0,30,7,2,4,0,0,0,1
66029,WISEA J233957.60+000509.1,23h39m57.5937s,+00d05m09.294s,354.989974,0.085915,*,8.33673959527346,2.780837e-05,SLS,57.4377829880463,0,0,23,4,1,4,0,0,0,1
66035,SDSS J234728.39+001418.6,23h47m28.3954s,+00d14m18.627s,356.8683142025,0.2385076835,G,119952.95829496,0.40012,SLS,57.4408819546446,3,0,22,2,1,4,0,0,0,1
66071,WISEA J234612.36+010248.1,23h46m12.3630s,+01d02m48.170s,356.5515125,1.046714,G,27899.0350999011,0.093061164,SLS,57.4573039723565,1,0,28,4,1,4,0,0,0,1
66133,SDSS J234136.54-002841.6,23h41m36.5452s,-00d28m41.669s,355.4022719735,-0.4782415378,G,336648.94278652,1.12294,SLS,57.4847205104906,4,0,23,4,2,3,0,0,0,1
66179,WISEA J234146.64-003014.0,23h41m46.6064s,-00d30m13.477s,355.444193451,-0.5037436288,G,191888.15859206,0.64007,SLS,57.505094771295,2,0,31,3,1,4,0,0,0,1
66206,WIG S00J234719954+00362866,23h47m19.9541s,+00d36m28.659s,356.83314208333,0.60796083333,G,119949.96037038,0.40011,SLS,57.5174891131006,2,0,0,1,1,0,0,0,0,1
66260,SDSS J234640.94+005519.5,23h46m40.9440s,+00d55m19.578s,356.6706,0.922105,*,930.543678016697,0.0031039596,SLS,57.5446892962112,1,0,5,2,1,4,0,0,0,1
66278,WISEA J233952.49+002906.6,23h39m52.4906s,+00d29m06.615s,354.9687109,0.485171,QSO,472363.48956083,1.575635,SLS,57.5507854506546,24,0,26,11,14,4,0,0,0,1
66324,WISEA J234234.56-003521.6,23h42m34.5480s,-00d35m22.012s,355.64395,-0.589448,*,110.018771589309,0.00036698312,SLS,57.5690508289581,0,0,24,5,1,4,0,0,0,1
66335,WISEA J234642.32+005455.6,23h46m42.3287s,+00d54m55.650s,356.6763696,0.9154585,G,36876.1601655385,0.12300563,SLS,57.5738232252794,11,0,47,8,3,4,0,0,0,1
66351,WISEA J234715.87+003943.0,23h47m15.8754s,+00d39m43.049s,356.8161476,0.6619581,G,24718.4967407897,0.08245203,SLS,57.5780204245009,1,0,28,4,1,4,0,0,0,1
66395,SDSS J234550.83-002730.4,23h45m50.8352s,-00d27m30.417s,356.4618136428,-0.4584492026,G,178817.20742326,0.59647,SLS,57.5972362643583,2,0,13,3,1,4,0,0,0,1
66482,SDSS J234052.58-001951.5,23h40m52.5807s,-00d19m51.545s,355.2190865093,-0.3309848812,G,90675.22684668,0.30246,SLS,57.639784905631,2,0,19,2,1,4,0,0,0,1
66508,SDSS J234059.73-002140.1,23h40m59.7333s,-00d21m40.108s,355.2488890147,-0.3611412433,G,153553.6969876,0.5122,SLS,57.6463066770281,2,0,23,3,1,4,0,0,0,1
66567,WISEA J234725.30+003155.4,23h47m25.2864s,+00d31m55.881s,356.85536,0.5321893,G,103289.054475522,0.3445352,SLS,57.6745392003651,1,0,35,5,1,4,0,0,0,1
66623,WISEA J234730.06+001618.1,23h47m30.0648s,+00d16m18.197s,356.8752703,0.2717215,G,125617.087100183,0.4190135,SLS,57.6995320806228,3,0,32,4,1,4,0,0,0,1
66709,SDSS J234725.56+003153.0,23h47m25.5648s,+00d31m53.014s,356.85652,0.531393,*,82.5186085560221,0.00027525245,SLS,57.7326204649618,1,0,5,3,2,4,0,0,0,1
66727,WISEA J234536.17-003000.6,23h45m36.1779s,-00d30m00.635s,356.4007415,-0.5001766,G,24036.0641790214,0.08017568,SLS,57.7408630319425,20,0,71,9,6,10,1,1,1,1
66738,WISEA J234041.01+005626.6,23h40m41.0114s,+00d56m26.634s,355.1708811,0.9407317,G,108763.855349744,0.36279717,SLS,57.7446818879405,8,0,53,8,7,8,0,0,0,1
66794,WISEA J234005.27-000140.8,23h40m05.2754s,-00d01m40.819s,355.0219811,-0.0280055,G,10944.3712694298,0.036506493,SLS,57.7680086933011,11,0,47,11,7,4,0,0,0,1
66814,SDSS J233948.85+001705.5,23h39m48.8526s,+00d17m05.574s,354.9535526491,0.2848818797,G,209027.29341592,0.69724,SLS,57.7768234617936,2,0,15,1,1,4,0,0,0,1
66932,GALEXMSC J234033.08-001421.0,23h40m33.0850s,-00d14m18.639s,355.13785416667,-0.23851083333,G,120570.53075844,0.40218,SLS,57.8230292546844,2,0,4,2,1,0,0,0,0,1
66949,SDSS J234002.91+004001.8,23h40m02.9138s,+00d40m01.810s,355.0121409022,0.6671696777,G,197686.14472978,0.65941,SLS,57.8296948601376,2,0,15,1,1,4,0,0,0,1
67070,WISEA J234717.74+003920.9,23h47m17.7435s,+00d39m20.962s,356.8239316,0.655823,G,24610.8922338398,0.0820931,SLS,57.8915864061435,12,0,67,8,5,10,0,0,1,1
67151,SDSS J234728.97+002813.9,23h47m28.9796s,+00d28m13.916s,356.8707486815,0.4705323914,G,178931.1285573,0.59685,SLS,57.9281317860667,2,0,19,2,1,3,0,0,0,1
67393,WISEA J234239.12-003610.1,23h42m39.1261s,-00d36m10.151s,355.6630256,-0.6028198,*,26.9155017858461,8.978045e-05,SLS,58.0298841662399,0,0,23,4,1,4,0,0,0,1
67432,WISEA J234727.03+003139.8,23h47m27.0317s,+00d31m39.816s,356.8626324,0.5277268,G,81822.4245142053,0.27293023,SLS,58.0461955056562,3,0,42,9,3,4,0,0,0,1
67479,SDSS J234053.72+010028.7,23h40m53.7276s,+01d00m28.737s,355.2238652752,1.007982492,G,83992.85295786,0.28017,SLS,58.0700621938677,2,0,23,3,1,4,0,0,0,1
67488,SDSS J234135.72-002915.7,23h41m35.7239s,-00d29m15.709s,355.3988497523,-0.4876971913,G,111939.50589262,0.37339,SLS,58.0739406094313,2,0,19,2,1,4,0,0,0,1
67553,WISEA J234000.13+000048.9,23h40m00.1342s,+00d00m48.993s,355.0005594,0.0136094,*,7.50915322139826,2.5047839e-05,SLS,58.0973844367927,0,0,29,6,1,4,0,0,0,1
67630,WISEA J234018.94-000929.9,23h40m18.9456s,-00d09m29.850s,355.07894,-0.15829188,QSO,525720.671152653,1.7536154,SLS,58.139063260479,22,0,22,7,11,4,0,1,0,1
67680,WISEA J234145.04+011027.7,23h41m45.0216s,+01d10m27.642s,355.43759,1.174345,*,82484.6420705307,0.27513915,SLS,58.1655569674475,1,0,17,3,1,4,0,0,0,1
67820,SDSS J233953.43+000600.7,23h39m53.4358s,+00d06m00.766s,354.9726494522,0.1002128973,G,82526.86783824,0.27528,SLS,58.2334513724182,2,0,23,3,1,4,0,0,0,1
67879,WISEA J234150.36+011117.6,23h41m50.3611s,+01d11m17.691s,355.4598383,1.1882475,G,35229.5500899735,0.11751313,SLS,58.2547254892075,13,0,67,9,8,10,1,0,1,1
68037,WISEA J234530.60-003127.7,23h45m30.6037s,-00d31m27.780s,356.3775156,-0.5243835,G,26660.1025950267,0.08892853,SLS,58.324405653872,4,0,36,6,1,4,0,0,0,1
68067,SDSS J234651.81-001315.8,23h46m51.8184s,-00d13m15.884s,356.7159103591,-0.221078951,G,200156.4345837,0.66765,SLS,58.338758964039,2,0,19,2,1,4,0,0,0,1
68120,WISEA J234722.38+003722.7,23h47m22.3860s,+00d37m22.738s,356.8432751,0.6229828,G,80385.9449683017,0.26813865,SLS,58.3640325437827,1,0,38,6,1,4,0,0,0,1
68159,WISEA J234058.26+010202.4,23h40m58.2686s,+01d02m02.488s,355.2427861,1.0340245,G,18384.1908894815,0.06132306,SLS,58.3834143164259,12,0,71,9,5,10,0,0,1,1
68160,WISEA J233946.24+002123.7,23h39m46.2424s,+00d21m23.702s,354.9426769,0.3565839,G,20339.5602154653,0.06784547,SLS,58.383778343635,3,0,44,9,2,4,0,1,0,1
68179,WISEA J234009.67+004524.4,23h40m09.6705s,+00d45m24.408s,355.040294,0.7567802,G,35634.6311581854,0.118864335,SLS,58.3944518481077,15,0,71,10,7,10,0,0,1,1
68200,WISEA J233948.84+001053.6,23h39m48.8423s,+00d10m53.615s,354.9535099,0.1815599,*,1.44108927465483,4.8069564e-06,SLS,58.4046310224002,0,0,23,4,1,3,0,0,0,1
68251,WISEA J234004.37+004236.5,23h40m04.4122s,+00d42m35.981s,355.018384308,0.7099948678,G,174371.28527112,0.58164,SLS,58.430299358638,4,0,24,5,2,4,0,0,0,1
68281,WISEA J234718.44-000047.7,23h47m18.4272s,-00d00m47.588s,356.82678,-0.013219,*,26.3816343745643,8.799966e-05,SLS,58.4483273321139,0,0,17,3,1,4,0,0,0,1
68320,WISEA J233956.34+003713.0,23h39m56.3499s,+00d37m13.040s,354.9847915,0.6202889,G,141828.81395522,0.47309,SLS,58.4741817938416,3,0,32,4,1,4,0,0,0,1
68359,WISEA J234047.91+005933.7,23h40m47.9101s,+00d59m33.779s,355.1996257,0.9927164,G,151191.071599122,0.50431913,SLS,58.4922073052087,4,0,35,5,1,4,0,0,0,1
68449,SDSS J234710.70+004512.6,23h47m10.7070s,+00d45m12.617s,356.7946128832,0.7535049695,G,159597.51294088,0.53236,SLS,58.5289065314071,2,0,23,3,1,4,0,0,0,1
68453,GALEXMSC J234000.63-000051.3,23h40m00.7080s,-00d00m51.361s,355.00295,-0.01426694444,G,214159.74029688,0.71436,SLS,58.5324718573203,2,0,4,2,1,0,0,0,0,1
68566,WISEA J234706.67-000736.4,23h47m06.6705s,-00d07m36.494s,356.7777938,-0.126804,G,78614.3724024686,0.26222932,SLS,58.5767206120291,2,0,27,3,1,4,0,0,0,1
68594,WISEA J234013.17-000750.2,23h40m13.1719s,-00d07m50.212s,355.0548833,-0.1306147,G,163369.489655738,0.54494196,SLS,58.5867230069886,4,0,27,3,1,4,0,0,0,1
68610,SDSS J234613.60-002420.4,23h46m13.6046s,-00d24m20.443s,356.5566861508,-0.4056786905,G,22223.61491154,0.07413,SLS,58.5936408674138,2,0,19,2,1,4,0,0,0,1
68669,WISEA J233957.43+003831.4,23h39m57.4344s,+00d38m31.412s,354.9893101,0.6420591,G,49018.0035422787,0.16350646,SLS,58.6182126861737,2,0,43,5,1,6,0,0,1,1
68686,2MASX J23394712+0012210,23h39m47.1276s,+00d12m21.222s,354.946365,0.205895,G,20544.0876240866,0.0685277,SLS,58.6237035892296,25,0,60,13,10,10,0,0,1,1
68816,WISEA J234630.69-002021.5,23h46m30.6952s,-00d20m21.577s,356.6278969,-0.3393272,*,16.0305652705922,5.347221e-05,SLS,58.6877765328828,0,0,23,4,1,4,0,0,0,1
68887,SDSS J234514.95-003348.9,23h45m14.9640s,-00d33m48.952s,356.31235,-0.563598,G,169934.986456882,0.5668421,SLS,58.7129873255952,4,0,15,2,1,4,0,0,0,1
68967,WISEA J234003.93+004307.3,23h40m03.9360s,+00d43m07.334s,355.0164,0.71870403,G,89956.624324854,0.300063,SLS,58.7449835354753,1,0,35,5,1,4,0,0,0,1
69016,SDSS J234205.25+011339.9,23h42m05.2536s,+01d13m39.961s,355.52189,1.2277671,G,98432.3626932792,0.32833502,SLS,58.7669769694908,1,0,20,4,1,4,0,0,0,1
69141,SDSS J234621.19+010237.8,23h46m21.1919s,+01d02m37.881s,356.588299891,1.0438559247,G,190898.84348066,0.63677,SLS,58.8214899194098,2,0,19,2,1,4,0,0,0,1
69215,WISEA J234212.65+011432.6,23h42m12.6648s,+01d14m32.368s,355.55277,1.2423247,QSO,680767.094747127,2.2707946,SLS,58.8581805201494,25,0,22,8,11,4,0,1,0,1
69248,WISEA J234009.31-000635.7,23h40m09.3180s,-00d06m35.865s,355.0388253942,-0.1099627303,G,110236.68473118,0.36771,SLS,58.8705699772513,2,0,27,2,1,4,0,0,0,1
69250,WISEA J233958.95-000039.2,23h39m58.9575s,-00d00m39.223s,354.9956564,-0.0108954,G,27758.2933333986,0.0925917,SLS,58.8712298821119,19,0,76,11,10,10,1,0,1,1
69251,SDSS J234020.61+005117.8,23h40m20.6125s,+00d51m17.856s,355.0858856415,0.8549602259,G,75457.7616786,0.2517,SLS,58.8719597854308,2,0,19,2,1,4,0,0,0,1
69285,WISEA J234649.15-001508.2,23h46m49.1586s,-00d15m08.232s,356.7048277,-0.2522867,QSO,578968.788248256,1.931232,SLS,58.8854437187721,36,0,51,12,21,8,0,2,0,1
69302,WISEA J234222.65+011530.2,23h42m22.6530s,+01d15m30.226s,355.5943877,1.2583962,G,42695.8812564635,0.14241813,SLS,58.8920814218333,1,0,38,6,1,4,0,0,0,1
69361,WISEA J234548.30+010913.7,23h45m48.3091s,+01d09m13.788s,356.4512879,1.1538301,G,105427.40512617,0.35166797,SLS,58.92319495381,2,0,27,3,1,4,0,0,0,1
69365,2MASS J23420392-0033594,23h42m03.9297s,-00d33m59.403s,355.516374,-0.566501,G,10.8319673850197,3.6131554e-05,SLS,58.9235430360768,0,0,20,3,1,4,0,0,0,1
69398,SDSS J234734.80+002416.9,23h47m34.8038s,+00d24m16.982s,356.8950161605,0.404717334,G,123364.596467,0.4115,SLS,58.9417008651807,2,0,19,2,1,4,0,0,0,1
69595,GALEXASC J234017.18+005012.2,23h40m17.1410s,+00d50m11.860s,355.07142083333,0.83662777778,G,393753.41018636,1.31342,SLS,59.0345823446351,2,0,4,2,1,0,0,0,0,1
69631,WISEA J233954.91+000143.1,23h39m54.9100s,+00d01m43.129s,354.9787918,0.0286471,G,40169.5182211992,0.13399109,SLS,59.049629402153,13,0,63,10,6,8,0,0,0,1
69649,WISEA J233953.34+003645.2,23h39m53.3444s,+00d36m45.208s,354.9722685,0.6125578,G,48956.9358185841,0.16330276,SLS,59.0576476890089,1,0,33,5,1,4,0,0,0,1
69676,WISEA J234256.65-003813.8,23h42m56.6579s,-00d38m13.881s,355.7360749,-0.6371893,QSO,541574.595709067,1.8064984,SLS,59.0696960130705,23,0,22,8,12,4,0,1,0,1
69710,WISEA J234017.28+005021.5,23h40m17.2813s,+00d50m21.507s,355.0720055,0.8393075,G,80654.6399546334,0.26903492,SLS,59.0873412945996,1,0,27,3,1,4,0,0,0,1
69811,WISEA J234058.06-002319.7,23h40m58.0666s,-00d23m19.792s,355.2419442,-0.3888313,*,47.5024447418038,0.0001584511,SLS,59.1380948045471,0,0,22,4,1,4,0,0,0,1
69820,WISEA J234126.43+010842.0,23h41m26.3776s,+01d08m42.385s,355.359907,1.145107,*,3.56847954301826,1.19031665e-05,SLS,59.1411368121996,0,0,21,4,1,4,0,0,0,1
69960,SDSS J234550.10-002934.1,23h45m50.1019s,-00d29m34.179s,356.4587579392,-0.4928276516,G,179896.46027206,0.60007,SLS,59.2036621604112,2,0,15,1,1,4,0,0,0,1
70062,WISEA J234712.47+004556.4,23h47m12.4759s,+00d45m56.488s,356.801983,0.7656912,*,2.51949434036285,8.4041285e-06,SLS,59.246030756084,0,0,23,4,1,4,0,0,0,1
70076,WISEA J234734.51+002757.6,23h47m34.4918s,+00d27m57.347s,356.8937162215,0.4659297326,G,139775.23561792,0.46624,SLS,59.2535914530193,2,0,35,4,1,4,0,0,0,1
70083,WISEA J234654.78+005330.6,23h46m54.7849s,+00d53m30.656s,356.7282704,0.8918491,G,28158.5102689794,0.09392668,SLS,59.2570852473994,1,0,40,6,1,4,0,0,0,1
70134,WISEA J234238.30-003724.3,23h42m38.3079s,-00d37m24.367s,355.6596166,-0.6234354,QSO,541167.957219036,1.805142,SLS,59.277465166809,24,0,28,9,12,4,0,1,0,1
70186,WISEA J234229.34-003647.6,23h42m29.3498s,-00d36m47.686s,355.6222911,-0.6132461,G,20790.5320141855,0.06934975,SLS,59.3122404525875,12,0,79,9,6,10,0,0,1,1
70191,WISEA J233944.45+002734.6,23h39m44.4558s,+00d27m34.691s,354.9352328,0.4596366,*,17.2713726774989,5.7611098e-05,SLS,59.3152255744291,0,0,23,4,1,4,0,0,0,1
70261,WISEA J234011.29+004816.2,23h40m11.2999s,+00d48m16.230s,355.0470833,0.8045085,G,196924.67188646,0.65687,SLS,59.3452041610344,2,0,31,3,1,4,0,0,0,1
70274,WISEA J234612.91-002528.4,23h46m12.9264s,-00d25m29.110s,356.55386,-0.42475301,G,42862.1791308407,0.14297284,SLS,59.3519357100474,1,0,32,5,1,4,0,0,0,1
70328,WISEA J234629.72+010117.5,23h46m29.7264s,+01d01m18.339s,356.62386,1.021761,*,69.3350193649023,0.00023127673,SLS,59.3726324905151,0,0,20,4,1,4,0,0,0,1
70446,WISEA J233951.02+003607.4,23h39m51.0266s,+00d36m07.442s,354.9626109,0.6020673,G,55866.1596624481,0.18634945,SLS,59.437706223243,9,0,63,7,6,10,0,0,1,1
70449,WISEA J234727.20+000231.9,23h47m27.1390s,+00d02m31.819s,356.86307916667,0.04217194444,G,122279.34776904,0.40788,SLS,59.4387244656363,2,0,16,3,1,0,0,0,0,1
70472,SDSS J234702.90-001101.4,23h47m02.9059s,-00d11m01.435s,356.7621081617,-0.1837320575,G,288190.4898754,0.9613,SLS,59.4471977642734,2,0,19,2,1,4,0,0,0,1
70528,SDSS J234140.20-003134.4,23h41m40.2044s,-00d31m34.495s,355.4175183261,-0.5262488373,G,166687.60457258,0.55601,SLS,59.472295374973,2,0,23,3,1,4,0,0,0,1
70605,WIG S00J234613377+01051730,23h46m13.3771s,+01d05m17.300s,356.55573791667,1.08813888889,G,170264.12859652,0.56794,SLS,59.5015571619791,2,0,0,1,1,0,0,0,0,1
70636,WISEA J234122.04+010825.0,23h41m22.0560s,+01d08m24.738s,355.3419,1.140205,G,25204.7526128543,0.084074005,SLS,59.5163741101764,3,0,35,6,2,4,0,0,0,1
70657,WISEA J234528.46-003306.0,23h45m28.4699s,-00d33m06.012s,356.3686249,-0.5516702,G,139187.252670045,0.4642787,SLS,59.5242769825254,5,0,27,3,1,4,0,0,0,1
70662,WISEA J234121.26-002834.6,23h41m21.2467s,-00d28m34.708s,355.3385281083,-0.4763078294,G,145018.60570834,0.48373,SLS,59.5262643664082,2,0,31,3,1,4,0,0,0,1
70705,WISEA J233951.19+000302.6,23h39m51.1954s,+00d03m02.606s,354.9633145,0.0507239,G,81955.5593468786,0.27337432,SLS,59.5467233014891,4,0,53,6,4,8,0,0,0,1
70759,WISEA J234629.19-002201.3,23h46m29.1715s,-00d22m01.613s,356.6215480055,-0.3671148932,G,253486.51493732,0.84554,SLS,59.5708777499288,3,0,31,3,1,4,0,0,0,1
70819,SDSS J234723.40+004027.0,23h47m23.4047s,+00d40m27.033s,356.8475195653,0.6741760561,G,164406.1839672,0.5484,SLS,59.5975724125233,2,0,23,3,1,4,0,0,0,1
70850,SDSS J233947.11+003300.0,23h39m47.1193s,+00d33m00.095s,354.9463307114,0.5500266134,G,267957.49688498,0.89381,SLS,59.6122424614748,2,0,15,1,1,4,0,0,0,1
70997,WISEA J234729.24+003615.6,23h47m29.2063s,+00d36m16.475s,356.8716931988,0.6045764957,G,184429.32223702,0.61519,SLS,59.6792700565334,2,0,31,3,1,4,0,0,0,1
71250,WISEA J234109.37-002639.0,23h41m09.3840s,-00d26m39.505s,355.2891,-0.444307,*,37.6222386661402,0.00012549428,SLS,59.7929022733385,0,0,17,3,1,4,0,0,0,1
71301,WISEA J234527.96-003329.8,23h45m27.9048s,-00d33m29.977s,356.36627,-0.558327,G,14975.1803983358,0.049951825,SLS,59.8158176294379,3,0,36,7,2,4,0,0,0,1
71396,WISEA J234223.80-003654.8,23h42m23.8003s,-00d36m54.820s,355.5991679,-0.6152279,G,10793.9351142129,0.036004692,SLS,59.8510816183399,2,0,36,6,1,4,0,0,0,1
71408,WISEA J234351.30-003956.1,23h43m51.3097s,-00d39m56.190s,355.9637906,-0.6656084,G,105765.229255392,0.35279483,SLS,59.8569123276186,2,0,33,4,1,4,0,0,0,1
71419,WISEA J233959.36+004317.5,23h39m59.3659s,+00d43m17.230s,354.99735791667,0.72145277778,G,254658.7034481,0.84945,SLS,59.8600655272336,2,0,12,2,1,0,0,0,0,1
71428,SDSS J234732.14+000527.7,23h47m32.1408s,+00d05m27.768s,356.88392,0.091046754,*,44.2943776404441,0.00014775014,SLS,59.8643173120734,0,0,5,2,1,4,0,0,0,1
71462,SDSS J234223.91-003657.0,23h42m23.9160s,-00d36m57.070s,355.59965,-0.615853,G,10796.6971021285,0.036013905,SLS,59.8774953133484,1,0,0,2,2,0,0,0,0,1
71550,WISEA J233940.09+002121.0,23h39m40.0962s,+00d21m21.057s,354.9170675,0.3558494,G,20379.7563882339,0.06797955,SLS,59.9186725354211,15,0,74,12,7,10,0,0,1,1
71582,WISEA J233955.16+004050.2,23h39m55.1423s,+00d40m50.180s,354.9797599227,0.6806055931,G,141594.97583798,0.47231,SLS,59.9316548863341,2,0,35,4,1,4,0,0,0,1
71599,WISEA J234040.13+005934.1,23h40m40.1330s,+00d59m34.192s,355.167221,0.9928312,G,25167.8151841041,0.083950795,SLS,59.9386758907288,8,0,56,8,5,8,0,0,0,1
71610,SDSS J234644.27-001824.8,23h46m44.2734s,-00d18m24.803s,356.6844728384,-0.3068899027,G,213497.1989647,0.71215,SLS,59.9439426686473,2,0,18,2,1,4,0,0,0,1
71653,WISEA J233939.85+001938.4,23h39m39.8544s,+00d19m38.094s,354.91606,0.32724842,QSO,852021.827562616,2.8420389,SLS,59.9607929978673,31,0,20,11,15,4,0,1,0,1
1820,SDSS J234352.56+002733.1,23h43m52.5768s,+00d27m33.015s,355.96907,0.459171,*,28.7872380098216,9.602389e-05,SLS,8.3460636901802,0,0,13,5,2,4,0,0,0,2
2603,SDSS J234342.03+003027.1,23h43m42.0360s,+00d30m27.215s,355.92515,0.50755987,*,13.6406563700961,4.5500332e-05,SLS,10.6196613078287,0,0,5,2,1,4,0,0,0,2
3439,NGC 7739,23h44m30.1053s,+00d19m13.926s,356.1254388,0.3205352,G,6604.99999999999,0.0220319084878379,SLS,12.6162681812209,42,1,87,27,19,10,1,3,7,2
5034,WISEA J234242.41+002556.0,23h42m42.4189s,+00d25m56.056s,355.6767455,0.4322379,QSO,375125.865767022,1.2512852,SLS,15.5588964788762,41,0,48,17,28,8,0,1,0,2
5201,SDSS J234355.14+000431.2,23h43m55.1424s,+00d04m31.217s,355.97976,0.075338105,G,7982.02156145836,0.026625158,SLS,15.8083578630998,6,0,10,7,2,0,0,0,0,2
5571,WISEA J234444.12+002259.4,23h44m44.1220s,+00d22m59.400s,356.1838417,0.3831669,G,27933.1472845271,0.09317495,SLS,16.408440579796,7,0,56,8,5,8,0,0,0,2
5759,WISEA J234338.26+000307.9,23h43m38.2620s,+00d03m07.943s,355.9094252,0.0522066,QSO,135388.531470009,0.45160753,SLS,16.7214687123236,22,0,27,12,15,4,0,0,0,2
5817,WISEA J234232.41+002017.7,23h42m32.4312s,+00d20m17.294s,355.63513,0.33813725,QSO,525880.9402007,1.75415,SLS,16.8226184686094,24,0,27,10,13,4,0,1,0,2
6338,LSBC F894-05,23h44m22.2025s,+00d05m47.202s,356.0925104,0.0964452,G,6632.99999999999,0.0221253064344934,SLS,17.6260692464052,38,0,76,23,17,10,0,2,2,2
6563,WISEA J234348.39+000203.1,23h43m48.3939s,+00d02m03.102s,355.9516413,0.034195,QSO,543794.648798295,1.8139037,SLS,17.9305173963133,29,0,28,13,15,4,0,1,0,2
6567,WISEA J234451.40+002035.9,23h44m51.4024s,+00d20m35.923s,356.214177,0.343312,G,31584.8502631598,0.10535572,SLS,17.9409435329321,10,0,62,10,7,8,0,0,0,2
6848,WISEA J234237.77+000957.6,23h42m37.7728s,+00d09m57.613s,355.657387,0.1660036,*,39.2316444976674,0.00013086268,SLS,18.3708613798496,0,0,26,6,2,4,0,0,0,2
6907,WISEA J234231.81+002709.0,23h42m31.8187s,+00d27m09.047s,355.632578,0.4525131,QSO,312732.100072196,1.043162,SLS,18.4737525397298,46,0,51,17,26,8,0,1,0,2
7078,WISEA J234454.69+002001.5,23h44m54.6592s,+00d20m02.140s,356.227747,0.333928,*,4.46021955425448,1.4877691e-05,SLS,18.7404285492871,0,0,27,6,2,4,0,0,0,2
7357,FBQS J2344+0038,23h44m03.1139s,+00d38m04.319s,356.0129747,0.6345333,QSO,370897.203209194,1.2371799,SLS,19.1390175234819,52,0,63,23,30,6,0,1,0,2
7953,WISEA J234253.90+003613.3,23h42m53.9047s,+00d36m13.357s,355.7246033,0.6037105,G,64380.5622641815,0.21475044,SLS,19.9782135830808,7,0,60,11,8,8,0,0,0,2
8702,WISEA J234450.27+000835.8,23h44m50.2800s,+00d08m36.304s,356.2095,0.143418,QSO,606266.780241641,2.0222883,SLS,20.9234028104445,21,0,27,8,11,4,0,1,0,2
8730,WISEA J234220.70+002652.4,23h42m20.7006s,+00d26m52.436s,355.5862528,0.4478991,G,27902.3106322972,0.09307209,SLS,20.9612349880157,6,0,56,10,7,8,0,0,0,2
9452,2MASX J23432826-0001485,23h43m28.2758s,-00d01m48.622s,355.867816,-0.030173,G,11029.2131346287,0.036789495,SLS,21.8478586403647,22,0,62,9,8,10,0,1,1,2
9456,WISEA J234231.05+000618.3,23h42m31.0597s,+00d06m18.310s,355.6294158,0.1050863,QSO,391544.419438833,1.3060516,SLS,21.8614915420545,50,0,51,22,31,8,0,1,0,2
9481,WISEA J234446.20+003405.3,23h44m46.2072s,+00d34m05.440s,356.19253,0.56817783,QSO,697060.874797918,2.3251448,SLS,21.8913195716017,38,0,19,14,19,4,0,1,0,2
10763,WISEA J234512.82+002105.1,23h45m12.8238s,+00d21m05.134s,356.3034327,0.3514262,G,106094.473324466,0.35389307,SLS,23.3133180167151,5,0,48,6,5,8,0,0,0,2
11338,WISEA J234356.05-000344.2,23h43m56.0555s,-00d03m44.201s,355.9835646,-0.0622783,G,20858.0122985567,0.06957484,SLS,23.938486007506,7,0,21,6,2,0,0,0,0,2
11394,SDSS J234403.21+004307.0,23h44m03.2184s,+00d43m07.038s,356.01341,0.71862167,WD*,11.7888491495585,3.9323368e-05,SLS,23.9986241891656,1,0,13,6,3,4,0,0,0,2
12110,WISEA J234313.19-000359.6,23h43m13.1808s,-00d04m00.037s,355.80492,-0.066677088,G,59450.0196078354,0.19830392,SLS,24.7549211067585,1,0,35,6,2,4,0,0,0,2
13039,UM 172 NED01,23h42m26.9299s,+00d37m57.864s,355.612208,0.63274,HII,18010.9933487628,0.060078207,SLS,25.6724551367263,8,0,21,4,3,4,0,0,1,2
13629,WISEA J234209.41+000632.9,23h42m09.3888s,+00d06m32.940s,355.53912,0.10915013,QSO,700858.615676617,2.3378127,SLS,26.2042958123868,31,0,19,8,14,4,0,1,0,2
13880,WISEA J234519.55+002832.8,23h45m19.5584s,+00d28m32.849s,356.3314937,0.4757914,G,136893.324723317,0.45662698,SLS,26.4357251387944,5,0,52,6,4,8,0,0,0,2
14577,WISEA J234216.73+000224.2,23h42m16.7340s,+00d02m24.205s,355.5697252,0.040057,QSO,55450.2905626351,0.18496226,SLS,27.1032634133638,16,0,52,10,11,8,0,1,0,2
15030,WISEA J234429.90+004419.5,23h44m29.9085s,+00d44m19.578s,356.1246191,0.7387717,G,11141.0354216703,0.037162494,SLS,27.5069341985619,12,0,57,10,6,8,0,0,0,2
15997,WISEA J234147.26+001551.9,23h41m47.2680s,+00d15m51.978s,355.44695,0.26443847,QSO,1186141.66121496,3.9565427,SLS,28.388515856345,41,0,40,14,26,8,0,3,0,2
16546,WISEA J234425.47-000640.5,23h44m25.4757s,-00d06m40.534s,356.1061489,-0.1112596,*,6.10595873272899,2.0367286e-05,SLS,28.8889040455984,0,0,23,5,2,4,0,0,0,2
16547,WISEA J234512.56+000239.8,23h45m12.5760s,+00d02m39.628s,356.3024,0.044341137,G,24350.6825732394,0.081225134,SLS,28.8893622778702,6,0,56,10,7,8,0,0,0,2
16574,WISEA J234417.70+004709.0,23h44m17.7093s,+00d47m09.000s,356.0737891,0.7858335,G,14957.3247595374,0.049892265,SLS,28.906333977714,1,0,21,6,2,0,0,0,0,2
17383,WISEA J234536.36+001456.8,23h45m36.3677s,+00d14m56.835s,356.4015323,0.249121,G,37480.2089912382,0.12502052,SLS,29.5757575087853,1,0,42,8,2,4,0,0,0,2
17922,2MASS J23453376+0029112,23h45m33.7680s,+00d29m11.274s,356.3907,0.486465,G,34959.0725376866,0.116610914,SLS,30.0062330697428,10,0,40,7,8,8,0,0,0,2
19215,WISEA J234220.13+004343.5,23h42m20.1377s,+00d43m43.507s,355.5839071,0.7287522,QSO,494331.111692484,1.6489111,SLS,31.0744473619852,20,0,22,10,13,4,0,0,0,2
19422,WISEA J234532.12+000615.0,23h45m32.1300s,+00d06m14.600s,356.383875,0.10405555556,G,37197.6965705173,0.12407816,SLS,31.2275639944515,5,0,32,6,6,4,0,0,0,2
21732,WISEA J234550.39+001535.4,23h45m50.3959s,+00d15m35.432s,356.4599833,0.2598424,G,82276.3792478827,0.27444446,SLS,32.9500359780144,4,0,34,8,6,4,0,0,0,2
22568,WISEA J234326.74+005318.1,23h43m26.7624s,+00d53m18.578s,355.86151,0.888494,*,1.30464491312077,4.351827e-06,SLS,33.6155849076416,0,0,21,5,2,4,0,0,0,2
23380,WISEA J234123.85+002405.4,23h41m23.8541s,+00d24m05.444s,355.3493922,0.4015123,G,230495.970959724,0.7688518,SLS,34.2245181103041,3,0,27,5,3,4,0,0,0,2
23618,WISEA J234139.90+003644.2,23h41m39.9077s,+00d36m44.204s,355.4162822,0.6122791,QSO,306757.835969172,1.023234,SLS,34.380025711333,34,0,37,12,22,8,0,1,0,2
23998,WISEA J234356.70-001432.5,23h43m56.7044s,-00d14m32.509s,355.9862684,-0.2423637,G,55950.1045486127,0.18662946,SLS,34.653559546055,5,0,56,9,6,8,0,0,0,2
24286,WISEA J234515.66-000526.3,23h45m15.6627s,-00d05m26.392s,356.3152615,-0.0906647,G,190200.32705352,0.63444,SLS,34.8586634045777,4,0,35,5,3,4,0,0,0,2
25358,WISEA J234318.60-001521.2,23h43m18.6031s,-00d15m21.295s,355.827513,-0.2559154,G,98825.6664147785,0.32964694,SLS,35.597805894886,5,0,26,6,3,4,0,0,0,2
26506,WISEA J234325.94+005604.8,23h43m25.9800s,+00d56m05.300s,355.85825,0.93480555556,G,67084.7022270398,0.22377048,SLS,36.4002763682368,6,0,37,8,6,4,0,0,0,2
27217,WISEA J234131.09+003748.9,23h41m31.0962s,+00d37m48.922s,355.3795675,0.6302562,G,11.9924669878623,4.0002564e-05,SLS,36.8288317725278,1,0,32,9,3,4,0,0,0,2
28240,SDSS J234134.32+004030.9,23h41m34.3704s,+00d40m30.903s,355.39321,0.67525099,QSO,585726.769794984,1.9537742,SLS,37.5324537242893,21,0,17,7,11,4,0,1,0,2
28765,WISEA J234600.11+000538.8,23h46m00.1146s,+00d05m38.832s,356.5004777,0.0941201,*,43.9468941982255,0.00014659106,SLS,37.8677703213517,0,0,29,7,2,4,0,0,0,2
28804,WISEA J234415.32-001659.0,23h44m15.3290s,-00d16m59.035s,356.0638711,-0.2830653,G,21089.4250948115,0.07034675,SLS,37.8955962224625,9,0,51,8,4,6,0,0,1,2
28849,2MASX J23451896-0008496,23h45m18.9549s,-00d08m49.372s,356.328979,-0.147048,G,11086.6107990525,0.036980953,SLS,37.9190030816928,20,0,65,12,11,10,1,0,1,2
30054,WISEA J234513.44-001055.3,23h45m13.4440s,-00d10m55.362s,356.306017,-0.1820452,G,23811.6605304347,0.07942715,SLS,38.68077611823,16,0,71,12,8,10,0,1,1,2
30406,WISEA J234112.22+000724.9,23h41m12.2206s,+00d07m24.935s,355.3009192,0.1235933,G,10857.1268674725,0.036215477,SLS,38.9098559952746,14,0,57,12,9,8,0,0,0,2
31065,WISEA J234225.26-001447.4,23h42m25.2613s,-00d14m47.482s,355.6052558,-0.2465229,G,84753.4983739959,0.28270724,SLS,39.3235385542392,1,0,36,7,2,4,0,0,0,2
31130,WISEA J234527.50-000850.4,23h45m27.5020s,-00d08m50.418s,356.364592,-0.1473384,G,24471.701593515,0.08162881,SLS,39.3631581361294,9,0,54,8,6,8,0,0,0,2
31672,WISEA J234107.31+003058.6,23h41m07.3189s,+00d30m58.645s,355.2804956,0.5162903,G,40192.1375621553,0.13406654,SLS,39.6861145145007,1,0,35,6,2,4,0,0,0,2
33582,WISEA J234345.60-002058.9,23h43m45.5640s,-00d20m58.867s,355.93985,-0.34968537,QSO,929481.093628562,3.1004152,SLS,40.8574313385205,28,0,20,10,15,4,0,1,0,2
33991,WISEA J234239.03+005803.0,23h42m39.0381s,+00d58m03.010s,355.6626591,0.967503,G,55452.0893173831,0.18496826,SLS,41.1000331297916,6,0,58,9,6,8,0,0,0,2
34872,WISEA J234615.00+000450.1,23h46m15.0264s,+00d04m49.893s,356.56261,0.080525837,QSO,348247.91298654,1.16163,SLS,41.634426594127,24,0,28,10,13,4,0,0,0,2
35306,WISEA J234100.99+003317.0,23h41m00.9918s,+00d33m17.038s,355.2541325,0.5547328,QSO,322947.438140809,1.0772367,SLS,41.8884643964061,41,0,47,18,27,8,0,1,0,2
35347,MCG +00-60-041,23h45m04.8830s,-00d16m14.952s,356.2703459,-0.27082,G,6871.96773573099,0.022922417,SLS,41.9124953839326,41,0,87,23,19,11,0,1,2,2
35991,WISEA J234344.81-002225.5,23h43m44.8167s,-00d22m25.572s,355.9367365,-0.37377,G,54592.9650767187,0.18210253,SLS,42.295548423057,5,0,56,9,6,8,0,0,0,2
36297,WISEA J234201.81-001451.3,23h42m01.8166s,-00d14m51.324s,355.5075693,-0.2475901,G,39738.4796230114,0.1325533,SLS,42.4650647861438,9,0,57,9,6,8,0,0,0,2
36446,SDSS J234117.41-000330.3,23h41m17.4336s,-00d03m30.313s,355.32264,-0.058420265,WD*,21.8849243821145,7.300025e-05,SLS,42.5492285926399,1,0,5,3,2,3,0,0,0,2
36734,WISEA J234558.46+004445.9,23h45m58.4690s,+00d44m45.931s,356.4936212,0.7460921,G,24030.6019604367,0.08015746,SLS,42.7109573207907,13,0,71,11,10,10,0,0,1,2
36924,WISEA J234257.50+010121.6,23h42m57.5088s,+01d01m21.256s,355.73962,1.0225713,QSO,735540.22609733,2.4534981,SLS,42.8234072566102,34,0,19,13,18,4,0,1,0,2
37381,WISEA J234305.91+010204.4,23h43m05.9117s,+01d02m04.472s,355.7746324,1.0345756,G,18416.0618256915,0.06142937,SLS,43.061039084992,11,0,57,9,6,8,0,0,0,2
38468,2MASX J23453771-0012204,23h45m37.6867s,-00d12m20.343s,356.407028,-0.205651,G,14844.3692570046,0.049515486,SLS,43.6598507315308,22,0,60,11,11,10,0,0,1,2
38637,WISEA J234052.51+000652.6,23h40m52.5120s,+00d06m52.626s,355.2188003,0.1146184,G,56905.369232633,0.18981588,SLS,43.7636256768054,5,0,56,9,5,8,0,0,0,2
39730,WISEA J234213.11-001855.8,23h42m13.1170s,-00d18m55.896s,355.5546545,-0.3155267,G,20737.8464876166,0.06917401,SLS,44.4133441975883,9,0,47,10,6,4,0,0,0,2
40342,WISEA J234112.00-000528.9,23h41m12.0036s,-00d05m28.905s,355.300015,-0.0913627,G,10857.5309877058,0.036216825,SLS,44.7780628901601,11,0,31,6,4,2,0,0,1,2
40384,2MASX J23433380-0024555,23h43m33.8131s,-00d24m55.648s,355.890888,-0.415458,G,40078.9838968078,0.1336891,SLS,44.8016589610197,10,0,35,7,6,6,0,0,1,2
41090,2MASS J23453710-0014306,23h45m37.1496s,-00d14m30.300s,356.40479,-0.24175,G,14695.0138535988,0.04901729,SLS,45.1930205715326,0,0,5,2,1,0,0,0,0,2
42620,WISEA J234625.87+003942.8,23h46m25.8747s,+00d39m42.850s,356.6078114,0.661903,G,141173.536594297,0.47090423,SLS,46.0470337979817,3,0,47,5,4,8,0,0,0,2
43927,SDSS J234623.55+004225.9,23h46m23.5512s,+00d42m25.927s,356.59813,0.707202,G,6874.07347795598,0.022929441,SLS,46.7734938482349,2,0,16,5,2,4,0,0,0,2
44384,[HB89] 2342+007,23h45m06.3068s,+01d01m35.742s,356.2762784,1.0265952,QSO,538732.743082702,1.797019,SLS,47.0258373016475,57,0,47,16,24,8,0,4,0,2
44451,WISEA J234500.48-002239.6,23h45m00.4852s,-00d22m39.695s,356.2520219,-0.3776933,G,50256.1403979695,0.16763644,SLS,47.0650823086189,5,0,56,8,5,8,0,0,0,2
44901,SDSS J234031.11+001553.7,23h40m31.1160s,+00d15m53.781s,355.12965,0.26493919,*,206105.546099498,0.6874941,SLS,47.310843892399,0,0,5,3,2,4,0,0,0,2
45661,WISEA J234604.67-001108.2,23h46m04.6749s,-00d11m08.275s,356.5194788,-0.185632,G,79884.647009657,0.2664665,SLS,47.6848854610016,9,0,63,11,10,10,0,0,1,2
46159,SDSS J234529.66-001924.4,23h45m29.6808s,-00d19m24.547s,356.37367,-0.32348538,G,57757.9849790342,0.1926599,SLS,47.9297064392153,5,0,44,8,6,8,0,0,0,2
46813,WISEA J234438.99-002604.7,23h44m38.9912s,-00d26m04.741s,356.1624634,-0.4346503,QSO,169529.577115928,0.5654898,SLS,48.261650382141,28,0,56,14,18,4,2,1,0,2
47728,WISEA J234056.89+004637.6,23h40m56.8656s,+00d46m38.388s,355.23694,0.77733,*,98.6744540968879,0.00032914255,SLS,48.7310968381563,0,0,25,6,2,3,0,0,0,2
50211,WISEA J234641.29+004040.8,23h46m41.2986s,+00d40m40.880s,356.6720776,0.6780223,QSO,544543.320503658,1.816401,SLS,49.9490510620965,39,0,50,14,23,8,0,2,0,2
50374,WISEA J234209.71-002452.1,23h42m09.7608s,-00d24m51.091s,355.54067,-0.41419213,G,26700.22981553,0.08906238,SLS,50.0378383031602,3,0,36,7,2,4,0,0,0,2
50495,WISEA J234529.23+010148.7,23h45m29.2400s,+01d01m48.700s,356.37183333333,1.03019444444,G,59040.5570728498,0.1969381,SLS,50.1059357593945,6,0,41,9,6,4,0,0,0,2
50866,WISEA J234026.05+003327.0,23h40m26.0569s,+00d33m27.065s,355.1085707,0.5575181,QSO,396305.723256789,1.3219336,SLS,50.2836627026855,34,0,47,15,21,8,0,1,0,2
51143,WISEA J234134.85-001945.7,23h41m34.8566s,-00d19m45.733s,355.3952361,-0.3293705,G,52549.8105231834,0.1752873,SLS,50.4304859116781,5,0,56,9,5,8,0,0,0,2
53520,WISEA J234013.90+002326.8,23h40m13.9050s,+00d23m26.807s,355.0579377,0.3907799,G,80853.2164829634,0.2696973,SLS,51.5732871455337,1,0,36,7,2,4,0,0,0,2
55315,WISEA J234145.64-002411.7,23h41m45.6430s,-00d24m11.793s,355.4401792,-0.403276,G,20544.9450305165,0.06853056,SLS,52.4704690745705,3,0,21,8,4,0,0,0,0,2
55834,WISEA J234234.84+011001.6,23h42m34.8465s,+01d10m01.661s,355.645194,1.1671283,G,76576.6890612917,0.25543234,SLS,52.7316289045975,3,0,58,9,5,8,0,0,0,2
56704,WISEA J234111.26+005752.5,23h41m11.2614s,+00d57m52.575s,355.2969228,0.9646042,G,54638.5545158068,0.1822546,SLS,53.1312552532188,10,0,71,10,5,10,0,0,1,2
56847,SDSS J234215.35-002859.9,23h42m15.3672s,-00d28m59.983s,355.56403,-0.48332876,QSO,681123.368104214,2.271983,SLS,53.2051557062435,28,0,7,8,14,4,0,1,0,2
56854,WISEA J234140.31-002412.0,23h41m40.3134s,-00d24m12.002s,355.4179727,-0.4033339,G,20901.8269662934,0.06972099,SLS,53.2091582846926,8,0,52,8,4,6,0,0,1,2
58477,WISEA J234320.11+011338.5,23h43m20.1792s,+01d13m36.836s,355.83408,1.226899,UvES,341963.483606469,1.1406674,SLS,53.984929876226,4,0,20,5,4,4,0,0,0,2
59359,WISEA J234304.23-003350.9,23h43m04.2385s,-00d33m50.991s,355.7676606,-0.5641644,QSO,128168.006135682,0.42752245,SLS,54.4267222486194,35,0,61,13,22,8,0,1,0,2
60639,2MASX J23421311-0030445,23h42m13.1376s,-00d30m44.898s,355.55474,-0.5124718,G,10683.0592719613,0.03563485,SLS,55.0317594919523,17,0,58,11,10,10,0,0,1,2
62901,WISEA J234502.78+011152.8,23h45m02.7821s,+01d11m52.861s,356.2615924,1.198017,G,18631.6191984275,0.062148392,SLS,56.0228316208707,2,0,37,6,2,4,0,0,0,2
62967,WISEA J234720.41+002940.1,23h47m20.4197s,+00d29m40.158s,356.8350822,0.4944884,G,82035.6878750528,0.2736416,SLS,56.0453749176579,6,0,38,7,6,4,0,0,0,2
64219,WISEA J234702.97-000507.6,23h47m02.9704s,-00d05m07.658s,356.7623768,-0.0854607,G,79582.6240957695,0.26545906,SLS,56.6241034862725,5,0,54,10,8,8,0,0,0,2
64372,[HB89] 2340+009,23h42m53.5824s,+01d15m21.175s,355.72326,1.255882,QSO,701003.985039501,2.3382976,SLS,56.6875004711701,49,0,43,17,25,8,0,2,0,2
65884,WISEA J234110.28-002341.4,23h41m10.2800s,-00d23m41.407s,355.2928335,-0.3948353,QSO,299575.018530213,0.9992747,SLS,57.3682645729771,41,0,54,15,24,8,0,1,0,2
65926,WISEA J234636.50+005627.3,23h46m36.5070s,+00d56m27.375s,356.6521125,0.9409375,G,91466.1393093756,0.3050982,SLS,57.3894892086188,3,0,55,7,5,8,0,0,0,2
67851,WISEA J234658.84+005005.0,23h46m58.8486s,+00d50m05.036s,356.7452025,0.8347324,G,121316.843097159,0.40466943,SLS,58.2458551092631,3,0,47,5,4,8,0,0,0,2
68990,WISEA J233948.40+000925.6,23h39m48.4057s,+00d09m25.622s,354.9516905,0.1571174,G,18135.4440933051,0.06049333,SLS,58.7549113856574,1,0,28,5,2,4,0,0,0,2
69115,WISEA J234413.92-003820.0,23h44m13.9203s,-00d38m20.097s,356.0580014,-0.6389159,G,54470.2870049806,0.18169332,SLS,58.8105104980074,6,0,56,9,5,8,0,0,0,2
69200,SDSS J234730.84+003100.9,23h47m30.8496s,+00d31m01.037s,356.87854,0.51695486,QSO,247753.104095053,0.8264154,SLS,58.8549635827076,38,0,32,11,23,8,0,1,0,2
70003,WISEA J233943.65+001452.7,23h39m43.6579s,+00d14m52.750s,354.931908,0.2479862,*,8.11212189487171,2.7059126e-05,SLS,59.2187527442416,0,0,31,7,2,4,0,0,0,2
70681,WISEA J234406.39-003918.7,23h44m06.3920s,-00d39m18.727s,356.0266334,-0.6552022,G,35280.589755948,0.11768338,SLS,59.5372611198773,15,0,71,11,10,10,0,0,1,2
71212,WISEA J234336.16-003954.9,23h43m36.1633s,-00d39m54.982s,355.9006806,-0.6652729,QSO,534808.909496169,1.7839305,SLS,59.7729135377347,40,0,53,15,25,8,0,2,0,2
29,WISEA J234340.72+002030.1,23h43m40.7259s,+00d20m30.133s,355.9196915,0.3417036,G,78234.1995906296,0.2609612,SLS,0.700836932028621,16,0,52,15,10,4,0,1,0,3
10824,UM 173,23h43m26.6048s,-00d03m17.314s,355.8608536,-0.0548097,QSO,184342.082631742,0.614899,SLS,23.3690290174622,59,0,63,18,27,8,0,1,0,3
12879,WISEA J234158.02+001732.1,23h41m58.0215s,+00d17m32.119s,355.4917565,0.2922554,QSO,321897.475015155,1.0737344,SLS,25.5243994300764,36,0,47,15,24,8,0,1,0,3
15334,SDSS J234315.84+004659.6,23h43m15.8856s,+00d46m59.639s,355.81619,0.78323328,QSO,833098.178132511,2.7789164,SLS,27.7891763930237,43,0,29,15,24,8,0,4,0,3
16741,WISEA J234159.03+003420.8,23h41m59.0318s,+00d34m20.853s,355.4959659,0.5724593,QSO,715104.993114743,2.3853335,SLS,29.0433966973129,43,0,45,19,25,8,0,2,0,3
17463,CGCG 381-035,23h44m13.6291s,+00d48m14.168s,356.0567879,0.8039357,G,14883.4777827356,0.049645938,SLS,29.6262489081746,39,0,46,19,17,2,0,1,2,3
18143,2MASX J23444633-0005203,23h44m46.3380s,-00d05m20.540s,356.193075,-0.089039,G,80693.5410239834,0.26916468,SLS,30.2024932501582,5,0,50,8,8,10,0,0,1,3
21035,WISEA J234149.90+000231.7,23h41m49.9034s,+00d02m31.775s,355.4579312,0.0421598,G,38309.37197365,0.12778631,SLS,32.4567636881151,11,0,71,14,11,10,0,0,1,3
22353,WISEA J234143.81+000309.5,23h41m43.8149s,+00d03m09.540s,355.4325621,0.0526502,QSO,720306.692053501,2.4026845,SLS,33.4351988539169,35,0,20,15,20,4,0,1,0,3
23269,2MASX J23415822-0003008,23h41m58.1973s,-00d03m00.223s,355.492489,-0.050062,G,11104.6106380233,0.037040994,SLS,34.1498199892912,19,0,59,12,11,10,0,1,1,3
27543,WISEA J234442.95-001339.3,23h44m42.9555s,-00d13m39.383s,356.1789814,-0.2276066,QSO,405374.535049026,1.3521839,SLS,37.0507146306701,47,0,59,22,28,8,0,1,0,3
30066,WISEA J234108.53+001133.6,23h41m08.5321s,+00d11m33.640s,355.2855504,0.192678,G,44500.4879532437,0.14843765,SLS,38.689991927298,4,0,56,10,7,8,0,0,0,3
30882,WISEA J234237.61-001610.1,23h42m37.6136s,-00d16m10.184s,355.6567235,-0.2694958,G,40191.2201972338,0.13406348,SLS,39.2216727890035,9,0,62,11,7,8,0,0,0,3
31968,WISEA J234310.74-001920.9,23h43m10.7481s,-00d19m20.918s,355.7947838,-0.3224774,G,39823.8695088235,0.13283813,SLS,39.8612759061368,5,0,56,10,7,8,0,0,0,3
32383,WISEA J234314.98-001948.0,23h43m14.9855s,-00d19m48.048s,355.8124396,-0.3300135,G,73388.9808657548,0.24479929,SLS,40.1293118335319,5,0,56,10,7,8,0,0,0,3
36885,WISEA J234604.33+004245.5,23h46m04.3390s,+00d42m45.502s,356.5180792,0.7126396,*,42.8667089948811,0.00014298795,SLS,42.804303295523,0,0,31,8,3,3,0,0,0,3
38509,WISEA J234351.72-002343.8,23h43m51.7226s,-00d23m43.823s,355.9655112,-0.3955066,QSO,447295.77357949,1.4920181,SLS,43.6839203118982,37,0,55,17,27,8,0,1,0,3
44512,SDSS J234623.71+004300.9,23h46m23.7240s,+00d43m01.014s,356.59885,0.71694845,QSO,856488.945041537,2.8569396,SLS,47.0961887166782,46,0,31,15,26,8,0,2,0,3
46797,WISEA J234031.05+000938.5,23h40m31.0592s,+00d09m38.588s,355.1294134,0.1607189,G,28038.125609545,0.09352512,SLS,48.2516452291856,11,0,47,12,8,4,0,0,0,3
54456,WISEA J234055.35-001204.4,23h40m55.3527s,-00d12m04.450s,355.2306364,-0.2012363,G,55609.0636463165,0.18549187,SLS,52.0313845742067,4,0,57,10,6,8,0,0,0,3
55576,WISEA J234610.82+005628.0,23h46m10.8296s,+00d56m28.006s,356.5451237,0.941113,*,15.0483882176172,5.019602e-05,SLS,52.6128397635961,0,0,29,8,3,4,0,0,0,3
62372,WISEA J234221.21-003223.9,23h42m21.2193s,-00d32m23.960s,355.5884138,-0.539989,QSO,296970.259767181,0.99058616,SLS,55.8116103210795,21,0,25,13,14,4,0,0,0,3
65743,WISEA J234022.63-000925.1,23h40m22.6345s,-00d09m25.139s,355.0943106,-0.1569831,G,10867.2718442512,0.036249317,SLS,57.3046902955989,25,0,72,17,14,10,0,1,1,3
3352,NGC 7738,23h44m02.0410s,+00d31m00.018s,356.0085044,0.5166717,G,6748.15434995436,0.02250942,SLS,12.4708747122874,111,2,83,37,35,11,1,8,8,4
